Date,Year,Month,Day,DayOfWeek,MH_171C_MWh,MH_171DP1_MWh,MH_171DP2_MWh,MH_431_MWh,Primary_Energy_MWh,Specific_Yield_Psh
2020-12-01,2020,12,1,Tuesday,,,,,,
2020-12-02,2020,12,2,Wednesday,,,,,,
2020-12-03,2020,12,3,Thursday,,,,,,
2020-12-04,2020,12,4,Friday,,,,,,
2020-12-05,2020,12,5,Saturday,,,,,,
2020-12-06,2020,12,6,Sunday,,,,,,
2020-12-07,2020,12,7,Monday,,,,,,
2020-12-08,2020,12,8,Tuesday,,,,,,
2020-12-09,2020,12,9,Wednesday,,,,,,
2020-12-10,2020,12,10,Thursday,,,,,,
2020-12-11,2020,12,11,Friday,3.96,3.97,3.99,4.07,3.96,0.079
2020-12-12,2020,12,12,Saturday,114.82,115.05,115.55,116.23,114.82,2.296
2020-12-13,2020,12,13,Sunday,98.75,98.97,99.48,100.13,98.75,1.975
2020-12-14,2020,12,14,Monday,103.74,104.0,104.55,105.25,103.74,2.075
2020-12-15,2020,12,15,Tuesday,166.37,166.71,167.51,168.46,166.37,3.327
2020-12-16,2020,12,16,Wednesday,105.12,105.31,105.65,106.28,105.12,2.102
2020-12-17,2020,12,17,Thursday,132.6,132.85,133.33,134.1,132.6,2.652
2020-12-18,2020,12,18,Friday,90.63,90.8,91.06,91.64,90.63,1.813
2020-12-19,2020,12,19,Saturday,35.31,35.37,35.44,35.8,35.31,0.706
2020-12-20,2020,12,20,Sunday,37.33,37.4,37.46,37.82,37.33,0.747
2020-12-21,2020,12,21,Monday,67.45,67.54,67.72,68.23,67.45,1.349
2020-12-22,2020,12,22,Tuesday,119.89,120.1,120.44,121.12,119.89,2.398
2020-12-23,2020,12,23,Wednesday,114.92,115.12,115.46,116.14,114.92,2.298
2020-12-24,2020,12,24,Thursday,103.31,103.49,103.81,104.45,103.31,2.066
2020-12-25,2020,12,25,Friday,85.08,85.23,85.44,85.99,85.08,1.702
2020-12-26,2020,12,26,Saturday,122.34,122.55,122.97,123.72,122.34,2.447
2020-12-27,2020,12,27,Sunday,143.53,143.78,144.3,145.15,143.53,2.871
2020-12-28,2020,12,28,Monday,174.89,175.19,175.89,176.92,174.89,3.498
2020-12-29,2020,12,29,Tuesday,217.14,217.52,218.59,219.89,217.14,4.343
2020-12-30,2020,12,30,Wednesday,134.89,135.12,135.6,136.42,134.89,2.698
2020-12-31,2020,12,31,Thursday,,,,,,
2021-01-01,2021,1,1,Friday,20.74,20.77,20.8,20.98,20.74,0.415
2021-01-02,2021,1,2,Saturday,47.92,47.99,48.09,48.43,47.92,0.958
2021-01-03,2021,1,3,Sunday,68.41,68.53,68.65,69.14,68.41,1.368
2021-01-04,2021,1,4,Monday,32.39,32.45,32.5,32.86,32.39,0.648
2021-01-05,2021,1,5,Tuesday,96.8,96.96,97.23,97.86,96.8,1.936
2021-01-06,2021,1,6,Wednesday,61.53,61.64,61.79,62.27,61.53,1.231
2021-01-07,2021,1,7,Thursday,165.56,165.84,166.57,167.59,165.56,3.311
2021-01-08,2021,1,8,Friday,80.38,80.52,80.75,81.32,80.38,1.608
2021-01-09,2021,1,9,Saturday,152.48,152.73,153.37,154.3,152.48,3.05
2021-01-10,2021,1,10,Sunday,111.37,111.55,111.87,112.55,111.37,2.227
2021-01-11,2021,1,11,Monday,127.36,127.56,127.97,128.73,127.36,2.547
2021-01-12,2021,1,12,Tuesday,85.76,85.89,86.07,86.64,85.76,1.715
2021-01-13,2021,1,13,Wednesday,67.33,67.44,67.55,68.03,67.33,1.347
2021-01-14,2021,1,14,Thursday,140.6,140.82,141.33,142.2,140.6,2.812
2021-01-15,2021,1,15,Friday,179.08,179.37,180.07,181.11,179.08,3.582
2021-01-16,2021,1,16,Saturday,221.81,222.18,223.21,224.53,221.81,4.436
2021-01-17,2021,1,17,Sunday,120.95,121.16,121.56,122.3,120.95,2.419
2021-01-18,2021,1,18,Monday,155.85,156.11,156.68,157.6,155.85,3.117
2021-01-19,2021,1,19,Tuesday,67.93,68.05,68.15,68.64,67.93,1.359
2021-01-20,2021,1,20,Wednesday,97.98,98.15,98.38,99.01,97.98,1.96
2021-01-21,2021,1,21,Thursday,142.88,143.14,143.7,144.57,142.88,2.858
2021-01-22,2021,1,22,Friday,197.97,198.31,199.31,200.56,197.97,3.959
2021-01-23,2021,1,23,Saturday,152.04,152.3,152.82,153.72,152.04,3.041
2021-01-24,2021,1,24,Sunday,193.22,193.55,194.45,195.6,193.22,3.864
2021-01-25,2021,1,25,Monday,233.89,234.27,235.43,236.82,233.89,4.678
2021-01-26,2021,1,26,Tuesday,210.07,210.42,211.39,212.63,210.07,4.201
2021-01-27,2021,1,27,Wednesday,81.18,81.32,81.55,82.1,81.18,1.624
2021-01-28,2021,1,28,Thursday,148.06,148.31,148.87,149.76,148.06,2.961
2021-01-29,2021,1,29,Friday,150.62,150.87,151.39,152.28,150.62,3.012
2021-01-30,2021,1,30,Saturday,151.06,151.32,151.85,152.73,151.06,3.021
2021-01-31,2021,1,31,Sunday,151.99,152.25,152.76,153.64,151.99,3.04
2021-02-01,2021,2,1,Monday,189.0,189.32,190.06,191.13,189.0,3.78
2021-02-02,2021,2,2,Tuesday,178.09,178.41,179.11,180.13,178.09,3.562
2021-02-03,2021,2,3,Wednesday,157.52,157.81,158.3,159.21,157.52,3.15
2021-02-04,2021,2,4,Thursday,179.81,180.12,180.82,181.87,179.81,3.596
2021-02-05,2021,2,5,Friday,196.5,196.84,197.77,198.94,196.5,3.93
2021-02-06,2021,2,6,Saturday,129.31,129.52,129.92,130.69,129.31,2.586
2021-02-07,2021,2,7,Sunday,153.33,153.6,154.1,155.0,153.33,3.067
2021-02-08,2021,2,8,Monday,204.65,205.0,205.92,207.13,204.65,4.093
2021-02-09,2021,2,9,Tuesday,105.06,105.23,105.52,106.18,105.06,2.101
2021-02-10,2021,2,10,Wednesday,77.33,77.46,77.63,78.16,77.33,1.547
2021-02-11,2021,2,11,Thursday,173.87,174.12,174.82,175.86,173.87,3.477
2021-02-12,2021,2,12,Friday,122.4,122.54,122.97,123.76,122.4,2.448
2021-02-13,2021,2,13,Saturday,101.3,101.45,101.69,102.34,101.3,2.026
2021-02-14,2021,2,14,Sunday,125.84,125.97,126.43,127.29,125.84,2.517
2021-02-15,2021,2,15,Monday,134.53,134.69,135.12,135.98,134.53,2.691
2021-02-16,2021,2,16,Tuesday,170.64,170.84,171.59,172.68,170.64,3.413
2021-02-17,2021,2,17,Wednesday,216.82,217.15,218.07,219.36,216.82,4.336
2021-02-18,2021,2,18,Thursday,190.97,191.3,192.07,193.17,190.97,3.819
2021-02-19,2021,2,19,Friday,168.97,169.26,169.9,170.91,168.97,3.379
2021-02-20,2021,2,20,Saturday,204.36,204.7,205.56,206.78,204.36,4.087
2021-02-21,2021,2,21,Sunday,161.07,161.35,161.83,162.78,161.07,3.221
2021-02-22,2021,2,22,Monday,235.58,235.97,237.06,238.46,235.58,4.712
2021-02-23,2021,2,23,Tuesday,246.14,246.55,247.67,249.14,246.14,4.923
2021-02-24,2021,2,24,Wednesday,233.43,233.83,234.88,236.26,233.43,4.669
2021-02-25,2021,2,25,Thursday,233.55,233.95,235.0,236.4,233.55,4.671
2021-02-26,2021,2,26,Friday,229.03,229.43,230.45,231.82,229.03,4.581
2021-02-27,2021,2,27,Saturday,187.57,187.9,188.6,189.68,187.57,3.751
2021-02-28,2021,2,28,Sunday,181.55,181.87,182.56,183.64,181.55,3.631
2021-03-01,2021,3,1,Monday,150.88,151.15,151.62,152.52,150.88,3.018
2021-03-02,2021,3,2,Tuesday,131.5,131.72,132.1,132.92,131.5,2.63
2021-03-03,2021,3,3,Wednesday,142.31,142.55,143.02,143.87,142.31,2.846
2021-03-04,2021,3,4,Thursday,193.85,194.18,195.01,196.16,193.85,3.877
2021-03-05,2021,3,5,Friday,232.77,233.17,234.26,235.66,232.77,4.655
2021-03-06,2021,3,6,Saturday,261.56,262.0,263.34,264.92,261.56,5.231
2021-03-07,2021,3,7,Sunday,197.62,197.96,198.72,199.89,197.62,3.952
2021-03-08,2021,3,8,Monday,196.82,197.15,198.01,199.21,196.82,3.936
2021-03-09,2021,3,9,Tuesday,201.19,201.54,202.4,203.6,201.19,4.024
2021-03-10,2021,3,10,Wednesday,199.5,199.84,200.64,201.81,199.5,3.99
2021-03-11,2021,3,11,Thursday,256.41,256.84,258.14,259.7,256.41,5.128
2021-03-12,2021,3,12,Friday,197.05,197.38,198.13,199.29,197.05,3.941
2021-03-13,2021,3,13,Saturday,215.44,215.81,216.76,218.04,215.44,4.309
2021-03-14,2021,3,14,Sunday,185.41,185.74,186.41,187.49,185.41,3.708
2021-03-15,2021,3,15,Monday,210.81,211.18,212.04,213.28,210.81,4.216
2021-03-16,2021,3,16,Tuesday,171.34,171.64,172.19,173.18,171.34,3.427
2021-03-17,2021,3,17,Wednesday,230.22,230.62,231.61,232.96,230.22,4.604
2021-03-18,2021,3,18,Thursday,204.52,204.87,205.65,206.84,204.52,4.09
2021-03-19,2021,3,19,Friday,238.98,239.4,240.48,241.91,238.98,4.78
2021-03-20,2021,3,20,Saturday,222.77,223.19,224.22,225.58,222.77,4.455
2021-03-21,2021,3,21,Sunday,182.26,182.59,183.25,184.32,182.26,3.645
2021-03-22,2021,3,22,Monday,82.11,82.26,82.45,83.04,82.11,1.642
2021-03-23,2021,3,23,Tuesday,154.0,154.27,154.8,155.75,154.0,3.08
2021-03-24,2021,3,24,Wednesday,114.49,114.69,114.95,115.67,114.49,2.29
2021-03-25,2021,3,25,Thursday,154.9,155.17,155.65,156.56,154.9,3.098
2021-03-26,2021,3,26,Friday,178.67,178.97,179.61,180.65,178.67,3.573
2021-03-27,2021,3,27,Saturday,218.51,218.89,219.83,221.11,218.51,4.37
2021-03-28,2021,3,28,Sunday,244.88,245.31,246.44,247.92,244.88,4.898
2021-03-29,2021,3,29,Monday,259.13,259.58,260.88,262.46,259.13,5.183
2021-03-30,2021,3,30,Tuesday,261.74,262.2,263.53,265.14,261.74,5.235
2021-03-31,2021,3,31,Wednesday,251.66,252.1,253.4,254.93,251.66,5.033
2021-04-01,2021,4,1,Thursday,234.02,234.44,235.63,237.06,234.02,4.68
2021-04-02,2021,4,2,Friday,235.83,236.24,237.55,239.04,235.83,4.717
2021-04-03,2021,4,3,Saturday,237.42,237.83,238.96,240.38,237.42,4.748
2021-04-04,2021,4,4,Sunday,225.52,225.91,226.95,228.3,225.52,4.51
2021-04-05,2021,4,5,Monday,229.27,229.69,230.82,232.23,229.27,4.585
2021-04-06,2021,4,6,Tuesday,227.69,228.08,229.15,230.53,227.69,4.554
2021-04-07,2021,4,7,Wednesday,193.25,193.58,194.36,195.5,193.25,3.865
2021-04-08,2021,4,8,Thursday,123.74,123.95,124.35,125.15,123.74,2.475
2021-04-09,2021,4,9,Friday,259.64,260.08,261.4,262.99,259.64,5.193
2021-04-10,2021,4,10,Saturday,167.11,167.38,168.1,169.19,167.11,3.342
2021-04-11,2021,4,11,Sunday,205.4,205.75,206.6,207.83,205.4,4.108
2021-04-12,2021,4,12,Monday,227.39,227.78,228.75,230.12,227.39,4.548
2021-04-13,2021,4,13,Tuesday,253.86,254.3,255.62,257.2,253.86,5.077
2021-04-14,2021,4,14,Wednesday,261.26,261.72,263.06,264.66,261.26,5.225
2021-04-15,2021,4,15,Thursday,222.16,222.55,223.57,224.95,222.16,4.443
2021-04-16,2021,4,16,Friday,264.7,265.15,266.53,268.14,264.7,5.294
2021-04-17,2021,4,17,Saturday,263.18,263.63,264.96,266.56,263.18,5.264
2021-04-18,2021,4,18,Sunday,257.27,257.7,258.97,260.53,257.27,5.145
2021-04-19,2021,4,19,Monday,227.71,228.1,229.23,230.62,227.71,4.554
2021-04-20,2021,4,20,Tuesday,183.37,183.68,184.51,185.64,183.37,3.667
2021-04-21,2021,4,21,Wednesday,153.84,154.12,154.71,155.69,153.84,3.077
2021-04-22,2021,4,22,Thursday,239.02,239.44,240.74,242.28,239.02,4.78
2021-04-23,2021,4,23,Friday,221.51,221.88,222.89,224.21,221.51,4.43
2021-04-24,2021,4,24,Saturday,229.35,229.75,230.8,232.21,229.35,4.587
2021-04-25,2021,4,25,Sunday,238.69,239.12,240.24,241.68,238.69,4.774
2021-04-26,2021,4,26,Monday,178.0,178.3,178.98,180.09,178.0,3.56
2021-04-27,2021,4,27,Tuesday,198.62,198.95,199.78,201.02,198.62,3.972
2021-04-28,2021,4,28,Wednesday,199.61,199.95,200.71,201.89,199.61,3.992
2021-04-29,2021,4,29,Thursday,244.03,244.44,245.63,247.11,244.03,4.881
2021-04-30,2021,4,30,Friday,171.17,171.45,172.06,173.08,171.17,3.423
2021-05-01,2021,5,1,Saturday,182.29,182.59,183.25,184.31,182.29,3.646
2021-05-02,2021,5,2,Sunday,237.16,237.59,238.61,240.03,237.16,4.743
2021-05-03,2021,5,3,Monday,227.7,228.12,229.07,230.44,227.7,4.554
2021-05-04,2021,5,4,Tuesday,239.86,240.3,241.39,242.86,239.86,4.797
2021-05-05,2021,5,5,Wednesday,242.63,243.05,244.19,245.68,242.63,4.853
2021-05-06,2021,5,6,Thursday,172.68,172.98,173.59,174.65,172.68,3.454
2021-05-07,2021,5,7,Friday,224.24,224.63,225.59,226.95,224.24,4.485
2021-05-08,2021,5,8,Saturday,262.41,262.88,264.19,265.8,262.41,5.248
2021-05-09,2021,5,9,Sunday,246.37,246.8,247.97,249.45,246.37,4.927
2021-05-10,2021,5,10,Monday,267.25,267.71,269.09,270.73,267.25,5.345
2021-05-11,2021,5,11,Tuesday,276.12,276.61,278.1,279.82,276.12,5.522
2021-05-12,2021,5,12,Wednesday,237.19,237.62,238.67,240.1,237.19,4.744
2021-05-13,2021,5,13,Thursday,252.76,253.21,254.41,256.0,252.76,5.055
2021-05-14,2021,5,14,Friday,265.48,265.94,267.36,269.02,265.48,5.31
2021-05-15,2021,5,15,Saturday,248.38,248.82,250.03,251.59,248.38,4.968
2021-05-16,2021,5,16,Sunday,218.14,218.54,219.44,220.73,218.14,4.363
2021-05-17,2021,5,17,Monday,258.86,259.32,260.61,262.24,258.86,5.177
2021-05-18,2021,5,18,Tuesday,269.31,269.79,271.13,272.79,269.31,5.386
2021-05-19,2021,5,19,Wednesday,267.28,267.77,269.11,270.74,267.28,5.346
2021-05-20,2021,5,20,Thursday,248.82,249.27,250.46,251.98,248.82,4.976
2021-05-21,2021,5,21,Friday,204.58,204.95,205.86,207.13,204.58,4.092
2021-05-22,2021,5,22,Saturday,238.06,238.47,239.6,241.06,238.06,4.761
2021-05-23,2021,5,23,Sunday,175.58,175.88,176.6,177.71,175.58,3.512
2021-05-24,2021,5,24,Monday,217.09,217.45,218.54,219.91,217.09,4.342
2021-05-25,2021,5,25,Tuesday,170.54,170.84,171.5,172.57,170.54,3.411
2021-05-26,2021,5,26,Wednesday,262.14,262.6,264.0,265.64,262.14,5.243
2021-05-27,2021,5,27,Thursday,221.58,221.98,222.95,224.28,221.58,4.432
2021-05-28,2021,5,28,Friday,238.7,239.13,240.3,241.77,238.7,4.774
2021-05-29,2021,5,29,Saturday,266.86,267.34,268.78,270.43,266.86,5.337
2021-05-30,2021,5,30,Sunday,206.52,206.9,207.82,209.07,206.52,4.13
2021-05-31,2021,5,31,Monday,199.96,200.33,201.32,202.59,199.96,3.999
2021-06-01,2021,6,1,Tuesday,209.56,209.94,210.97,212.29,209.56,4.191
2021-06-02,2021,6,2,Wednesday,244.09,244.53,245.78,247.28,244.09,4.882
2021-06-03,2021,6,3,Thursday,220.43,220.82,221.87,223.21,220.43,4.409
2021-06-04,2021,6,4,Friday,226.72,227.11,228.37,229.8,226.72,4.534
2021-06-05,2021,6,5,Saturday,240.77,241.2,242.41,243.89,240.77,4.815
2021-06-06,2021,6,6,Sunday,197.9,198.26,199.08,200.27,197.9,3.958
2021-06-07,2021,6,7,Monday,152.79,153.06,153.55,154.48,152.79,3.056
2021-06-08,2021,6,8,Tuesday,165.33,165.61,166.18,167.16,165.33,3.307
2021-06-09,2021,6,9,Wednesday,108.26,108.45,108.72,109.43,108.26,2.165
2021-06-10,2021,6,10,Thursday,181.03,181.34,182.05,183.15,181.03,3.621
2021-06-11,2021,6,11,Friday,140.0,140.25,140.68,141.55,140.0,2.8
2021-06-12,2021,6,12,Saturday,172.1,172.4,172.95,173.99,172.1,3.442
2021-06-13,2021,6,13,Sunday,191.78,192.11,192.82,193.94,191.78,3.836
2021-06-14,2021,6,14,Monday,250.09,250.52,251.7,253.19,250.09,5.002
2021-06-15,2021,6,15,Tuesday,276.37,276.81,278.4,280.13,276.37,5.527
2021-06-16,2021,6,16,Wednesday,250.09,250.53,251.73,253.23,250.09,5.002
2021-06-17,2021,6,17,Thursday,221.85,222.24,223.4,224.82,221.85,4.437
2021-06-18,2021,6,18,Friday,259.68,260.14,261.47,263.09,259.68,5.194
2021-06-19,2021,6,19,Saturday,203.78,204.13,205.13,206.39,203.78,4.076
2021-06-20,2021,6,20,Sunday,194.64,194.97,195.7,196.84,194.64,3.893
2021-06-21,2021,6,21,Monday,273.26,273.72,275.16,276.86,273.26,5.465
2021-06-22,2021,6,22,Tuesday,192.29,192.62,193.57,194.83,192.29,3.846
2021-06-23,2021,6,23,Wednesday,269.49,269.97,271.37,273.05,269.49,5.39
2021-06-24,2021,6,24,Thursday,260.23,260.68,262.04,263.66,260.23,5.205
2021-06-25,2021,6,25,Friday,248.98,249.42,250.62,252.13,248.98,4.98
2021-06-26,2021,6,26,Saturday,244.84,245.27,246.52,248.02,244.84,4.897
2021-06-27,2021,6,27,Sunday,180.02,180.34,180.94,182.03,180.02,3.6
2021-06-28,2021,6,28,Monday,272.53,272.99,274.45,276.13,272.53,5.451
2021-06-29,2021,6,29,Tuesday,262.01,262.47,263.81,265.44,262.01,5.24
2021-06-30,2021,6,30,Wednesday,267.54,268.0,269.45,271.1,267.54,5.351
2021-07-01,2021,7,1,Thursday,267.75,268.22,269.62,271.28,267.75,5.355
2021-07-02,2021,7,2,Friday,233.95,234.35,235.55,237.01,233.95,4.679
2021-07-03,2021,7,3,Saturday,232.69,233.09,234.2,235.63,232.69,4.654
2021-07-04,2021,7,4,Sunday,237.53,237.96,239.11,240.56,237.53,4.751
2021-07-05,2021,7,5,Monday,116.73,116.95,117.22,117.94,116.73,2.335
2021-07-06,2021,7,6,Tuesday,127.82,128.06,128.44,129.23,127.82,2.556
2021-07-07,2021,7,7,Wednesday,209.28,209.65,210.59,211.85,209.28,4.186
2021-07-08,2021,7,8,Thursday,148.96,149.22,149.68,150.58,148.96,2.979
2021-07-09,2021,7,9,Friday,204.85,205.2,206.11,207.35,204.85,4.097
2021-07-10,2021,7,10,Saturday,210.71,211.08,212.09,213.38,210.71,4.214
2021-07-11,2021,7,11,Sunday,261.53,261.98,263.31,264.9,261.53,5.231
2021-07-12,2021,7,12,Monday,248.59,249.06,250.3,251.81,248.59,4.972
2021-07-13,2021,7,13,Tuesday,211.86,212.26,213.18,214.43,211.86,4.237
2021-07-14,2021,7,14,Wednesday,281.83,282.34,283.88,285.64,281.83,5.637
2021-07-15,2021,7,15,Thursday,233.55,233.97,235.13,236.55,233.55,4.671
2021-07-16,2021,7,16,Friday,144.98,145.26,145.99,146.95,144.98,2.9
2021-07-17,2021,7,17,Saturday,201.8,202.18,203.02,204.2,201.8,4.036
2021-07-18,2021,7,18,Sunday,244.19,244.63,245.95,247.47,244.19,4.884
2021-07-19,2021,7,19,Monday,226.55,226.97,227.96,229.29,226.55,4.531
2021-07-20,2021,7,20,Tuesday,102.46,102.68,102.94,103.6,102.46,2.049
2021-07-21,2021,7,21,Wednesday,132.5,132.78,133.27,134.11,132.5,2.65
2021-07-22,2021,7,22,Thursday,105.03,105.25,105.52,106.19,105.03,2.101
2021-07-23,2021,7,23,Friday,140.65,140.93,141.34,142.18,140.65,2.813
2021-07-24,2021,7,24,Saturday,107.34,107.56,107.84,108.52,107.34,2.147
2021-07-25,2021,7,25,Sunday,148.71,149.0,149.48,150.35,148.71,2.974
2021-07-26,2021,7,26,Monday,146.15,146.41,146.92,147.79,146.15,2.923
2021-07-27,2021,7,27,Tuesday,266.72,267.2,268.56,270.16,266.72,5.334
2021-07-28,2021,7,28,Wednesday,282.04,282.54,284.14,285.87,282.04,5.641
2021-07-29,2021,7,29,Thursday,286.77,287.29,288.88,290.67,286.77,5.735
2021-07-30,2021,7,30,Friday,269.2,269.68,271.1,272.77,269.2,5.384
2021-07-31,2021,7,31,Saturday,281.58,282.07,283.64,285.4,281.58,5.632
2021-08-01,2021,8,1,Sunday,202.03,202.41,203.22,204.39,202.03,4.041
2021-08-02,2021,8,2,Monday,252.79,253.27,254.56,256.13,252.79,5.056
2021-08-03,2021,8,3,Tuesday,182.13,182.47,183.17,184.25,182.13,3.643
2021-08-04,2021,8,4,Wednesday,156.9,157.2,157.73,158.67,156.9,3.138
2021-08-05,2021,8,5,Thursday,196.69,197.06,197.81,198.94,196.69,3.934
2021-08-06,2021,8,6,Friday,251.54,252.01,253.34,254.87,251.54,5.031
2021-08-07,2021,8,7,Saturday,249.86,250.35,251.59,253.13,249.86,4.997
2021-08-08,2021,8,8,Sunday,233.17,233.62,234.67,236.04,233.17,4.663
2021-08-09,2021,8,9,Monday,269.44,269.96,271.42,273.08,269.44,5.389
2021-08-10,2021,8,10,Tuesday,264.31,264.83,266.23,267.87,264.31,5.286
2021-08-11,2021,8,11,Wednesday,280.98,281.5,283.01,284.77,280.98,5.62
2021-08-12,2021,8,12,Thursday,268.73,269.24,270.65,272.32,268.73,5.375
2021-08-13,2021,8,13,Friday,254.24,254.73,256.04,257.6,254.24,5.085
2021-08-14,2021,8,14,Saturday,225.26,225.7,226.66,228.0,225.26,4.505
2021-08-15,2021,8,15,Sunday,254.56,255.03,256.35,257.94,254.56,5.091
2021-08-16,2021,8,16,Monday,265.33,265.83,267.18,268.81,265.33,5.307
2021-08-17,2021,8,17,Tuesday,266.72,267.23,268.56,270.19,266.72,5.334
2021-08-18,2021,8,18,Wednesday,241.99,242.46,243.54,244.99,241.99,4.84
2021-08-19,2021,8,19,Thursday,251.59,252.1,253.31,254.85,251.59,5.032
2021-08-20,2021,8,20,Friday,274.0,274.52,275.95,277.66,274.0,5.48
2021-08-21,2021,8,21,Saturday,227.52,227.93,228.98,230.36,227.52,4.55
2021-08-22,2021,8,22,Sunday,204.87,205.25,206.3,207.61,204.87,4.097
2021-08-23,2021,8,23,Monday,200.26,200.62,201.69,203.0,200.26,4.005
2021-08-24,2021,8,24,Tuesday,237.19,237.62,238.92,240.45,237.19,4.744
2021-08-25,2021,8,25,Wednesday,193.09,193.45,194.45,195.72,193.09,3.862
2021-08-26,2021,8,26,Thursday,234.77,235.2,236.44,237.91,234.77,4.695
2021-08-27,2021,8,27,Friday,157.4,157.69,158.21,159.14,157.4,3.148
2021-08-28,2021,8,28,Saturday,236.02,236.45,237.67,239.11,236.02,4.72
2021-08-29,2021,8,29,Sunday,167.63,167.95,168.57,169.56,167.63,3.353
2021-08-30,2021,8,30,Monday,230.85,231.28,232.45,233.87,230.85,4.617
2021-08-31,2021,8,31,Tuesday,186.06,186.42,187.19,188.3,186.06,3.721
2021-09-01,2021,9,1,Wednesday,196.64,197.0,198.07,199.33,196.64,3.933
2021-09-02,2021,9,2,Thursday,149.72,150.0,150.6,151.52,149.72,2.994
2021-09-03,2021,9,3,Friday,183.99,184.33,185.01,186.05,183.99,3.68
2021-09-04,2021,9,4,Saturday,227.98,228.4,229.6,231.0,227.98,4.56
2021-09-05,2021,9,5,Sunday,236.84,237.25,238.39,239.81,236.84,4.737
2021-09-06,2021,9,6,Monday,197.6,197.96,198.9,200.1,197.6,3.952
2021-09-07,2021,9,7,Tuesday,58.29,58.41,58.52,58.97,58.29,1.166
2021-09-08,2021,9,8,Wednesday,230.62,231.02,232.17,233.56,230.62,4.612
2021-09-09,2021,9,9,Thursday,127.53,127.76,128.23,129.04,127.53,2.551
2021-09-10,2021,9,10,Friday,162.49,162.78,163.33,164.25,162.49,3.25
2021-09-11,2021,9,11,Saturday,15.14,15.19,15.24,15.53,15.14,0.303
2021-09-12,2021,9,12,Sunday,149.53,149.79,150.2,151.08,149.53,2.991
2021-09-13,2021,9,13,Monday,241.7,242.13,243.36,244.83,241.7,4.834
2021-09-14,2021,9,14,Tuesday,239.29,239.71,240.94,242.37,239.29,4.786
2021-09-15,2021,9,15,Wednesday,238.71,239.14,240.32,241.73,238.71,4.774
2021-09-16,2021,9,16,Thursday,214.37,214.75,215.82,217.14,214.37,4.287
2021-09-17,2021,9,17,Friday,249.93,250.37,251.66,253.15,249.93,4.999
2021-09-18,2021,9,18,Saturday,150.13,150.39,150.95,151.85,150.13,3.003
2021-09-19,2021,9,19,Sunday,90.52,90.67,90.89,91.47,90.52,1.81
2021-09-20,2021,9,20,Monday,143.66,143.92,144.47,145.36,143.66,2.873
2021-09-21,2021,9,21,Tuesday,214.85,215.23,216.3,217.6,214.85,4.297
2021-09-22,2021,9,22,Wednesday,212.86,213.24,214.34,215.69,212.86,4.257
2021-09-23,2021,9,23,Thursday,19.13,19.16,19.2,19.51,19.13,0.383
2021-09-24,2021,9,24,Friday,148.99,149.25,149.83,150.75,148.99,2.98
2021-09-25,2021,9,25,Saturday,129.06,129.28,129.69,130.47,129.06,2.581
2021-09-26,2021,9,26,Sunday,140.72,140.96,141.41,142.25,140.72,2.814
2021-09-27,2021,9,27,Monday,213.36,213.75,214.64,215.88,213.36,4.267
2021-09-28,2021,9,28,Tuesday,141.08,141.33,141.89,142.77,141.08,2.822
2021-09-29,2021,9,29,Wednesday,228.67,229.07,230.18,231.57,228.67,4.573
2021-09-30,2021,9,30,Thursday,250.97,251.41,252.73,254.28,250.97,5.019
2021-10-01,2021,10,1,Friday,238.42,238.84,239.99,241.42,238.42,4.768
2021-10-02,2021,10,2,Saturday,236.98,237.42,238.54,239.93,236.98,4.74
2021-10-03,2021,10,3,Sunday,216.55,216.91,217.85,219.13,216.55,4.331
2021-10-04,2021,10,4,Monday,156.28,156.55,157.29,158.31,156.28,3.126
2021-10-05,2021,10,5,Tuesday,195.48,195.82,196.69,197.87,195.48,3.91
2021-10-06,2021,10,6,Wednesday,100.28,100.47,100.76,101.4,100.28,2.006
2021-10-07,2021,10,7,Thursday,57.07,57.18,57.29,57.71,57.07,1.141
2021-10-08,2021,10,8,Friday,111.2,111.41,111.73,112.4,111.2,2.224
2021-10-09,2021,10,9,Saturday,201.57,201.92,202.81,204.0,201.57,4.031
2021-10-10,2021,10,10,Sunday,128.11,128.32,128.66,129.43,128.11,2.562
2021-10-11,2021,10,11,Monday,155.88,156.17,156.68,157.56,155.88,3.118
2021-10-12,2021,10,12,Tuesday,147.87,148.15,148.73,149.63,147.87,2.957
2021-10-13,2021,10,13,Wednesday,87.17,87.34,87.54,88.1,87.17,1.743
2021-10-14,2021,10,14,Thursday,154.05,154.34,154.86,155.75,154.05,3.081
2021-10-15,2021,10,15,Friday,116.1,116.32,116.8,117.56,116.1,2.322
2021-10-16,2021,10,16,Saturday,159.01,159.29,159.85,160.75,159.01,3.18
2021-10-17,2021,10,17,Sunday,31.02,31.09,31.13,31.45,31.02,0.62
2021-10-18,2021,10,18,Monday,113.21,113.42,113.73,114.41,113.21,2.264
2021-10-19,2021,10,19,Tuesday,71.0,71.13,71.24,71.73,71.0,1.42
2021-10-20,2021,10,20,Wednesday,88.02,88.19,88.36,88.93,88.02,1.76
2021-10-21,2021,10,21,Thursday,89.85,90.04,90.21,90.76,89.85,1.797
2021-10-22,2021,10,22,Friday,37.29,37.37,37.45,37.78,37.29,0.746
2021-10-23,2021,10,23,Saturday,35.72,35.8,35.84,36.18,35.72,0.714
2021-10-24,2021,10,24,Sunday,17.39,17.42,17.45,17.7,17.39,0.348
2021-10-25,2021,10,25,Monday,40.33,40.41,40.46,40.83,40.33,0.807
2021-10-26,2021,10,26,Tuesday,6.79,6.81,6.82,6.9,6.79,0.136
2021-10-27,2021,10,27,Wednesday,18.13,18.17,18.21,18.51,18.13,0.363
2021-10-28,2021,10,28,Thursday,38.16,38.23,38.31,38.69,38.16,0.763
2021-10-29,2021,10,29,Friday,76.17,76.31,76.46,76.97,76.17,1.523
2021-10-30,2021,10,30,Saturday,65.95,66.07,66.2,66.67,65.95,1.319
2021-10-31,2021,10,31,Sunday,100.36,100.53,100.77,101.39,100.36,2.007
2021-11-01,2021,11,1,Monday,106.53,106.72,106.96,107.59,106.53,2.131
2021-11-02,2021,11,2,Tuesday,77.85,78.0,78.18,78.69,77.85,1.557
2021-11-03,2021,11,3,Wednesday,87.68,87.83,88.02,88.57,87.68,1.754
2021-11-04,2021,11,4,Thursday,46.91,46.99,47.04,47.44,46.91,0.938
2021-11-05,2021,11,5,Friday,58.45,58.55,58.62,59.07,58.45,1.169
2021-11-06,2021,11,6,Saturday,72.26,72.38,72.51,72.97,72.26,1.445
2021-11-07,2021,11,7,Sunday,123.43,123.64,123.96,124.68,123.43,2.469
2021-11-08,2021,11,8,Monday,90.98,91.14,91.34,91.9,90.98,1.82
2021-11-09,2021,11,9,Tuesday,74.45,74.58,74.72,75.21,74.45,1.489
2021-11-10,2021,11,10,Wednesday,68.3,68.43,68.56,69.03,68.3,1.366
2021-11-11,2021,11,11,Thursday,52.12,52.21,52.28,52.68,52.12,1.042
2021-11-12,2021,11,12,Friday,91.8,91.96,92.16,92.72,91.8,1.836
2021-11-13,2021,11,13,Saturday,17.11,17.15,17.21,17.49,17.11,0.342
2021-11-14,2021,11,14,Sunday,15.15,15.19,15.28,15.54,15.15,0.303
2021-11-15,2021,11,15,Monday,31.44,31.5,31.59,31.92,31.44,0.629
2021-11-16,2021,11,16,Tuesday,25.64,25.7,25.77,26.08,25.64,0.513
2021-11-17,2021,11,17,Wednesday,55.9,56.01,56.11,56.53,55.9,1.118
2021-11-18,2021,11,18,Thursday,51.42,51.52,51.62,52.03,51.42,1.028
2021-11-19,2021,11,19,Friday,67.87,67.99,68.1,68.57,67.87,1.357
2021-11-20,2021,11,20,Saturday,78.28,78.42,78.56,79.06,78.28,1.566
2021-11-21,2021,11,21,Sunday,65.27,65.34,65.46,65.93,65.27,1.305
2021-11-22,2021,11,22,Monday,87.49,87.64,87.82,88.37,87.49,1.75
2021-11-23,2021,11,23,Tuesday,45.94,46.03,46.09,46.48,45.94,0.919
2021-11-24,2021,11,24,Wednesday,25.46,25.51,25.57,25.88,25.46,0.509
2021-11-25,2021,11,25,Thursday,55.61,55.71,55.78,56.2,55.61,1.112
2021-11-26,2021,11,26,Friday,85.91,86.07,86.25,86.79,85.91,1.718
2021-11-27,2021,11,27,Saturday,38.71,38.78,38.84,39.19,38.71,0.774
2021-11-28,2021,11,28,Sunday,28.82,28.87,28.91,29.24,28.82,0.576
2021-11-29,2021,11,29,Monday,37.35,37.41,37.48,37.82,37.35,0.747
2021-11-30,2021,11,30,Tuesday,28.91,28.95,29.01,29.34,28.91,0.578
2021-12-01,2021,12,1,Wednesday,38.51,38.58,38.63,38.99,38.51,0.77
2021-12-02,2021,12,2,Thursday,53.47,53.57,53.66,54.06,53.47,1.069
2021-12-03,2021,12,3,Friday,58.74,58.85,58.95,59.38,58.74,1.175
2021-12-04,2021,12,4,Saturday,84.83,84.97,85.13,85.65,84.83,1.697
2021-12-05,2021,12,5,Sunday,59.09,59.18,59.28,59.72,59.09,1.182
2021-12-06,2021,12,6,Monday,48.04,48.13,48.21,48.59,48.04,0.961
2021-12-07,2021,12,7,Tuesday,85.14,85.3,85.46,85.99,85.14,1.703
2021-12-08,2021,12,8,Wednesday,86.34,86.5,86.71,87.24,86.34,1.727
2021-12-09,2021,12,9,Thursday,68.97,69.1,69.23,69.69,68.97,1.379
2021-12-10,2021,12,10,Friday,79.01,79.15,79.31,79.82,79.01,1.58
2021-12-11,2021,12,11,Saturday,87.94,88.09,88.28,88.82,87.94,1.759
2021-12-12,2021,12,12,Sunday,70.64,70.76,70.92,71.41,70.64,1.413
2021-12-13,2021,12,13,Monday,85.95,86.11,86.31,86.83,85.95,1.719
2021-12-14,2021,12,14,Tuesday,68.32,68.44,68.59,69.05,68.32,1.366
2021-12-15,2021,12,15,Wednesday,81.95,82.09,82.26,82.78,81.95,1.639
2021-12-16,2021,12,16,Thursday,144.2,144.44,144.91,145.72,144.2,2.884
2021-12-17,2021,12,17,Friday,85.55,85.7,85.89,86.43,85.55,1.711
2021-12-18,2021,12,18,Saturday,56.47,56.57,56.68,57.09,56.47,1.129
2021-12-19,2021,12,19,Sunday,34.33,34.38,34.44,34.78,34.33,0.687
2021-12-20,2021,12,20,Monday,132.75,132.96,133.34,134.1,132.75,2.655
2021-12-21,2021,12,21,Tuesday,106.1,106.28,106.59,107.22,106.1,2.122
2021-12-22,2021,12,22,Wednesday,137.35,137.59,138.05,138.82,137.35,2.747
2021-12-23,2021,12,23,Thursday,127.72,127.95,128.39,129.14,127.72,2.554
2021-12-24,2021,12,24,Friday,198.36,198.7,199.63,200.77,198.36,3.967
2021-12-25,2021,12,25,Saturday,128.67,128.89,129.41,130.18,128.67,2.573
2021-12-26,2021,12,26,Sunday,96.64,96.81,97.04,97.62,96.64,1.933
2021-12-27,2021,12,27,Monday,54.52,54.62,54.76,55.17,54.52,1.09
2021-12-28,2021,12,28,Tuesday,48.64,48.72,48.79,49.19,48.64,0.973
2021-12-29,2021,12,29,Wednesday,87.6,87.75,87.94,88.49,87.6,1.752
2021-12-30,2021,12,30,Thursday,95.08,95.24,95.45,96.02,95.08,1.902
2021-12-31,2021,12,31,Friday,92.62,92.79,92.97,93.52,92.62,1.852
2022-01-01,2022,1,1,Saturday,67.56,67.65,67.81,68.29,67.56,1.351
2022-01-02,2022,1,2,Sunday,60.76,60.85,60.95,61.39,60.76,1.215
2022-01-03,2022,1,3,Monday,84.83,84.98,85.15,85.68,84.83,1.697
2022-01-04,2022,1,4,Tuesday,92.5,92.67,92.89,93.46,92.5,1.85
2022-01-05,2022,1,5,Wednesday,133.41,133.64,134.01,134.75,133.41,2.668
2022-01-06,2022,1,6,Thursday,140.86,141.11,141.6,142.41,140.86,2.817
2022-01-07,2022,1,7,Friday,117.84,118.06,118.4,119.08,117.84,2.357
2022-01-08,2022,1,8,Saturday,109.17,109.36,109.69,110.35,109.17,2.183
2022-01-09,2022,1,9,Sunday,75.3,75.41,75.6,76.13,75.3,1.506
2022-01-10,2022,1,10,Monday,142.3,142.54,143.02,143.83,142.3,2.846
2022-01-11,2022,1,11,Tuesday,188.04,188.37,189.11,190.17,188.04,3.761
2022-01-12,2022,1,12,Wednesday,111.64,111.83,112.17,112.85,111.64,2.233
2022-01-13,2022,1,13,Thursday,179.67,179.97,180.7,181.73,179.67,3.593
2022-01-14,2022,1,14,Friday,127.32,127.54,127.97,128.74,127.32,2.546
2022-01-15,2022,1,15,Saturday,157.71,157.98,158.52,159.42,157.71,3.154
2022-01-16,2022,1,16,Sunday,176.43,176.73,177.42,178.45,176.43,3.529
2022-01-17,2022,1,17,Monday,120.59,120.82,121.13,121.84,120.59,2.412
2022-01-18,2022,1,18,Tuesday,125.99,126.21,126.66,127.43,125.99,2.52
2022-01-19,2022,1,19,Wednesday,183.16,183.49,184.21,185.26,183.16,3.663
2022-01-20,2022,1,20,Thursday,195.46,195.79,196.57,197.69,195.46,3.909
2022-01-21,2022,1,21,Friday,193.57,193.92,194.75,195.86,193.57,3.871
2022-01-22,2022,1,22,Saturday,259.46,259.91,261.35,262.91,259.46,5.189
2022-01-23,2022,1,23,Sunday,242.15,242.58,243.85,245.27,242.15,4.843
2022-01-24,2022,1,24,Monday,231.09,231.51,232.71,234.06,231.09,4.622
2022-01-25,2022,1,25,Tuesday,160.02,160.31,161.02,161.97,160.02,3.2
2022-01-26,2022,1,26,Wednesday,245.81,246.24,247.59,249.06,245.81,4.916
2022-01-27,2022,1,27,Thursday,226.88,227.29,228.4,229.71,226.88,4.538
2022-01-28,2022,1,28,Friday,257.72,258.17,259.61,261.13,257.72,5.154
2022-01-29,2022,1,29,Saturday,205.66,206.07,207.2,208.44,205.66,4.113
2022-01-30,2022,1,30,Sunday,102.05,102.25,102.54,103.15,102.05,2.041
2022-01-31,2022,1,31,Monday,61.59,61.72,61.83,62.27,61.59,1.232
2022-02-01,2022,2,1,Tuesday,86.51,86.68,86.87,87.4,86.51,1.73
2022-02-02,2022,2,2,Wednesday,140.61,140.87,141.26,142.05,140.61,2.812
2022-02-03,2022,2,3,Thursday,97.94,98.1,98.32,98.9,97.94,1.959
2022-02-04,2022,2,4,Friday,99.5,99.69,99.9,100.48,99.5,1.99
2022-02-05,2022,2,5,Saturday,56.7,56.81,56.93,57.36,56.7,1.134
2022-02-06,2022,2,6,Sunday,91.1,91.26,91.49,92.07,91.1,1.822
2022-02-07,2022,2,7,Monday,217.23,217.6,218.66,219.94,217.23,4.345
2022-02-08,2022,2,8,Tuesday,217.24,217.62,218.77,220.09,217.24,4.345
2022-02-09,2022,2,9,Wednesday,164.33,164.62,165.33,166.31,164.33,3.287
2022-02-10,2022,2,10,Thursday,147.54,147.8,148.33,149.21,147.54,2.951
2022-02-11,2022,2,11,Friday,160.67,160.96,161.62,162.58,160.67,3.213
2022-02-12,2022,2,12,Saturday,146.03,146.29,146.87,147.74,146.03,2.921
2022-02-13,2022,2,13,Sunday,145.27,145.54,146.06,146.91,145.27,2.905
2022-02-14,2022,2,14,Monday,91.52,91.68,91.89,92.46,91.52,1.83
2022-02-15,2022,2,15,Tuesday,115.43,115.65,115.97,116.64,115.43,2.309
2022-02-16,2022,2,16,Wednesday,118.5,118.71,119.05,119.75,118.5,2.37
2022-02-17,2022,2,17,Thursday,179.16,179.48,180.26,181.32,179.16,3.583
2022-02-18,2022,2,18,Friday,192.1,192.43,193.32,194.43,192.1,3.842
2022-02-19,2022,2,19,Saturday,253.5,253.95,255.42,256.95,253.5,5.07
2022-02-20,2022,2,20,Sunday,105.22,105.42,105.69,106.31,105.22,2.104
2022-02-21,2022,2,21,Monday,163.94,164.24,164.83,165.76,163.94,3.279
2022-02-22,2022,2,22,Tuesday,291.04,291.55,293.28,295.06,291.04,5.821
2022-02-23,2022,2,23,Wednesday,241.08,241.51,242.72,244.12,241.08,4.822
2022-02-24,2022,2,24,Thursday,192.78,193.12,193.94,195.04,192.78,3.856
2022-02-25,2022,2,25,Friday,187.7,188.03,188.78,189.85,187.7,3.754
2022-02-26,2022,2,26,Saturday,154.59,154.87,155.45,156.35,154.59,3.092
2022-02-27,2022,2,27,Sunday,146.67,146.93,147.45,148.31,146.67,2.933
2022-02-28,2022,2,28,Monday,246.03,246.47,247.76,249.25,246.03,4.921
2022-03-01,2022,3,1,Tuesday,251.36,251.81,253.18,254.72,251.36,5.027
2022-03-02,2022,3,2,Wednesday,99.96,100.14,100.4,101.03,99.96,1.999
2022-03-03,2022,3,3,Thursday,243.16,243.6,244.88,246.35,243.16,4.863
2022-03-04,2022,3,4,Friday,230.09,230.51,231.64,232.99,230.09,4.602
2022-03-05,2022,3,5,Saturday,259.55,260.02,261.45,263.03,259.55,5.191
2022-03-06,2022,3,6,Sunday,187.91,188.25,189.02,190.1,187.91,3.758
2022-03-07,2022,3,7,Monday,210.8,211.19,212.23,213.5,210.8,4.216
2022-03-08,2022,3,8,Tuesday,167.78,168.08,168.73,169.71,167.78,3.356
2022-03-09,2022,3,9,Wednesday,228.69,229.11,230.28,231.65,228.69,4.574
2022-03-10,2022,3,10,Thursday,231.73,232.13,233.26,234.58,231.73,4.635
2022-03-11,2022,3,11,Friday,279.41,279.91,281.54,283.22,279.41,5.588
2022-03-12,2022,3,12,Saturday,260.98,261.44,262.89,264.44,260.98,5.22
2022-03-13,2022,3,13,Sunday,175.91,176.23,176.92,177.92,175.91,3.518
2022-03-14,2022,3,14,Monday,209.11,209.48,210.41,211.6,209.11,4.182
2022-03-15,2022,3,15,Tuesday,238.57,238.99,240.26,241.68,238.57,4.771
2022-03-16,2022,3,16,Wednesday,210.81,211.19,212.11,213.31,210.81,4.216
2022-03-17,2022,3,17,Thursday,265.47,265.95,267.49,269.08,265.47,5.309
2022-03-18,2022,3,18,Friday,240.73,241.16,242.43,243.89,240.73,4.815
2022-03-19,2022,3,19,Saturday,188.45,188.79,189.67,190.8,188.45,3.769
2022-03-20,2022,3,20,Sunday,230.07,230.49,231.65,232.99,230.07,4.601
2022-03-21,2022,3,21,Monday,170.41,170.73,171.53,172.59,170.41,3.408
2022-03-22,2022,3,22,Tuesday,229.23,229.63,230.75,232.11,229.23,4.585
2022-03-23,2022,3,23,Wednesday,238.54,238.97,240.28,241.73,238.54,4.771
2022-03-24,2022,3,24,Thursday,205.2,205.58,206.61,207.85,205.2,4.104
2022-03-25,2022,3,25,Friday,270.74,271.24,272.76,274.41,270.74,5.415
2022-03-26,2022,3,26,Saturday,281.74,282.26,283.9,285.62,281.74,5.635
2022-03-27,2022,3,27,Sunday,265.36,265.85,267.41,269.05,265.36,5.307
2022-03-28,2022,3,28,Monday,267.17,267.66,269.17,270.82,267.17,5.343
2022-03-29,2022,3,29,Tuesday,225.52,225.92,227.05,228.41,225.52,4.51
2022-03-30,2022,3,30,Wednesday,180.04,180.36,181.25,182.38,180.04,3.601
2022-03-31,2022,3,31,Thursday,54.99,55.1,55.25,55.68,54.99,1.1
2022-04-01,2022,4,1,Friday,143.73,143.98,144.48,145.35,143.73,2.875
2022-04-02,2022,4,2,Saturday,219.87,220.27,221.23,222.51,219.87,4.397
2022-04-03,2022,4,3,Sunday,110.41,110.62,110.91,111.58,110.41,2.208
2022-04-04,2022,4,4,Monday,100.7,100.88,101.11,101.73,100.7,2.014
2022-04-05,2022,4,5,Tuesday,144.04,144.29,144.88,145.77,144.04,2.881
2022-04-06,2022,4,6,Wednesday,224.48,224.88,226.01,227.37,224.48,4.49
2022-04-07,2022,4,7,Thursday,246.5,246.93,248.14,249.62,246.5,4.93
2022-04-08,2022,4,8,Friday,261.95,262.41,263.76,265.32,261.95,5.239
2022-04-09,2022,4,9,Saturday,280.65,281.14,282.72,284.43,280.65,5.613
2022-04-10,2022,4,10,Sunday,235.8,236.21,237.28,238.63,235.8,4.716
2022-04-11,2022,4,11,Monday,272.93,273.41,274.92,276.58,272.93,5.459
2022-04-12,2022,4,12,Tuesday,245.53,245.96,247.22,248.68,245.53,4.911
2022-04-13,2022,4,13,Wednesday,216.05,216.42,217.54,218.88,216.05,4.321
2022-04-14,2022,4,14,Thursday,188.39,188.73,189.53,190.67,188.39,3.768
2022-04-15,2022,4,15,Friday,234.65,235.07,236.24,237.68,234.65,4.693
2022-04-16,2022,4,16,Saturday,152.23,152.5,152.99,153.88,152.23,3.045
2022-04-17,2022,4,17,Sunday,202.57,202.94,203.76,204.91,202.57,4.051
2022-04-18,2022,4,18,Monday,261.93,262.39,263.77,265.34,261.93,5.239
2022-04-19,2022,4,19,Tuesday,183.03,183.38,184.05,185.09,183.03,3.661
2022-04-20,2022,4,20,Wednesday,207.49,207.87,208.82,210.07,207.49,4.15
2022-04-21,2022,4,21,Thursday,266.45,266.93,268.32,269.93,266.45,5.329
2022-04-22,2022,4,22,Friday,257.36,257.83,259.13,260.68,257.36,5.147
2022-04-23,2022,4,23,Saturday,251.35,251.8,253.12,254.67,251.35,5.027
2022-04-24,2022,4,24,Sunday,236.77,237.2,238.44,239.9,236.77,4.735
2022-04-25,2022,4,25,Monday,261.32,261.81,263.19,264.8,261.32,5.226
2022-04-26,2022,4,26,Tuesday,249.88,250.34,251.67,253.2,249.88,4.998
2022-04-27,2022,4,27,Wednesday,267.94,268.42,269.89,271.52,267.94,5.359
2022-04-28,2022,4,28,Thursday,276.3,276.8,278.32,280.01,276.3,5.526
2022-04-29,2022,4,29,Friday,225.93,226.36,227.45,228.84,225.93,4.519
2022-04-30,2022,4,30,Saturday,151.52,151.82,152.42,153.35,151.52,3.03
2022-05-01,2022,5,1,Sunday,168.41,168.73,169.38,170.38,168.41,3.368
2022-05-02,2022,5,2,Monday,106.63,106.83,107.06,107.72,106.63,2.133
2022-05-03,2022,5,3,Tuesday,255.55,255.99,257.4,258.96,255.55,5.111
2022-05-04,2022,5,4,Wednesday,235.85,236.27,237.44,238.83,235.85,4.717
2022-05-05,2022,5,5,Thursday,189.51,189.86,190.73,191.87,189.51,3.79
2022-05-06,2022,5,6,Friday,276.23,276.72,278.28,279.96,276.23,5.525
2022-05-07,2022,5,7,Saturday,247.7,248.14,249.38,250.86,247.7,4.954
2022-05-08,2022,5,8,Sunday,98.09,98.28,98.57,99.21,98.09,1.962
2022-05-09,2022,5,9,Monday,188.95,189.31,190.2,191.34,188.95,3.779
2022-05-10,2022,5,10,Tuesday,256.04,256.5,257.95,259.53,256.04,5.121
2022-05-11,2022,5,11,Wednesday,223.82,224.23,225.46,226.85,223.82,4.476
2022-05-12,2022,5,12,Thursday,249.66,250.12,251.55,253.1,249.66,4.993
2022-05-13,2022,5,13,Friday,272.42,272.95,274.44,276.09,272.42,5.448
2022-05-14,2022,5,14,Saturday,275.17,275.7,277.18,278.85,275.17,5.503
2022-05-15,2022,5,15,Sunday,191.96,192.34,193.28,194.45,191.96,3.839
2022-05-16,2022,5,16,Monday,164.42,164.73,165.4,166.39,164.42,3.288
2022-05-17,2022,5,17,Tuesday,173.43,173.74,174.4,175.4,173.43,3.469
2022-05-18,2022,5,18,Wednesday,233.21,233.63,234.68,236.04,233.21,4.664
2022-05-19,2022,5,19,Thursday,209.94,210.31,211.31,212.58,209.94,4.199
2022-05-20,2022,5,20,Friday,206.14,206.5,207.53,208.76,206.14,4.123
2022-05-21,2022,5,21,Saturday,235.13,235.55,236.76,238.14,235.13,4.703
2022-05-22,2022,5,22,Sunday,268.59,269.07,270.5,272.1,268.59,5.372
2022-05-23,2022,5,23,Monday,270.6,271.08,272.58,274.23,270.6,5.412
2022-05-24,2022,5,24,Tuesday,276.4,276.89,278.45,280.11,276.4,5.528
2022-05-25,2022,5,25,Wednesday,164.63,164.93,165.74,166.78,164.63,3.293
2022-05-26,2022,5,26,Thursday,247.3,247.73,249.06,250.57,247.3,4.946
2022-05-27,2022,5,27,Friday,251.25,251.71,253.07,254.6,251.25,5.025
2022-05-28,2022,5,28,Saturday,282.85,283.39,284.94,286.63,282.85,5.657
2022-05-29,2022,5,29,Sunday,272.17,272.67,274.2,275.84,272.17,5.443
2022-05-30,2022,5,30,Monday,272.36,272.84,274.37,276.02,272.36,5.447
2022-05-31,2022,5,31,Tuesday,234.47,234.88,236.2,237.64,234.47,4.689
2022-06-01,2022,6,1,Wednesday,240.4,240.84,242.15,243.61,240.4,4.808
2022-06-02,2022,6,2,Thursday,217.22,217.63,218.83,220.21,217.22,4.344
2022-06-03,2022,6,3,Friday,277.93,278.46,279.99,281.66,277.93,5.559
2022-06-04,2022,6,4,Saturday,285.4,285.95,287.55,289.26,285.4,5.708
2022-06-05,2022,6,5,Sunday,261.56,262.06,263.43,264.99,261.56,5.231
2022-06-06,2022,6,6,Monday,278.06,278.59,280.09,281.78,278.06,5.561
2022-06-07,2022,6,7,Tuesday,237.43,237.86,239.13,240.58,237.43,4.749
2022-06-08,2022,6,8,Wednesday,227.48,227.9,229.01,230.35,227.48,4.55
2022-06-09,2022,6,9,Thursday,263.19,263.67,265.12,266.71,263.19,5.264
2022-06-10,2022,6,10,Friday,263.58,264.05,265.47,267.06,263.58,5.272
2022-06-11,2022,6,11,Saturday,256.56,257.0,258.4,259.97,256.56,5.131
2022-06-12,2022,6,12,Sunday,264.31,264.78,266.18,267.77,264.31,5.286
2022-06-13,2022,6,13,Monday,246.92,247.37,248.64,250.1,246.92,4.938
2022-06-14,2022,6,14,Tuesday,263.66,264.15,265.57,267.14,263.66,5.273
2022-06-15,2022,6,15,Wednesday,197.32,197.7,198.57,199.75,197.32,3.946
2022-06-16,2022,6,16,Thursday,265.54,266.01,267.37,268.97,265.54,5.311
2022-06-17,2022,6,17,Friday,269.35,269.85,271.27,272.89,269.35,5.387
2022-06-18,2022,6,18,Saturday,258.19,258.65,260.0,261.57,258.19,5.164
2022-06-19,2022,6,19,Sunday,258.27,258.75,260.05,261.58,258.27,5.165
2022-06-20,2022,6,20,Monday,271.55,272.08,273.51,275.15,271.55,5.431
2022-06-21,2022,6,21,Tuesday,260.45,260.93,262.26,263.82,260.45,5.209
2022-06-22,2022,6,22,Wednesday,243.61,244.06,245.29,246.76,243.61,4.872
2022-06-23,2022,6,23,Thursday,241.23,241.7,242.87,244.32,241.23,4.825
2022-06-24,2022,6,24,Friday,219.67,220.07,221.09,222.39,219.67,4.393
2022-06-25,2022,6,25,Saturday,213.17,213.56,214.68,215.98,213.17,4.263
2022-06-26,2022,6,26,Sunday,209.31,209.71,210.65,211.91,209.31,4.186
2022-06-27,2022,6,27,Monday,238.7,239.15,240.33,241.79,238.7,4.774
2022-06-28,2022,6,28,Tuesday,230.52,230.93,232.04,233.41,230.52,4.61
2022-06-29,2022,6,29,Wednesday,217.35,217.74,218.87,220.22,217.35,4.347
2022-06-30,2022,6,30,Thursday,182.23,182.55,183.27,184.33,182.23,3.645
2022-07-01,2022,7,1,Friday,82.77,82.93,83.08,83.64,82.77,1.655
2022-07-02,2022,7,2,Saturday,181.55,181.88,182.55,183.6,181.55,3.631
2022-07-03,2022,7,3,Sunday,135.74,136.01,136.49,137.3,135.74,2.715
2022-07-04,2022,7,4,Monday,262.0,262.5,263.83,265.39,262.0,5.24
2022-07-05,2022,7,5,Tuesday,269.43,269.95,271.34,272.93,269.43,5.389
2022-07-06,2022,7,6,Wednesday,257.59,258.08,259.41,260.94,257.59,5.152
2022-07-07,2022,7,7,Thursday,251.45,251.93,253.16,254.66,251.45,5.029
2022-07-08,2022,7,8,Friday,196.57,196.95,197.84,199.02,196.57,3.931
2022-07-09,2022,7,9,Saturday,123.07,123.3,123.7,124.45,123.07,2.461
2022-07-10,2022,7,10,Sunday,104.09,104.29,104.57,105.23,104.09,2.082
2022-07-11,2022,7,11,Monday,215.8,216.2,217.26,218.56,215.8,4.316
2022-07-12,2022,7,12,Tuesday,196.24,196.6,197.6,198.81,196.24,3.925
2022-07-13,2022,7,13,Wednesday,193.51,193.88,194.76,195.93,193.51,3.87
2022-07-14,2022,7,14,Thursday,248.71,249.17,250.39,251.86,248.71,4.974
2022-07-15,2022,7,15,Friday,280.34,280.86,282.45,284.15,280.34,5.607
2022-07-16,2022,7,16,Saturday,274.39,274.9,276.37,278.03,274.39,5.488
2022-07-17,2022,7,17,Sunday,270.86,271.35,272.79,274.43,270.86,5.417
2022-07-18,2022,7,18,Monday,262.35,262.84,264.35,265.96,262.35,5.247
2022-07-19,2022,7,19,Tuesday,214.4,214.8,215.75,217.03,214.4,4.288
2022-07-20,2022,7,20,Wednesday,80.84,80.99,81.15,81.71,80.84,1.617
2022-07-21,2022,7,21,Thursday,208.81,209.21,210.15,211.4,208.81,4.176
2022-07-22,2022,7,22,Friday,276.18,276.7,278.2,279.9,276.18,5.524
2022-07-23,2022,7,23,Saturday,252.06,252.54,253.79,255.32,252.06,5.041
2022-07-24,2022,7,24,Sunday,274.85,275.35,276.79,278.45,274.85,5.497
2022-07-25,2022,7,25,Monday,280.08,280.59,282.13,283.83,280.08,5.602
2022-07-26,2022,7,26,Tuesday,279.75,280.25,281.83,283.52,279.75,5.595
2022-07-27,2022,7,27,Wednesday,271.39,271.88,273.35,275.0,271.39,5.428
2022-07-28,2022,7,28,Thursday,275.45,275.93,277.48,279.16,275.45,5.509
2022-07-29,2022,7,29,Friday,212.63,213.0,214.26,215.62,212.63,4.253
2022-07-30,2022,7,30,Saturday,166.24,166.54,167.47,168.56,166.24,3.325
2022-07-31,2022,7,31,Sunday,244.27,244.71,246.1,247.64,244.27,4.885
2022-08-01,2022,8,1,Monday,224.59,225.01,226.07,227.4,224.59,4.492
2022-08-02,2022,8,2,Tuesday,222.93,223.32,224.61,226.01,222.93,4.459
2022-08-03,2022,8,3,Wednesday,213.97,214.37,215.47,216.8,213.97,4.279
2022-08-04,2022,8,4,Thursday,195.97,196.32,197.15,198.3,195.97,3.919
2022-08-05,2022,8,5,Friday,238.61,239.05,240.35,241.81,238.61,4.772
2022-08-06,2022,8,6,Saturday,255.01,255.48,256.96,258.57,255.01,5.1
2022-08-07,2022,8,7,Sunday,114.59,114.81,115.1,115.77,114.59,2.292
2022-08-08,2022,8,8,Monday,67.85,67.98,68.08,68.57,67.85,1.357
2022-08-09,2022,8,9,Tuesday,96.68,96.85,97.05,97.66,96.68,1.934
2022-08-10,2022,8,10,Wednesday,201.02,201.38,202.29,203.48,201.02,4.02
2022-08-11,2022,8,11,Thursday,175.03,175.35,176.05,177.06,175.03,3.501
2022-08-12,2022,8,12,Friday,275.18,275.67,277.18,278.85,275.18,5.504
2022-08-13,2022,8,13,Saturday,243.92,244.38,245.67,247.13,243.92,4.878
2022-08-14,2022,8,14,Sunday,189.36,189.73,190.67,191.85,189.36,3.787
2022-08-15,2022,8,15,Monday,119.79,120.03,120.31,121.01,119.79,2.396
2022-08-16,2022,8,16,Tuesday,274.52,275.02,276.59,278.28,274.52,5.49
2022-08-17,2022,8,17,Wednesday,233.56,233.98,235.06,236.4,233.56,4.671
2022-08-18,2022,8,18,Thursday,287.19,287.7,289.32,291.06,287.19,5.744
2022-08-19,2022,8,19,Friday,194.23,194.57,195.56,196.76,194.23,3.885
2022-08-20,2022,8,20,Saturday,123.75,123.99,124.29,125.0,123.75,2.475
2022-08-21,2022,8,21,Sunday,259.69,260.15,261.46,262.98,259.69,5.194
2022-08-22,2022,8,22,Monday,274.11,274.61,276.2,277.84,274.11,5.482
2022-08-23,2022,8,23,Tuesday,252.48,252.93,254.39,255.95,252.48,5.05
2022-08-24,2022,8,24,Wednesday,230.09,230.52,231.77,233.19,230.09,4.602
2022-08-25,2022,8,25,Thursday,245.5,245.95,247.3,248.76,245.5,4.91
2022-08-26,2022,8,26,Friday,201.15,201.52,202.38,203.5,201.15,4.023
2022-08-27,2022,8,27,Saturday,271.79,272.28,273.74,275.39,271.79,5.436
2022-08-28,2022,8,28,Sunday,228.57,228.98,230.12,231.49,228.57,4.571
2022-08-29,2022,8,29,Monday,198.93,199.31,200.19,201.36,198.93,3.979
2022-08-30,2022,8,30,Tuesday,266.11,266.6,268.1,269.71,266.11,5.322
2022-08-31,2022,8,31,Wednesday,265.73,266.22,267.68,269.26,265.73,5.315
2022-09-01,2022,9,1,Thursday,288.59,289.12,290.79,292.56,288.59,5.772
2022-09-02,2022,9,2,Friday,245.5,245.96,247.2,248.61,245.5,4.91
2022-09-03,2022,9,3,Saturday,220.73,221.16,222.35,223.66,220.73,4.415
2022-09-04,2022,9,4,Sunday,197.35,197.72,198.75,199.94,197.35,3.947
2022-09-05,2022,9,5,Monday,220.37,220.76,221.99,223.37,220.37,4.407
2022-09-06,2022,9,6,Tuesday,166.67,166.97,167.65,168.63,166.67,3.333
2022-09-07,2022,9,7,Wednesday,106.33,106.53,106.85,107.5,106.33,2.127
2022-09-08,2022,9,8,Thursday,156.42,156.7,157.27,158.17,156.42,3.128
2022-09-09,2022,9,9,Friday,243.55,243.98,245.25,246.7,243.55,4.871
2022-09-10,2022,9,10,Saturday,251.36,251.79,253.1,254.6,251.36,5.027
2022-09-11,2022,9,11,Sunday,259.94,260.4,261.8,263.35,259.94,5.199
2022-09-12,2022,9,12,Monday,248.35,248.78,250.2,251.69,248.35,4.967
2022-09-13,2022,9,13,Tuesday,243.77,244.21,245.55,247.02,243.77,4.875
2022-09-14,2022,9,14,Wednesday,174.89,175.21,176.06,177.12,174.89,3.498
2022-09-15,2022,9,15,Thursday,203.87,204.25,205.28,206.52,203.87,4.077
2022-09-16,2022,9,16,Friday,243.08,243.52,244.89,246.4,243.08,4.862
2022-09-17,2022,9,17,Saturday,251.94,252.39,253.86,255.46,251.94,5.039
2022-09-18,2022,9,18,Sunday,204.81,205.21,206.35,207.6,204.81,4.096
2022-09-19,2022,9,19,Monday,164.94,165.25,166.06,167.1,164.94,3.299
2022-09-20,2022,9,20,Tuesday,196.75,197.11,198.01,199.13,196.75,3.935
2022-09-21,2022,9,21,Wednesday,212.99,213.37,214.54,215.84,212.99,4.26
2022-09-22,2022,9,22,Thursday,153.51,153.79,154.57,155.53,153.51,3.07
2022-09-23,2022,9,23,Friday,154.77,155.06,155.75,156.67,154.77,3.095
2022-09-24,2022,9,24,Saturday,95.43,95.6,95.81,96.4,95.43,1.909
2022-09-25,2022,9,25,Sunday,177.55,177.87,178.61,179.64,177.55,3.551
2022-09-26,2022,9,26,Monday,116.52,116.74,117.0,117.66,116.52,2.33
2022-09-27,2022,9,27,Tuesday,22.39,22.44,22.48,22.79,22.39,0.448
2022-09-28,2022,9,28,Wednesday,100.1,100.29,100.52,101.11,100.1,2.002
2022-09-29,2022,9,29,Thursday,167.83,168.14,168.84,169.79,167.83,3.357
2022-09-30,2022,9,30,Friday,220.07,220.48,221.55,222.79,220.07,4.401
2022-10-01,2022,10,1,Saturday,163.3,163.61,164.25,165.17,163.3,3.266
2022-10-02,2022,10,2,Sunday,88.49,88.66,88.87,89.44,88.49,1.77
2022-10-03,2022,10,3,Monday,115.71,115.94,116.32,117.02,115.71,2.314
2022-10-04,2022,10,4,Tuesday,60.65,60.77,60.89,61.35,60.65,1.213
2022-10-05,2022,10,5,Wednesday,168.99,169.31,169.94,170.88,168.99,3.38
2022-10-06,2022,10,6,Thursday,137.25,137.53,138.03,138.8,137.25,2.745
2022-10-07,2022,10,7,Friday,140.91,141.19,141.68,142.46,140.91,2.818
2022-10-08,2022,10,8,Saturday,136.28,136.56,137.11,137.91,136.28,2.726
2022-10-09,2022,10,9,Sunday,76.42,76.59,76.77,77.29,76.42,1.528
2022-10-10,2022,10,10,Monday,56.99,57.12,57.33,57.77,56.99,1.14
2022-10-11,2022,10,11,Tuesday,30.56,30.65,30.79,31.13,30.56,0.611
2022-10-12,2022,10,12,Wednesday,80.38,80.55,80.79,81.33,80.38,1.608
2022-10-13,2022,10,13,Thursday,30.35,30.45,30.55,30.88,30.35,0.607
2022-10-14,2022,10,14,Friday,17.37,17.44,17.53,17.82,17.37,0.347
2022-10-15,2022,10,15,Saturday,135.11,135.38,135.84,136.61,135.11,2.702
2022-10-16,2022,10,16,Sunday,21.9,21.96,22.03,22.35,21.9,0.438
2022-10-17,2022,10,17,Monday,217.98,218.39,219.37,220.59,217.98,4.36
2022-10-18,2022,10,18,Tuesday,173.79,174.13,174.8,175.76,173.79,3.476
2022-10-19,2022,10,19,Wednesday,183.56,183.91,184.73,185.75,183.56,3.671
2022-10-20,2022,10,20,Thursday,122.6,122.85,123.25,123.96,122.6,2.452
2022-10-21,2022,10,21,Friday,105.51,105.74,106.06,106.68,105.51,2.11
2022-10-22,2022,10,22,Saturday,163.26,163.59,164.23,165.12,163.26,3.265
2022-10-23,2022,10,23,Sunday,107.98,108.21,108.51,109.13,107.98,2.16
2022-10-24,2022,10,24,Monday,179.29,179.64,180.34,181.33,179.29,3.586
2022-10-25,2022,10,25,Tuesday,160.26,160.57,161.23,162.14,160.26,3.205
2022-10-26,2022,10,26,Wednesday,99.23,99.44,99.79,100.4,99.23,1.985
2022-10-27,2022,10,27,Thursday,96.2,96.41,96.68,97.27,96.2,1.924
2022-10-28,2022,10,28,Friday,70.96,71.12,71.28,71.78,70.96,1.419
2022-10-29,2022,10,29,Saturday,70.51,70.68,70.88,71.37,70.51,1.41
2022-10-30,2022,10,30,Sunday,76.29,76.47,76.66,77.16,76.29,1.526
2022-10-31,2022,10,31,Monday,188.05,188.41,189.2,190.23,188.05,3.761
2022-11-01,2022,11,1,Tuesday,182.11,182.46,183.17,184.16,182.11,3.642
2022-11-02,2022,11,2,Wednesday,178.5,178.85,179.56,180.55,178.5,3.57
2022-11-03,2022,11,3,Thursday,183.76,184.11,184.83,185.84,183.76,3.675
2022-11-04,2022,11,4,Friday,120.31,120.56,120.93,121.61,120.31,2.406
2022-11-05,2022,11,5,Saturday,141.95,142.26,142.8,143.6,141.95,2.839
2022-11-06,2022,11,6,Sunday,152.9,153.21,153.8,154.67,152.9,3.058
2022-11-07,2022,11,7,Monday,186.18,186.55,187.38,188.44,186.18,3.724
2022-11-08,2022,11,8,Tuesday,173.25,173.59,174.27,175.23,173.25,3.465
2022-11-09,2022,11,9,Wednesday,177.48,177.83,178.56,179.54,177.48,3.55
2022-11-10,2022,11,10,Thursday,137.39,137.68,138.23,139.01,137.39,2.748
2022-11-11,2022,11,11,Friday,169.73,170.07,170.84,171.82,169.73,3.395
2022-11-12,2022,11,12,Saturday,82.34,82.53,82.75,83.27,82.34,1.647
2022-11-13,2022,11,13,Sunday,84.16,84.35,84.61,85.13,84.16,1.683
2022-11-14,2022,11,14,Monday,117.29,117.53,117.91,118.59,117.29,2.346
2022-11-15,2022,11,15,Tuesday,143.42,143.71,144.24,145.05,143.42,2.868
2022-11-16,2022,11,16,Wednesday,137.42,137.7,138.21,138.99,137.42,2.748
2022-11-17,2022,11,17,Thursday,93.6,93.77,94.03,94.6,93.6,1.872
2022-11-18,2022,11,18,Friday,128.61,128.88,129.3,130.03,128.61,2.572
2022-11-19,2022,11,19,Saturday,56.87,57.01,57.23,57.67,56.87,1.137
2022-11-20,2022,11,20,Sunday,11.24,11.28,11.36,11.63,11.24,0.225
2022-11-21,2022,11,21,Monday,78.89,79.07,79.28,79.78,78.89,1.578
2022-11-22,2022,11,22,Tuesday,105.16,105.39,105.84,106.5,105.16,2.103
2022-11-23,2022,11,23,Wednesday,91.44,91.65,91.94,92.5,91.44,1.829
2022-11-24,2022,11,24,Thursday,212.65,213.05,214.06,215.25,212.65,4.253
2022-11-25,2022,11,25,Friday,145.13,145.41,145.92,146.74,145.13,2.903
2022-11-26,2022,11,26,Saturday,69.51,69.65,69.82,70.29,69.51,1.39
2022-11-27,2022,11,27,Sunday,139.63,139.89,140.4,141.19,139.63,2.793
2022-11-28,2022,11,28,Monday,233.92,234.36,235.56,236.88,233.92,4.678
2022-11-29,2022,11,29,Tuesday,204.36,204.74,205.63,206.77,204.36,4.087
2022-11-30,2022,11,30,Wednesday,147.59,147.88,148.44,149.27,147.59,2.952
2022-12-01,2022,12,1,Thursday,142.71,142.98,143.48,144.28,142.71,2.854
2022-12-02,2022,12,2,Friday,105.33,105.54,105.85,106.46,105.33,2.107
2022-12-03,2022,12,3,Saturday,80.64,80.81,81.0,81.5,80.64,1.613
2022-12-04,2022,12,4,Sunday,38.99,39.07,39.16,39.52,38.99,0.78
2022-12-05,2022,12,5,Monday,119.33,119.56,119.93,120.62,119.33,2.387
2022-12-06,2022,12,6,Tuesday,53.07,53.17,53.29,53.69,53.07,1.061
2022-12-07,2022,12,7,Wednesday,112.52,112.73,113.12,113.79,112.52,2.25
2022-12-08,2022,12,8,Thursday,72.48,72.62,72.81,73.29,72.48,1.45
2022-12-09,2022,12,9,Friday,124.43,124.66,125.1,125.82,124.43,2.489
2022-12-10,2022,12,10,Saturday,120.33,120.55,120.95,121.64,120.33,2.407
2022-12-11,2022,12,11,Sunday,62.6,62.71,62.85,63.3,62.6,1.252
2022-12-12,2022,12,12,Monday,46.74,46.84,46.93,47.3,46.74,0.935
2022-12-13,2022,12,13,Tuesday,154.87,155.16,155.75,156.61,154.87,3.097
2022-12-14,2022,12,14,Wednesday,129.55,129.8,130.24,130.98,129.55,2.591
2022-12-15,2022,12,15,Thursday,160.29,160.59,161.27,162.19,160.29,3.206
2022-12-16,2022,12,16,Friday,134.44,134.7,135.17,135.92,134.44,2.689
2022-12-17,2022,12,17,Saturday,29.49,29.56,29.63,29.95,29.49,0.59
2022-12-18,2022,12,18,Sunday,51.95,52.06,52.15,52.55,51.95,1.039
2022-12-19,2022,12,19,Monday,135.28,135.53,136.0,136.76,135.28,2.706
2022-12-20,2022,12,20,Tuesday,159.03,159.32,159.99,160.89,159.03,3.181
2022-12-21,2022,12,21,Wednesday,104.58,104.78,105.12,105.73,104.58,2.092
2022-12-22,2022,12,22,Thursday,165.67,165.99,166.71,167.64,165.67,3.313
2022-12-23,2022,12,23,Friday,158.52,158.83,159.4,160.26,158.52,3.17
2022-12-24,2022,12,24,Saturday,139.55,139.83,140.28,141.03,139.55,2.791
2022-12-25,2022,12,25,Sunday,144.46,144.74,145.23,146.02,144.46,2.889
2022-12-26,2022,12,26,Monday,137.89,138.17,138.67,139.44,137.89,2.758
2022-12-27,2022,12,27,Tuesday,145.32,145.6,146.1,146.89,145.32,2.906
2022-12-28,2022,12,28,Wednesday,174.96,175.29,175.97,176.92,174.96,3.499
2022-12-29,2022,12,29,Thursday,102.76,102.96,103.22,103.83,102.76,2.055
2022-12-30,2022,12,30,Friday,123.56,123.8,124.17,124.86,123.56,2.471
2022-12-31,2022,12,31,Saturday,103.42,103.62,103.9,104.5,103.42,2.068
2023-01-01,2023,1,1,Sunday,50.03,50.13,50.19,50.58,50.03,1.001
2023-01-02,2023,1,2,Monday,105.91,106.12,106.39,106.99,105.91,2.118
2023-01-03,2023,1,3,Tuesday,78.84,78.99,79.18,79.68,78.84,1.577
2023-01-04,2023,1,4,Wednesday,96.02,96.21,96.48,97.06,96.02,1.92
2023-01-05,2023,1,5,Thursday,68.79,68.94,69.06,69.52,68.79,1.376
2023-01-06,2023,1,6,Friday,38.04,38.13,38.21,38.55,38.04,0.761
2023-01-07,2023,1,7,Saturday,76.18,76.34,76.51,77.0,76.18,1.524
2023-01-08,2023,1,8,Sunday,28.21,28.28,28.34,28.65,28.21,0.564
2023-01-09,2023,1,9,Monday,95.5,95.69,95.98,96.57,95.5,1.91
2023-01-10,2023,1,10,Tuesday,83.45,83.61,83.78,84.29,83.45,1.669
2023-01-11,2023,1,11,Wednesday,149.71,150.0,150.51,151.31,149.71,2.994
2023-01-12,2023,1,12,Thursday,171.63,171.96,172.61,173.53,171.63,3.433
2023-01-13,2023,1,13,Friday,172.46,172.78,173.61,174.61,172.46,3.449
2023-01-14,2023,1,14,Saturday,212.81,213.2,214.15,215.32,212.81,4.256
2023-01-15,2023,1,15,Sunday,170.06,170.39,171.06,172.0,170.06,3.401
2023-01-16,2023,1,16,Monday,168.32,168.63,169.33,170.3,168.32,3.366
2023-01-17,2023,1,17,Tuesday,95.06,95.25,95.51,96.06,95.06,1.901
2023-01-18,2023,1,18,Wednesday,71.38,71.52,71.67,72.14,71.38,1.428
2023-01-19,2023,1,19,Thursday,85.11,85.27,85.51,86.03,85.11,1.702
2023-01-20,2023,1,20,Friday,105.53,105.73,106.03,106.64,105.53,2.111
2023-01-21,2023,1,21,Saturday,78.72,78.88,79.05,79.53,78.72,1.574
2023-01-22,2023,1,22,Sunday,68.33,68.47,68.61,69.06,68.33,1.367
2023-01-23,2023,1,23,Monday,89.58,89.76,89.95,90.48,89.58,1.792
2023-01-24,2023,1,24,Tuesday,35.62,35.69,35.75,36.09,35.62,0.712
2023-01-25,2023,1,25,Wednesday,69.27,69.4,69.52,69.99,69.27,1.385
2023-01-26,2023,1,26,Thursday,155.47,155.75,156.32,157.16,155.47,3.109
2023-01-27,2023,1,27,Friday,153.77,154.07,154.65,155.49,153.77,3.075
2023-01-28,2023,1,28,Saturday,34.17,34.24,34.31,34.65,34.17,0.683
2023-01-29,2023,1,29,Sunday,39.07,39.15,39.21,39.58,39.07,0.781
2023-01-30,2023,1,30,Monday,155.47,155.75,156.32,157.16,155.47,3.109
2023-01-31,2023,1,31,Tuesday,97.71,97.9,98.14,98.71,97.71,1.954
2023-02-01,2023,2,1,Wednesday,161.11,161.4,162.01,162.92,161.11,3.222
2023-02-02,2023,2,2,Thursday,62.23,62.37,62.52,62.96,62.23,1.245
2023-02-03,2023,2,3,Friday,174.79,175.13,175.86,176.84,174.79,3.496
2023-02-04,2023,2,4,Saturday,171.76,172.08,172.78,173.73,171.76,3.435
2023-02-05,2023,2,5,Sunday,170.24,170.57,171.22,172.14,170.24,3.405
2023-02-06,2023,2,6,Monday,203.47,203.85,204.77,205.89,203.47,4.069
2023-02-07,2023,2,7,Tuesday,178.25,178.6,179.42,180.43,178.25,3.565
2023-02-08,2023,2,8,Wednesday,157.32,157.62,158.23,159.09,157.32,3.146
2023-02-09,2023,2,9,Thursday,203.31,203.71,204.72,205.89,203.31,4.066
2023-02-10,2023,2,10,Friday,196.91,197.28,198.16,199.25,196.91,3.938
2023-02-11,2023,2,11,Saturday,254.36,254.87,256.24,257.71,254.36,5.087
2023-02-12,2023,2,12,Sunday,234.88,235.35,236.56,237.88,234.88,4.698
2023-02-13,2023,2,13,Monday,249.52,250.01,251.32,252.74,249.52,4.99
2023-02-14,2023,2,14,Tuesday,215.7,216.13,217.22,218.45,215.7,4.314
2023-02-15,2023,2,15,Wednesday,92.79,92.98,93.21,93.77,92.79,1.856
2023-02-16,2023,2,16,Thursday,126.35,126.6,127.04,127.76,126.35,2.527
2023-02-17,2023,2,17,Friday,146.01,146.3,146.81,147.6,146.01,2.92
2023-02-18,2023,2,18,Saturday,124.54,124.78,125.16,125.87,124.54,2.491
2023-02-19,2023,2,19,Sunday,192.34,192.71,193.68,194.8,192.34,3.847
2023-02-20,2023,2,20,Monday,164.35,164.67,165.35,166.26,164.35,3.287
2023-02-21,2023,2,21,Tuesday,116.41,116.65,117.06,117.75,116.41,2.328
2023-02-22,2023,2,22,Wednesday,95.22,95.41,95.68,96.26,95.22,1.904
2023-02-23,2023,2,23,Thursday,126.78,127.03,127.44,128.16,126.78,2.536
2023-02-24,2023,2,24,Friday,256.56,257.03,258.47,259.92,256.56,5.131
2023-02-25,2023,2,25,Saturday,154.53,154.84,155.5,156.35,154.53,3.091
2023-02-26,2023,2,26,Sunday,94.35,94.54,94.81,95.39,94.35,1.887
2023-02-27,2023,2,27,Monday,125.21,125.46,125.92,126.64,125.21,2.504
2023-02-28,2023,2,28,Tuesday,86.49,86.67,86.9,87.43,86.49,1.73
2023-03-01,2023,3,1,Wednesday,129.92,130.18,130.69,131.44,129.92,2.598
2023-03-02,2023,3,2,Thursday,188.13,188.49,189.29,190.31,188.13,3.763
2023-03-03,2023,3,3,Friday,252.21,252.69,254.07,255.5,252.21,5.044
2023-03-04,2023,3,4,Saturday,119.08,119.31,119.71,120.41,119.08,2.382
2023-03-05,2023,3,5,Sunday,137.67,137.93,138.38,139.13,137.67,2.753
2023-03-06,2023,3,6,Monday,230.94,231.38,232.56,233.86,230.94,4.619
2023-03-07,2023,3,7,Tuesday,244.2,244.66,246.02,247.43,244.2,4.884
2023-03-08,2023,3,8,Wednesday,240.41,240.88,242.08,243.42,240.41,4.808
2023-03-09,2023,3,9,Thursday,205.96,206.36,207.4,208.59,205.96,4.119
2023-03-10,2023,3,10,Friday,210.62,211.02,211.98,213.15,210.62,4.212
2023-03-11,2023,3,11,Saturday,189.36,189.72,190.56,191.61,189.36,3.787
2023-03-12,2023,3,12,Sunday,189.55,189.92,190.71,191.75,189.55,3.791
2023-03-13,2023,3,13,Monday,188.7,189.08,189.89,190.92,188.7,3.774
2023-03-14,2023,3,14,Tuesday,175.72,176.07,176.9,177.89,175.72,3.514
2023-03-15,2023,3,15,Wednesday,201.0,201.39,202.31,203.43,201.0,4.02
2023-03-16,2023,3,16,Thursday,186.87,187.25,188.07,189.12,186.87,3.737
2023-03-17,2023,3,17,Friday,279.44,279.97,281.6,283.23,279.44,5.589
2023-03-18,2023,3,18,Saturday,231.41,231.86,233.08,234.41,231.41,4.628
2023-03-19,2023,3,19,Sunday,212.27,212.69,213.66,214.82,212.27,4.245
2023-03-20,2023,3,20,Monday,235.83,236.29,237.57,238.92,235.83,4.717
2023-03-21,2023,3,21,Tuesday,267.32,267.84,269.39,270.92,267.32,5.346
2023-03-22,2023,3,22,Wednesday,258.24,258.75,260.27,261.74,258.24,5.165
2023-03-23,2023,3,23,Thursday,248.11,248.59,250.01,251.44,248.11,4.962
2023-03-24,2023,3,24,Friday,239.39,239.86,241.26,242.66,239.39,4.788
2023-03-25,2023,3,25,Saturday,258.82,259.34,260.79,262.27,258.82,5.176
2023-03-26,2023,3,26,Sunday,226.91,227.37,228.52,229.79,226.91,4.538
2023-03-27,2023,3,27,Monday,249.21,249.7,251.04,252.46,249.21,4.984
2023-03-28,2023,3,28,Tuesday,202.33,202.74,203.7,204.85,202.33,4.047
2023-03-29,2023,3,29,Wednesday,192.52,192.9,193.73,194.8,192.52,3.85
2023-03-30,2023,3,30,Thursday,197.48,197.88,198.77,199.87,197.48,3.95
2023-03-31,2023,3,31,Friday,186.27,186.65,187.35,188.36,186.27,3.725
2023-04-01,2023,4,1,Saturday,218.84,219.29,220.39,221.64,218.84,4.377
2023-04-02,2023,4,2,Sunday,234.54,235.01,236.2,237.53,234.54,4.691
2023-04-03,2023,4,3,Monday,241.75,242.24,243.47,244.82,241.75,4.835
2023-04-04,2023,4,4,Tuesday,256.24,256.76,258.2,259.67,256.24,5.125
2023-04-05,2023,4,5,Wednesday,251.66,252.17,253.58,255.01,251.66,5.033
2023-04-06,2023,4,6,Thursday,254.27,254.78,256.16,257.6,254.27,5.085
2023-04-07,2023,4,7,Friday,228.32,228.77,229.9,231.19,228.32,4.566
2023-04-08,2023,4,8,Saturday,214.68,215.12,216.12,217.3,214.68,4.294
2023-04-09,2023,4,9,Sunday,179.26,179.6,180.42,181.43,179.26,3.585
2023-04-10,2023,4,10,Monday,156.8,157.1,157.64,158.49,156.8,3.136
2023-04-11,2023,4,11,Tuesday,218.66,219.07,220.1,221.32,218.66,4.373
2023-04-12,2023,4,12,Wednesday,185.07,185.42,186.25,187.28,185.07,3.701
2023-04-13,2023,4,13,Thursday,216.75,217.17,218.21,219.41,216.75,4.335
2023-04-14,2023,4,14,Friday,172.39,172.73,173.43,174.38,172.39,3.448
2023-04-15,2023,4,15,Saturday,143.81,144.09,144.64,145.45,143.81,2.876
2023-04-16,2023,4,16,Sunday,162.78,163.1,163.72,164.62,162.78,3.256
2023-04-17,2023,4,17,Monday,183.57,183.92,184.7,185.72,183.57,3.671
2023-04-18,2023,4,18,Tuesday,212.33,212.74,213.73,214.91,212.33,4.247
2023-04-19,2023,4,19,Wednesday,217.17,217.58,218.61,219.83,217.17,4.343
2023-04-20,2023,4,20,Thursday,225.5,225.95,227.07,228.33,225.5,4.51
2023-04-21,2023,4,21,Friday,229.84,230.29,231.46,232.76,229.84,4.597
2023-04-22,2023,4,22,Saturday,229.2,229.64,230.84,232.14,229.2,4.584
2023-04-23,2023,4,23,Sunday,237.45,237.91,239.17,240.54,237.45,4.749
2023-04-24,2023,4,24,Monday,260.4,260.92,262.34,263.81,260.4,5.208
2023-04-25,2023,4,25,Tuesday,221.37,221.79,222.81,224.03,221.37,4.427
2023-04-26,2023,4,26,Wednesday,222.19,222.62,223.63,224.87,222.19,4.444
2023-04-27,2023,4,27,Thursday,177.91,178.26,178.95,179.92,177.91,3.558
2023-04-28,2023,4,28,Friday,232.67,233.12,234.24,235.56,232.67,4.653
2023-04-29,2023,4,29,Saturday,233.94,234.4,235.54,236.85,233.94,4.679
2023-04-30,2023,4,30,Sunday,227.61,228.0,229.1,230.39,227.61,4.552
2023-05-01,2023,5,1,Monday,192.46,192.8,193.58,194.64,192.46,3.849
2023-05-02,2023,5,2,Tuesday,205.63,206.02,206.92,208.07,205.63,4.113
2023-05-03,2023,5,3,Wednesday,247.15,247.62,248.93,250.36,247.15,4.943
2023-05-04,2023,5,4,Thursday,284.52,285.05,286.67,288.36,284.52,5.69
2023-05-05,2023,5,5,Friday,256.02,256.51,257.93,259.41,256.02,5.12
2023-05-06,2023,5,6,Saturday,244.26,244.71,246.01,247.42,244.26,4.885
2023-05-07,2023,5,7,Sunday,212.24,212.65,213.79,215.05,212.24,4.245
2023-05-08,2023,5,8,Monday,221.24,221.67,222.65,223.88,221.24,4.425
2023-05-09,2023,5,9,Tuesday,106.61,106.83,107.15,107.81,106.61,2.132
2023-05-10,2023,5,10,Wednesday,174.67,175.01,175.81,176.84,174.67,3.493
2023-05-11,2023,5,11,Thursday,166.52,166.85,167.72,168.74,166.52,3.33
2023-05-12,2023,5,12,Friday,220.51,220.93,222.03,223.29,220.51,4.41
2023-05-13,2023,5,13,Saturday,246.81,247.28,248.64,250.1,246.81,4.936
2023-05-14,2023,5,14,Sunday,160.08,160.39,161.17,162.14,160.08,3.202
2023-05-15,2023,5,15,Monday,241.44,241.91,243.2,244.59,241.44,4.829
2023-05-16,2023,5,16,Tuesday,274.7,275.22,276.77,278.36,274.7,5.494
2023-05-17,2023,5,17,Wednesday,258.67,259.17,260.56,262.04,258.67,5.173
2023-05-18,2023,5,18,Thursday,249.94,250.43,251.85,253.32,249.94,4.999
2023-05-19,2023,5,19,Friday,246.19,246.66,248.02,249.45,246.19,4.924
2023-05-20,2023,5,20,Saturday,246.2,246.68,248.0,249.43,246.2,4.924
2023-05-21,2023,5,21,Sunday,259.05,259.56,260.94,262.43,259.05,5.181
2023-05-22,2023,5,22,Monday,246.66,247.15,248.53,249.99,246.66,4.933
2023-05-23,2023,5,23,Tuesday,243.59,244.06,245.45,246.92,243.59,4.872
2023-05-24,2023,5,24,Wednesday,252.14,252.63,254.05,255.53,252.14,5.043
2023-05-25,2023,5,25,Thursday,261.24,261.77,263.2,264.74,261.24,5.225
2023-05-26,2023,5,26,Friday,238.09,238.57,239.88,241.29,238.09,4.762
2023-05-27,2023,5,27,Saturday,225.56,226.03,227.22,228.53,225.56,4.511
2023-05-28,2023,5,28,Sunday,191.36,191.75,192.57,193.64,191.36,3.827
2023-05-29,2023,5,29,Monday,231.25,231.71,232.9,234.24,231.25,4.625
2023-05-30,2023,5,30,Tuesday,199.29,199.7,200.76,201.96,199.29,3.986
2023-05-31,2023,5,31,Wednesday,257.02,257.55,258.91,260.35,257.02,5.14
2023-06-01,2023,6,1,Thursday,261.38,261.91,263.42,264.96,261.38,5.228
2023-06-02,2023,6,2,Friday,250.05,250.57,251.95,253.41,250.05,5.001
2023-06-03,2023,6,3,Saturday,200.48,200.9,202.06,203.3,200.48,4.01
2023-06-04,2023,6,4,Sunday,168.1,168.46,169.2,170.18,168.1,3.362
2023-06-05,2023,6,5,Monday,181.56,181.94,182.66,183.67,181.56,3.631
2023-06-06,2023,6,6,Tuesday,190.15,190.55,191.3,192.35,190.15,3.803
2023-06-07,2023,6,7,Wednesday,263.34,263.88,265.26,266.78,263.34,5.267
2023-06-08,2023,6,8,Thursday,253.32,253.84,255.21,256.67,253.32,5.066
2023-06-09,2023,6,9,Friday,211.33,211.77,212.77,213.98,211.33,4.227
2023-06-10,2023,6,10,Saturday,260.5,261.03,262.36,263.86,260.5,5.21
2023-06-11,2023,6,11,Sunday,186.99,187.38,188.08,189.1,186.99,3.74
2023-06-12,2023,6,12,Monday,188.79,189.18,189.92,190.95,188.79,3.776
2023-06-13,2023,6,13,Tuesday,255.09,255.62,256.95,258.41,255.09,5.102
2023-06-14,2023,6,14,Wednesday,193.59,194.01,194.85,195.97,193.59,3.872
2023-06-15,2023,6,15,Thursday,226.67,227.14,228.25,229.57,226.67,4.533
2023-06-16,2023,6,16,Friday,225.22,225.69,226.86,228.16,225.22,4.504
2023-06-17,2023,6,17,Saturday,257.1,257.62,259.02,260.52,257.1,5.142
2023-06-18,2023,6,18,Sunday,246.07,246.58,247.76,249.17,246.07,4.921
2023-06-19,2023,6,19,Monday,273.13,273.69,275.15,276.75,273.13,5.463
2023-06-20,2023,6,20,Tuesday,212.17,212.62,213.73,214.98,212.17,4.243
2023-06-21,2023,6,21,Wednesday,229.77,230.25,231.5,232.85,229.77,4.595
2023-06-22,2023,6,22,Thursday,243.05,243.55,244.93,246.4,243.05,4.861
2023-06-23,2023,6,23,Friday,233.87,234.35,235.58,236.97,233.87,4.677
2023-06-24,2023,6,24,Saturday,266.56,267.11,268.53,270.06,266.56,5.331
2023-06-25,2023,6,25,Sunday,196.75,197.15,197.91,199.0,196.75,3.935
2023-06-26,2023,6,26,Monday,244.61,245.12,246.38,247.81,244.61,4.892
2023-06-27,2023,6,27,Tuesday,267.6,268.15,269.56,271.11,267.6,5.352
2023-06-28,2023,6,28,Wednesday,254.7,255.22,256.58,258.07,254.7,5.094
2023-06-29,2023,6,29,Thursday,238.22,238.72,240.0,241.44,238.22,4.764
2023-06-30,2023,6,30,Friday,218.97,219.43,220.42,221.67,218.97,4.379
2023-07-01,2023,7,1,Saturday,270.13,270.68,272.14,273.72,270.13,5.403
2023-07-02,2023,7,2,Sunday,221.16,221.62,222.65,223.92,221.16,4.423
2023-07-03,2023,7,3,Monday,241.59,242.08,243.26,244.65,241.59,4.832
2023-07-04,2023,7,4,Tuesday,241.66,242.16,243.44,244.88,241.66,4.833
2023-07-05,2023,7,5,Wednesday,232.37,232.85,234.02,235.39,232.37,4.647
2023-07-06,2023,7,6,Thursday,269.64,270.18,271.61,273.19,269.64,5.393
2023-07-07,2023,7,7,Friday,235.55,236.03,237.14,238.49,235.55,4.711
2023-07-08,2023,7,8,Saturday,247.41,247.93,249.19,250.64,247.41,4.948
2023-07-09,2023,7,9,Sunday,195.01,195.43,196.34,197.48,195.01,3.9
2023-07-10,2023,7,10,Monday,255.75,256.28,257.65,259.17,255.75,5.115
2023-07-11,2023,7,11,Tuesday,214.42,214.86,215.94,217.19,214.42,4.288
2023-07-12,2023,7,12,Wednesday,227.07,227.54,228.69,230.02,227.07,4.541
2023-07-13,2023,7,13,Thursday,199.74,200.16,201.11,202.25,199.74,3.995
2023-07-14,2023,7,14,Friday,200.96,201.37,202.35,203.54,200.96,4.019
2023-07-15,2023,7,15,Saturday,267.55,268.09,269.54,271.09,267.55,5.351
2023-07-16,2023,7,16,Sunday,168.93,169.28,169.87,170.78,168.93,3.379
2023-07-17,2023,7,17,Monday,175.22,175.57,176.24,177.22,175.22,3.504
2023-07-18,2023,7,18,Tuesday,202.33,202.76,203.74,204.91,202.33,4.047
2023-07-19,2023,7,19,Wednesday,172.98,173.33,174.03,175.04,172.98,3.46
2023-07-20,2023,7,20,Thursday,166.21,166.55,167.23,168.2,166.21,3.324
2023-07-21,2023,7,21,Friday,268.07,268.6,270.04,271.61,268.07,5.361
2023-07-22,2023,7,22,Saturday,153.64,153.96,154.49,155.35,153.64,3.073
2023-07-23,2023,7,23,Sunday,153.63,153.94,154.5,155.37,153.63,3.073
2023-07-24,2023,7,24,Monday,185.23,185.59,186.53,187.62,185.23,3.705
2023-07-25,2023,7,25,Tuesday,229.17,229.63,230.87,232.22,229.17,4.583
2023-07-26,2023,7,26,Wednesday,217.9,218.33,219.45,220.69,217.9,4.358
2023-07-27,2023,7,27,Thursday,262.11,262.63,264.02,265.51,262.11,5.242
2023-07-28,2023,7,28,Friday,215.62,216.06,217.08,218.31,215.62,4.312
2023-07-29,2023,7,29,Saturday,257.94,258.44,259.87,261.36,257.94,5.159
2023-07-30,2023,7,30,Sunday,240.55,241.03,242.22,243.56,240.55,4.811
2023-07-31,2023,7,31,Monday,206.98,207.41,208.34,209.51,206.98,4.14
2023-08-01,2023,8,1,Tuesday,180.69,181.07,181.83,182.85,180.69,3.614
2023-08-02,2023,8,2,Wednesday,92.92,93.12,93.29,93.86,92.92,1.858
2023-08-03,2023,8,3,Thursday,148.32,148.64,149.17,150.0,148.32,2.966
2023-08-04,2023,8,4,Friday,199.44,199.85,200.74,201.86,199.44,3.989
2023-08-05,2023,8,5,Saturday,121.78,122.03,122.42,123.14,121.78,2.436
2023-08-06,2023,8,6,Sunday,47.22,47.34,47.41,47.82,47.22,0.944
2023-08-07,2023,8,7,Monday,211.71,212.15,213.07,214.25,211.71,4.234
2023-08-08,2023,8,8,Tuesday,200.43,200.85,201.72,202.83,200.43,4.009
2023-08-09,2023,8,9,Wednesday,254.04,254.57,255.86,257.32,254.04,5.081
2023-08-10,2023,8,10,Thursday,255.87,256.39,257.67,259.13,255.87,5.117
2023-08-11,2023,8,11,Friday,228.29,228.77,229.82,231.1,228.29,4.566
2023-08-12,2023,8,12,Saturday,206.03,206.47,207.34,208.49,206.03,4.121
2023-08-13,2023,8,13,Sunday,161.83,162.17,162.67,163.54,161.83,3.237
2023-08-14,2023,8,14,Monday,273.03,273.59,275.12,276.71,273.03,5.461
2023-08-15,2023,8,15,Tuesday,273.08,273.64,275.16,276.75,273.08,5.462
2023-08-16,2023,8,16,Wednesday,222.12,222.6,223.8,225.13,222.12,4.442
2023-08-17,2023,8,17,Thursday,228.05,228.52,229.8,231.15,228.05,4.561
2023-08-18,2023,8,18,Friday,227.39,227.85,229.12,230.5,227.39,4.548
2023-08-19,2023,8,19,Saturday,243.37,243.87,245.14,246.58,243.37,4.867
2023-08-20,2023,8,20,Sunday,181.12,181.51,182.3,183.31,181.12,3.622
2023-08-21,2023,8,21,Monday,277.57,278.16,279.74,281.38,277.57,5.551
2023-08-22,2023,8,22,Tuesday,259.81,260.35,261.75,263.24,259.81,5.196
2023-08-23,2023,8,23,Wednesday,280.59,281.16,282.76,284.42,280.59,5.612
2023-08-24,2023,8,24,Thursday,260.96,261.51,262.94,264.46,260.96,5.219
2023-08-25,2023,8,25,Friday,278.34,278.93,280.51,282.14,278.34,5.567
2023-08-26,2023,8,26,Saturday,266.19,266.75,268.2,269.76,266.19,5.324
2023-08-27,2023,8,27,Sunday,265.97,266.52,267.9,269.41,265.97,5.319
2023-08-28,2023,8,28,Monday,249.84,250.36,251.78,253.26,249.84,4.997
2023-08-29,2023,8,29,Tuesday,203.57,203.98,204.86,206.01,203.57,4.071
2023-08-30,2023,8,30,Wednesday,209.72,210.14,211.06,212.25,209.72,4.194
2023-08-31,2023,8,31,Thursday,146.29,146.6,147.11,147.91,146.29,2.926
2023-09-01,2023,9,1,Friday,146.98,147.26,147.77,148.59,146.98,2.94
2023-09-02,2023,9,2,Saturday,143.66,143.97,144.49,145.3,143.66,2.873
2023-09-03,2023,9,3,Sunday,131.66,131.95,132.29,133.01,131.66,2.633
2023-09-04,2023,9,4,Monday,243.14,243.64,244.95,246.37,243.14,4.863
2023-09-05,2023,9,5,Tuesday,176.84,177.2,178.08,179.14,176.84,3.537
2023-09-06,2023,9,6,Wednesday,165.63,165.96,166.52,167.42,165.63,3.313
2023-09-07,2023,9,7,Thursday,276.28,276.84,278.4,279.98,276.28,5.526
2023-09-08,2023,9,8,Friday,240.86,241.35,242.6,243.98,240.86,4.817
2023-09-09,2023,9,9,Saturday,278.99,279.55,281.13,282.75,278.99,5.58
2023-09-10,2023,9,10,Sunday,227.77,228.24,229.26,230.5,227.77,4.555
2023-09-11,2023,9,11,Monday,205.65,206.08,206.99,208.12,205.65,4.113
2023-09-12,2023,9,12,Tuesday,199.48,199.89,200.86,201.99,199.48,3.99
2023-09-13,2023,9,13,Wednesday,239.77,240.26,241.61,243.02,239.77,4.795
2023-09-14,2023,9,14,Thursday,181.56,181.94,182.6,183.57,181.56,3.631
2023-09-15,2023,9,15,Friday,229.92,230.4,231.58,232.89,229.92,4.598
2023-09-16,2023,9,16,Saturday,200.39,200.8,201.75,202.89,200.39,4.008
2023-09-17,2023,9,17,Sunday,178.15,178.52,179.23,180.2,178.15,3.563
2023-09-18,2023,9,18,Monday,195.62,196.0,196.84,197.9,195.62,3.912
2023-09-19,2023,9,19,Tuesday,239.64,240.13,241.38,242.76,239.64,4.793
2023-09-20,2023,9,20,Wednesday,243.95,244.45,245.72,247.11,243.95,4.879
2023-09-21,2023,9,21,Thursday,181.93,182.3,183.11,184.15,181.93,3.639
2023-09-22,2023,9,22,Friday,272.26,272.79,274.33,275.93,272.26,5.445
2023-09-23,2023,9,23,Saturday,116.61,116.85,117.17,117.84,116.61,2.332
2023-09-24,2023,9,24,Sunday,27.54,27.6,27.66,27.99,27.54,0.551
2023-09-25,2023,9,25,Monday,72.88,73.03,73.19,73.66,72.88,1.458
2023-09-26,2023,9,26,Tuesday,254.09,254.6,255.89,257.31,254.09,5.082
2023-09-27,2023,9,27,Wednesday,231.48,231.95,233.05,234.33,231.48,4.63
2023-09-28,2023,9,28,Thursday,185.56,185.93,186.66,187.67,185.56,3.711
2023-09-29,2023,9,29,Friday,137.85,138.14,138.6,139.38,137.85,2.757
2023-09-30,2023,9,30,Saturday,133.35,133.64,134.12,134.88,133.35,2.667
2023-10-01,2023,10,1,Sunday,111.4,111.64,111.92,112.53,111.4,2.228
2023-10-02,2023,10,2,Monday,185.63,186.02,186.93,188.0,185.63,3.713
2023-10-03,2023,10,3,Tuesday,151.83,152.15,152.7,153.52,151.83,3.037
2023-10-04,2023,10,4,Wednesday,140.95,141.25,141.79,142.57,140.95,2.819
2023-10-05,2023,10,5,Thursday,167.07,167.41,168.19,169.14,167.07,3.341
2023-10-06,2023,10,6,Friday,206.8,207.22,208.46,209.73,206.8,4.136
2023-10-07,2023,10,7,Saturday,184.28,184.66,185.55,186.61,184.28,3.686
2023-10-08,2023,10,8,Sunday,115.42,115.66,115.94,116.58,115.42,2.308
2023-10-09,2023,10,9,Monday,82.29,82.47,82.68,83.21,82.29,1.646
2023-10-10,2023,10,10,Tuesday,99.31,99.51,99.75,100.34,99.31,1.986
2023-10-11,2023,10,11,Wednesday,213.72,214.14,215.08,216.26,213.72,4.274
2023-10-12,2023,10,12,Thursday,159.28,159.61,160.21,161.1,159.28,3.186
2023-10-13,2023,10,13,Friday,112.51,112.74,113.23,113.93,112.51,2.25
2023-10-14,2023,10,14,Saturday,146.62,146.92,147.53,148.37,146.62,2.932
2023-10-15,2023,10,15,Sunday,65.05,65.18,65.28,65.73,65.05,1.301
2023-10-16,2023,10,16,Monday,76.24,76.4,76.55,77.03,76.24,1.525
2023-10-17,2023,10,17,Tuesday,90.79,90.98,91.2,91.74,90.79,1.816
2023-10-18,2023,10,18,Wednesday,183.78,184.14,184.92,185.91,183.78,3.676
2023-10-19,2023,10,19,Thursday,185.43,185.81,186.66,187.68,185.43,3.709
2023-10-20,2023,10,20,Friday,145.09,145.4,145.88,146.67,145.09,2.902
2023-10-21,2023,10,21,Saturday,130.5,130.78,131.26,132.0,130.5,2.61
2023-10-22,2023,10,22,Sunday,112.08,112.3,112.62,113.25,112.08,2.242
2023-10-23,2023,10,23,Monday,204.87,205.28,206.17,207.26,204.87,4.097
2023-10-24,2023,10,24,Tuesday,112.68,112.91,113.21,113.84,112.68,2.254
2023-10-25,2023,10,25,Wednesday,71.87,72.03,72.14,72.61,71.87,1.437
2023-10-26,2023,10,26,Thursday,171.0,171.35,172.0,172.91,171.0,3.42
2023-10-27,2023,10,27,Friday,158.51,158.84,159.35,160.19,158.51,3.17
2023-10-28,2023,10,28,Saturday,194.85,195.23,196.02,197.08,194.85,3.897
2023-10-29,2023,10,29,Sunday,129.08,129.34,129.72,130.43,129.08,2.582
2023-10-30,2023,10,30,Monday,60.02,60.15,60.28,60.71,60.02,1.2
2023-10-31,2023,10,31,Tuesday,13.5,13.54,14.91,14.5,13.5,0.27
2023-11-01,2023,11,1,Wednesday,58.65,58.78,58.92,59.36,58.65,1.173
2023-11-02,2023,11,2,Thursday,136.53,136.81,137.28,138.04,136.53,2.731
2023-11-03,2023,11,3,Friday,120.16,120.41,120.74,121.39,120.16,2.403
2023-11-04,2023,11,4,Saturday,193.36,193.76,194.53,195.58,193.36,3.867
2023-11-05,2023,11,5,Sunday,150.26,150.57,151.04,151.84,150.26,3.005
2023-11-06,2023,11,6,Monday,248.67,249.16,250.47,251.92,248.67,4.973
2023-11-07,2023,11,7,Tuesday,95.61,95.81,96.2,96.85,95.61,1.912
2023-11-08,2023,11,8,Wednesday,166.19,166.53,167.19,168.14,166.19,3.324
2023-11-09,2023,11,9,Thursday,160.65,160.97,161.63,162.55,160.65,3.213
2023-11-10,2023,11,10,Friday,49.1,49.21,49.32,49.71,49.1,0.982
2023-11-11,2023,11,11,Saturday,154.86,155.17,155.71,156.56,154.86,3.097
2023-11-12,2023,11,12,Sunday,117.59,117.83,118.13,118.78,117.59,2.352
2023-11-13,2023,11,13,Monday,85.22,85.39,85.6,86.12,85.22,1.704
2023-11-14,2023,11,14,Tuesday,103.68,103.9,104.22,104.85,103.68,2.074
2023-11-15,2023,11,15,Wednesday,115.7,115.94,116.29,116.96,115.7,2.314
2023-11-16,2023,11,16,Thursday,79.25,79.41,79.59,80.1,79.25,1.585
2023-11-17,2023,11,17,Friday,57.32,57.44,57.54,57.95,57.32,1.146
2023-11-18,2023,11,18,Saturday,56.42,56.54,56.61,57.02,56.42,1.128
2023-11-19,2023,11,19,Sunday,52.87,52.98,53.05,53.45,52.87,1.057
2023-11-20,2023,11,20,Monday,63.27,63.41,63.51,63.94,63.27,1.265
2023-11-21,2023,11,21,Tuesday,105.74,105.96,106.21,106.82,105.74,2.115
2023-11-22,2023,11,22,Wednesday,88.14,88.33,88.51,89.04,88.14,1.763
2023-11-23,2023,11,23,Thursday,173.23,173.57,174.23,175.19,173.23,3.465
2023-11-24,2023,11,24,Friday,137.71,137.97,138.43,139.23,137.71,2.754
2023-11-25,2023,11,25,Saturday,59.74,59.85,59.96,60.41,59.74,1.195
2023-11-26,2023,11,26,Sunday,30.11,30.17,30.21,30.54,30.11,0.602
2023-11-27,2023,11,27,Monday,130.4,130.66,131.04,131.76,130.4,2.608
2023-11-28,2023,11,28,Tuesday,85.38,85.56,85.77,86.3,85.38,1.708
2023-11-29,2023,11,29,Wednesday,114.16,114.39,114.7,115.35,114.16,2.283
2023-11-30,2023,11,30,Thursday,101.74,101.95,102.26,102.88,101.74,2.035
2023-12-01,2023,12,1,Friday,104.26,104.47,104.73,105.34,104.26,2.085
2023-12-02,2023,12,2,Saturday,94.87,95.07,95.33,95.91,94.87,1.897
2023-12-03,2023,12,3,Sunday,79.91,80.07,80.23,80.72,79.91,1.598
2023-12-04,2023,12,4,Monday,103.26,103.49,103.77,104.36,103.26,2.065
2023-12-05,2023,12,5,Tuesday,110.78,111.0,111.3,111.92,110.78,2.216
2023-12-06,2023,12,6,Wednesday,145.15,145.44,145.93,146.74,145.15,2.903
2023-12-07,2023,12,7,Thursday,102.41,102.61,102.9,103.5,102.41,2.048
2023-12-08,2023,12,8,Friday,162.84,163.15,163.78,164.67,162.84,3.257
2023-12-09,2023,12,9,Saturday,161.24,161.53,162.09,162.99,161.24,3.225
2023-12-10,2023,12,10,Sunday,153.86,154.14,154.64,155.49,153.86,3.077
2023-12-11,2023,12,11,Monday,192.22,192.62,193.44,194.48,192.22,3.844
2023-12-12,2023,12,12,Tuesday,117.72,117.96,118.32,118.98,117.72,2.354
2023-12-13,2023,12,13,Wednesday,145.54,145.84,146.38,147.2,145.54,2.911
2023-12-14,2023,12,14,Thursday,175.64,176.01,176.68,177.61,175.64,3.513
2023-12-15,2023,12,15,Friday,186.75,187.14,187.93,188.94,186.75,3.735
2023-12-16,2023,12,16,Saturday,92.32,92.53,92.76,93.3,92.32,1.846
2023-12-17,2023,12,17,Sunday,103.86,104.08,104.36,104.95,103.86,2.077
2023-12-18,2023,12,18,Monday,196.76,197.17,198.05,199.13,196.76,3.935
2023-12-19,2023,12,19,Tuesday,180.92,181.3,182.13,183.17,180.92,3.618
2023-12-20,2023,12,20,Wednesday,134.7,134.99,135.57,136.38,134.7,2.694
2023-12-21,2023,12,21,Thursday,53.62,53.75,53.88,54.28,53.62,1.072
2023-12-22,2023,12,22,Friday,113.95,114.19,114.5,115.14,113.95,2.279
2023-12-23,2023,12,23,Saturday,198.34,198.73,199.59,200.67,198.34,3.967
2023-12-24,2023,12,24,Sunday,84.86,85.02,85.16,85.67,84.86,1.697
2023-12-25,2023,12,25,Monday,66.55,66.69,66.82,67.26,66.55,1.331
2023-12-26,2023,12,26,Tuesday,148.3,148.6,149.21,150.05,148.3,2.966
2023-12-27,2023,12,27,Wednesday,78.3,78.46,78.63,79.12,78.3,1.566
2023-12-28,2023,12,28,Thursday,85.01,85.2,85.43,85.96,85.01,1.7
2023-12-29,2023,12,29,Friday,125.49,125.75,126.15,126.85,125.49,2.51
2023-12-30,2023,12,30,Saturday,130.38,130.66,131.08,131.8,130.38,2.608
2023-12-31,2023,12,31,Sunday,119.47,119.72,120.08,120.75,119.47,2.389
2024-01-01,2024,1,1,Monday,90.08,90.24,90.43,90.97,90.08,1.802
2024-01-02,2024,1,2,Tuesday,77.53,77.69,77.91,78.42,77.53,1.551
2024-01-03,2024,1,3,Wednesday,141.15,141.44,141.99,142.79,141.15,2.823
2024-01-04,2024,1,4,Thursday,194.66,195.05,195.93,197.01,194.66,3.893
2024-01-05,2024,1,5,Friday,185.83,186.21,186.97,188.0,185.83,3.717
2024-01-06,2024,1,6,Saturday,106.21,106.44,106.72,107.33,106.21,2.124
2024-01-07,2024,1,7,Sunday,98.37,98.58,98.86,99.45,98.37,1.967
2024-01-08,2024,1,8,Monday,98.24,98.45,98.72,99.28,98.24,1.965
2024-01-09,2024,1,9,Tuesday,172.75,173.1,173.82,174.79,172.75,3.455
2024-01-10,2024,1,10,Wednesday,118.71,118.96,119.36,120.04,118.71,2.374
2024-01-11,2024,1,11,Thursday,107.02,107.26,107.59,108.23,107.02,2.14
2024-01-12,2024,1,12,Friday,133.51,133.78,134.21,134.96,133.51,2.67
2024-01-13,2024,1,13,Saturday,153.15,153.48,154.09,154.94,153.15,3.063
2024-01-14,2024,1,14,Sunday,140.63,140.92,141.37,142.13,140.63,2.813
2024-01-15,2024,1,15,Monday,146.89,147.19,147.69,148.49,146.89,2.938
2024-01-16,2024,1,16,Tuesday,152.11,152.42,152.97,153.82,152.11,3.042
2024-01-17,2024,1,17,Wednesday,110.8,111.03,111.35,111.99,110.8,2.216
2024-01-18,2024,1,18,Thursday,215.55,216.0,217.02,218.22,215.55,4.311
2024-01-19,2024,1,19,Friday,201.68,202.1,202.98,204.08,201.68,4.034
2024-01-20,2024,1,20,Saturday,209.54,209.96,210.99,212.18,209.54,4.191
2024-01-21,2024,1,21,Sunday,181.78,182.16,182.88,183.86,181.78,3.636
2024-01-22,2024,1,22,Monday,195.76,196.16,197.02,198.08,195.76,3.915
2024-01-23,2024,1,23,Tuesday,135.95,136.24,136.71,137.47,135.95,2.719
2024-01-24,2024,1,24,Wednesday,99.85,100.07,100.32,100.91,99.85,1.997
2024-01-25,2024,1,25,Thursday,63.48,63.62,63.75,64.19,63.48,1.27
2024-01-26,2024,1,26,Friday,105.84,106.07,106.33,106.93,105.84,2.117
2024-01-27,2024,1,27,Saturday,144.16,144.45,144.98,145.78,144.16,2.883
2024-01-28,2024,1,28,Sunday,146.73,147.02,147.48,148.27,146.73,2.935
2024-01-29,2024,1,29,Monday,126.12,126.39,126.78,127.48,126.12,2.522
2024-01-30,2024,1,30,Tuesday,208.7,209.13,210.13,211.31,208.7,4.174
2024-01-31,2024,1,31,Wednesday,223.27,223.74,224.81,226.05,223.27,4.465
2024-02-01,2024,2,1,Thursday,246.01,246.51,247.86,249.28,246.01,4.92
2024-02-02,2024,2,2,Friday,217.81,218.25,219.25,220.47,217.81,4.356
2024-02-03,2024,2,3,Saturday,244.31,244.81,246.06,247.46,244.31,4.886
2024-02-04,2024,2,4,Sunday,240.23,240.72,241.92,243.24,240.23,4.805
2024-02-05,2024,2,5,Monday,212.47,212.89,213.89,215.06,212.47,4.249
2024-02-06,2024,2,6,Tuesday,203.48,203.89,204.79,205.89,203.48,4.07
2024-02-07,2024,2,7,Wednesday,167.88,168.23,168.91,169.82,167.88,3.358
2024-02-08,2024,2,8,Thursday,71.02,71.18,71.35,71.83,71.02,1.42
2024-02-09,2024,2,9,Friday,65.26,65.4,65.51,65.95,65.26,1.305
2024-02-10,2024,2,10,Saturday,45.37,45.45,45.5,45.88,45.37,0.907
2024-02-11,2024,2,11,Sunday,96.32,96.49,96.68,97.23,96.32,1.926
2024-02-12,2024,2,12,Monday,101.27,101.42,101.69,102.3,101.27,2.025
2024-02-13,2024,2,13,Tuesday,89.7,89.81,90.1,90.7,89.7,1.794
2024-02-14,2024,2,14,Wednesday,116.29,116.46,116.86,117.57,116.29,2.326
2024-02-15,2024,2,15,Thursday,151.28,151.56,152.09,152.9,151.28,3.026
2024-02-16,2024,2,16,Friday,142.95,143.23,143.65,144.41,142.95,2.859
2024-02-17,2024,2,17,Saturday,234.6,235.06,236.2,237.49,234.6,4.692
2024-02-18,2024,2,18,Sunday,242.82,243.3,244.51,245.84,242.82,4.856
2024-02-19,2024,2,19,Monday,234.12,234.58,235.8,237.12,234.12,4.682
2024-02-20,2024,2,20,Tuesday,246.26,246.77,248.06,249.44,246.26,4.925
2024-02-21,2024,2,21,Wednesday,224.46,224.9,226.02,227.27,224.46,4.489
2024-02-22,2024,2,22,Thursday,267.18,267.71,269.18,270.7,267.18,5.344
2024-02-23,2024,2,23,Friday,204.31,204.73,205.56,206.67,204.31,4.086
2024-02-24,2024,2,24,Saturday,199.31,199.71,200.57,201.66,199.31,3.986
2024-02-25,2024,2,25,Sunday,150.57,150.88,151.37,152.18,150.57,3.011
2024-02-26,2024,2,26,Monday,173.59,173.93,174.71,175.71,173.59,3.472
2024-02-27,2024,2,27,Tuesday,120.37,120.62,120.96,121.64,120.37,2.407
2024-02-28,2024,2,28,Wednesday,233.9,234.35,235.46,236.75,233.9,4.678
2024-02-29,2024,2,29,Thursday,195.4,195.78,196.59,197.67,195.4,3.908
2024-03-01,2024,3,1,Friday,155.01,155.32,156.01,156.93,155.01,3.1
2024-03-02,2024,3,2,Saturday,113.0,113.23,113.51,114.14,113.0,2.26
2024-03-03,2024,3,3,Sunday,127.93,128.18,128.53,129.24,127.93,2.559
2024-03-04,2024,3,4,Monday,278.15,278.68,280.28,281.89,278.15,5.563
2024-03-05,2024,3,5,Tuesday,264.18,264.69,266.14,267.69,264.18,5.284
2024-03-06,2024,3,6,Wednesday,250.11,250.61,251.98,253.41,250.11,5.002
2024-03-07,2024,3,7,Thursday,189.23,189.61,190.41,191.45,189.23,3.785
2024-03-08,2024,3,8,Friday,127.93,128.19,128.63,129.38,127.93,2.559
2024-03-09,2024,3,9,Saturday,153.23,153.53,154.11,154.95,153.23,3.065
2024-03-10,2024,3,10,Sunday,172.41,172.77,173.38,174.29,172.41,3.448
2024-03-11,2024,3,11,Monday,199.68,200.07,200.95,202.03,199.68,3.994
2024-03-12,2024,3,12,Tuesday,248.69,249.16,250.48,251.89,248.69,4.974
2024-03-13,2024,3,13,Wednesday,216.39,216.81,217.83,219.02,216.39,4.328
2024-03-14,2024,3,14,Thursday,234.03,234.48,235.7,237.01,234.03,4.681
2024-03-15,2024,3,15,Friday,245.1,245.56,246.87,248.25,245.1,4.902
2024-03-16,2024,3,16,Saturday,260.26,260.75,262.23,263.72,260.26,5.205
2024-03-17,2024,3,17,Sunday,254.6,255.08,256.44,257.86,254.6,5.092
2024-03-18,2024,3,18,Monday,243.46,243.93,245.19,246.54,243.46,4.869
2024-03-19,2024,3,19,Tuesday,196.06,196.45,197.31,198.38,196.06,3.921
2024-03-20,2024,3,20,Wednesday,143.37,143.66,144.21,145.05,143.37,2.867
2024-03-21,2024,3,21,Thursday,112.62,112.84,113.22,113.9,112.62,2.252
2024-03-22,2024,3,22,Friday,248.4,248.89,250.19,251.59,248.4,4.968
2024-03-23,2024,3,23,Saturday,223.22,223.67,224.8,226.06,223.22,4.464
2024-03-24,2024,3,24,Sunday,253.47,253.95,255.32,256.75,253.47,5.069
2024-03-25,2024,3,25,Monday,187.04,187.42,188.31,189.36,187.04,3.741
2024-03-26,2024,3,26,Tuesday,245.91,246.39,247.7,249.1,245.91,4.918
2024-03-27,2024,3,27,Wednesday,205.05,205.45,206.45,207.64,205.05,4.101
2024-03-28,2024,3,28,Thursday,231.99,232.44,233.62,234.97,231.99,4.64
2024-03-29,2024,3,29,Friday,209.34,209.74,210.68,211.84,209.34,4.187
2024-03-30,2024,3,30,Saturday,234.59,235.04,236.2,237.52,234.59,4.692
2024-03-31,2024,3,31,Sunday,215.52,215.95,217.12,218.36,215.52,4.31
2024-04-01,2024,4,1,Monday,253.75,254.24,255.66,257.1,253.75,5.075
2024-04-02,2024,4,2,Tuesday,261.42,261.93,263.39,264.89,261.42,5.228
2024-04-03,2024,4,3,Wednesday,258.1,258.61,260.06,261.52,258.1,5.162
2024-04-04,2024,4,4,Thursday,227.94,228.39,229.52,230.79,227.94,4.559
2024-04-05,2024,4,5,Friday,186.61,186.99,187.76,188.77,186.61,3.732
2024-04-06,2024,4,6,Saturday,294.62,295.19,296.95,298.69,294.62,5.892
2024-04-07,2024,4,7,Sunday,249.96,250.47,251.77,253.18,249.96,4.999
2024-04-08,2024,4,8,Monday,246.59,247.07,248.38,249.75,246.59,4.932
2024-04-09,2024,4,9,Tuesday,194.81,195.2,196.02,197.06,194.81,3.896
2024-04-10,2024,4,10,Wednesday,247.1,247.57,248.92,250.31,247.1,4.942
2024-04-11,2024,4,11,Thursday,261.35,261.85,263.27,264.77,261.35,5.227
2024-04-12,2024,4,12,Friday,229.06,229.5,230.63,231.91,229.06,4.581
2024-04-13,2024,4,13,Saturday,247.12,247.59,248.87,250.26,247.12,4.942
2024-04-14,2024,4,14,Sunday,254.05,254.54,255.89,257.32,254.05,5.081
2024-04-15,2024,4,15,Monday,262.2,262.71,264.15,265.64,262.2,5.244
2024-04-16,2024,4,16,Tuesday,277.5,278.05,279.68,281.29,277.5,5.55
2024-04-17,2024,4,17,Wednesday,223.46,223.89,225.14,226.42,223.46,4.469
2024-04-18,2024,4,18,Thursday,232.08,232.54,233.71,235.01,232.08,4.642
2024-04-19,2024,4,19,Friday,242.25,242.73,244.05,245.39,242.25,4.845
2024-04-20,2024,4,20,Saturday,251.4,251.89,253.23,254.68,251.4,5.028
2024-04-21,2024,4,21,Sunday,251.32,251.81,253.14,254.56,251.32,5.026
2024-04-22,2024,4,22,Monday,251.57,252.05,253.34,254.78,251.57,5.031
2024-04-23,2024,4,23,Tuesday,237.62,238.07,239.29,240.66,237.62,4.752
2024-04-24,2024,4,24,Wednesday,247.11,247.59,248.87,250.29,247.11,4.942
2024-04-25,2024,4,25,Thursday,245.65,246.12,247.38,248.78,245.65,4.913
2024-04-26,2024,4,26,Friday,224.4,224.83,226.04,227.37,224.4,4.488
2024-04-27,2024,4,27,Saturday,238.17,238.64,239.89,241.28,238.17,4.763
2024-04-28,2024,4,28,Sunday,225.52,225.96,227.17,228.48,225.52,4.51
2024-04-29,2024,4,29,Monday,225.11,225.55,226.79,228.09,225.11,4.502
2024-04-30,2024,4,30,Tuesday,208.9,209.33,210.25,211.38,208.9,4.178
2024-05-01,2024,5,1,Wednesday,193.02,193.39,194.25,195.32,193.02,3.86
2024-05-02,2024,5,2,Thursday,241.86,242.34,243.62,245.02,241.86,4.837
2024-05-03,2024,5,3,Friday,243.8,244.28,245.56,246.97,243.8,4.876
2024-05-04,2024,5,4,Saturday,184.16,184.52,185.47,186.52,184.16,3.683
2024-05-05,2024,5,5,Sunday,228.19,228.64,229.72,230.99,228.19,4.564
2024-05-06,2024,5,6,Monday,263.42,263.94,265.42,266.97,263.42,5.268
2024-05-07,2024,5,7,Tuesday,219.9,220.34,221.39,222.62,219.9,4.398
2024-05-08,2024,5,8,Wednesday,243.25,243.73,245.09,246.53,243.25,4.865
2024-05-09,2024,5,9,Thursday,251.04,251.53,252.83,254.28,251.04,5.021
2024-05-10,2024,5,10,Friday,240.65,241.12,242.4,243.8,240.65,4.813
2024-05-11,2024,5,11,Saturday,270.08,270.59,272.09,273.65,270.08,5.402
2024-05-12,2024,5,12,Sunday,240.81,241.27,242.49,243.86,240.81,4.816
2024-05-13,2024,5,13,Monday,249.41,249.9,251.28,252.67,249.41,4.988
2024-05-14,2024,5,14,Tuesday,222.82,223.24,224.38,225.63,222.82,4.456
2024-05-15,2024,5,15,Wednesday,169.08,169.42,170.15,171.08,169.08,3.382
2024-05-16,2024,5,16,Thursday,247.24,247.72,249.05,250.44,247.24,4.945
2024-05-17,2024,5,17,Friday,220.46,220.88,222.08,223.4,220.46,4.409
2024-05-18,2024,5,18,Saturday,186.63,186.99,187.84,188.91,186.63,3.733
2024-05-19,2024,5,19,Sunday,145.63,145.93,146.38,147.17,145.63,2.913
2024-05-20,2024,5,20,Monday,184.8,185.15,186.1,187.21,184.8,3.696
2024-05-21,2024,5,21,Tuesday,147.69,147.99,148.61,149.49,147.69,2.954
2024-05-22,2024,5,22,Wednesday,140.37,140.64,141.21,142.06,140.37,2.807
2024-05-23,2024,5,23,Thursday,195.59,195.96,196.93,198.07,195.59,3.912
2024-05-24,2024,5,24,Friday,248.8,249.28,250.66,252.12,248.8,4.976
2024-05-25,2024,5,25,Saturday,275.4,275.93,277.5,279.13,275.4,5.508
2024-05-26,2024,5,26,Sunday,245.05,245.54,246.8,248.18,245.05,4.901
2024-05-27,2024,5,27,Monday,264.23,264.73,266.15,267.68,264.23,5.285
2024-05-28,2024,5,28,Tuesday,231.12,231.58,232.83,234.18,231.12,4.622
2024-05-29,2024,5,29,Wednesday,157.81,158.12,158.69,159.58,157.81,3.156
2024-05-30,2024,5,30,Thursday,90.1,90.3,90.47,91.02,90.1,1.802
2024-05-31,2024,5,31,Friday,103.18,103.4,103.64,104.25,103.18,2.064
2024-06-01,2024,6,1,Saturday,240.12,240.58,241.76,243.12,240.12,4.802
2024-06-02,2024,6,2,Sunday,195.07,195.45,196.26,197.32,195.07,3.901
2024-06-03,2024,6,3,Monday,213.01,213.43,214.63,215.91,213.01,4.26
2024-06-04,2024,6,4,Tuesday,256.32,256.81,258.2,259.67,256.32,5.126
2024-06-05,2024,6,5,Wednesday,248.28,248.76,250.11,251.53,248.28,4.966
2024-06-06,2024,6,6,Thursday,211.21,211.62,212.71,213.96,211.21,4.224
2024-06-07,2024,6,7,Friday,241.71,242.18,243.53,244.98,241.71,4.834
2024-06-08,2024,6,8,Saturday,220.6,221.03,222.11,223.4,220.6,4.412
2024-06-09,2024,6,9,Sunday,221.28,221.71,222.68,223.89,221.28,4.426
2024-06-10,2024,6,10,Monday,256.55,257.04,258.4,259.88,256.55,5.131
2024-06-11,2024,6,11,Tuesday,267.46,267.97,269.43,270.99,267.46,5.349
2024-06-12,2024,6,12,Wednesday,271.33,271.85,273.33,274.91,271.33,5.427
2024-06-13,2024,6,13,Thursday,258.88,259.38,260.76,262.26,258.88,5.178
2024-06-14,2024,6,14,Friday,236.1,236.56,237.76,239.11,236.1,4.722
2024-06-15,2024,6,15,Saturday,213.14,213.56,214.69,215.99,213.14,4.263
2024-06-16,2024,6,16,Sunday,180.92,181.3,182.1,183.16,180.92,3.618
2024-06-17,2024,6,17,Monday,260.39,260.92,262.28,263.79,260.39,5.208
2024-06-18,2024,6,18,Tuesday,217.47,217.91,218.89,220.09,217.47,4.349
2024-06-19,2024,6,19,Wednesday,241.62,242.11,243.35,244.72,241.62,4.832
2024-06-20,2024,6,20,Thursday,184.87,185.23,186.0,187.07,184.87,3.697
2024-06-21,2024,6,21,Friday,129.54,129.79,130.18,130.93,129.54,2.591
2024-06-22,2024,6,22,Saturday,151.08,151.38,152.06,152.97,151.08,3.022
2024-06-23,2024,6,23,Sunday,174.64,174.98,175.66,176.62,174.64,3.493
2024-06-24,2024,6,24,Monday,204.25,204.65,205.5,206.6,204.25,4.085
2024-06-25,2024,6,25,Tuesday,260.05,260.54,261.95,263.45,260.05,5.201
2024-06-26,2024,6,26,Wednesday,196.94,197.33,198.19,199.31,196.94,3.939
2024-06-27,2024,6,27,Thursday,241.16,241.62,242.79,244.18,241.16,4.823
2024-06-28,2024,6,28,Friday,187.57,187.95,188.72,189.8,187.57,3.751
2024-06-29,2024,6,29,Saturday,246.1,246.58,247.86,249.26,246.1,4.922
2024-06-30,2024,6,30,Sunday,259.02,259.54,260.88,262.36,259.02,5.18
2024-07-01,2024,7,1,Monday,270.05,270.58,272.11,273.68,270.05,5.401
2024-07-02,2024,7,2,Tuesday,243.25,243.75,244.96,246.37,243.25,4.865
2024-07-03,2024,7,3,Wednesday,201.1,201.5,202.29,203.41,201.1,4.022
2024-07-04,2024,7,4,Thursday,194.35,194.74,195.64,196.77,194.35,3.887
2024-07-05,2024,7,5,Friday,229.11,229.56,230.71,232.04,229.11,4.582
2024-07-06,2024,7,6,Saturday,196.73,197.12,198.12,199.3,196.73,3.935
2024-07-07,2024,7,7,Sunday,193.74,194.11,194.94,196.03,193.74,3.875
2024-07-08,2024,7,8,Monday,189.54,189.91,190.9,192.04,189.54,3.791
2024-07-09,2024,7,9,Tuesday,201.21,201.59,202.75,204.0,201.21,4.024
2024-07-10,2024,7,10,Wednesday,203.02,203.41,204.5,205.74,203.02,4.06
2024-07-11,2024,7,11,Thursday,252.76,253.24,254.64,256.12,252.76,5.055
2024-07-12,2024,7,12,Friday,226.98,227.42,228.54,229.83,226.98,4.54
2024-07-13,2024,7,13,Saturday,168.97,169.29,170.19,171.25,168.97,3.379
2024-07-14,2024,7,14,Sunday,104.95,105.15,105.47,106.09,104.95,2.099
2024-07-15,2024,7,15,Monday,212.94,213.33,214.26,215.42,212.94,4.259
2024-07-16,2024,7,16,Tuesday,221.64,222.06,223.15,224.4,221.64,4.433
2024-07-17,2024,7,17,Wednesday,193.02,193.39,194.24,195.31,193.02,3.86
2024-07-18,2024,7,18,Thursday,237.94,238.38,239.63,241.0,237.94,4.759
2024-07-19,2024,7,19,Friday,206.4,206.79,207.78,208.94,206.4,4.128
2024-07-20,2024,7,20,Saturday,206.06,206.45,207.5,208.71,206.06,4.121
2024-07-21,2024,7,21,Sunday,105.91,106.09,106.38,107.01,105.91,2.118
2024-07-22,2024,7,22,Monday,193.03,193.39,194.25,195.36,193.03,3.861
2024-07-23,2024,7,23,Tuesday,159.99,160.29,160.96,161.89,159.99,3.2
2024-07-24,2024,7,24,Wednesday,91.83,92.01,92.19,92.74,91.83,1.837
2024-07-25,2024,7,25,Thursday,156.36,156.66,157.17,158.01,156.36,3.127
2024-07-26,2024,7,26,Friday,163.76,164.07,164.65,165.55,163.76,3.275
2024-07-27,2024,7,27,Saturday,214.67,215.09,216.06,217.23,214.67,4.293
2024-07-28,2024,7,28,Sunday,120.39,120.62,120.92,121.59,120.39,2.408
2024-07-29,2024,7,29,Monday,187.89,188.28,189.03,190.06,187.89,3.758
2024-07-30,2024,7,30,Tuesday,234.84,235.32,236.54,237.95,234.84,4.697
2024-07-31,2024,7,31,Wednesday,198.21,198.62,199.54,200.68,198.21,3.964
2024-08-01,2024,8,1,Thursday,271.32,271.88,273.36,274.95,271.32,5.426
2024-08-02,2024,8,2,Friday,217.06,217.5,218.67,219.97,217.06,4.341
2024-08-03,2024,8,3,Saturday,217.74,218.19,219.34,220.64,217.74,4.355
2024-08-04,2024,8,4,Sunday,189.14,189.54,190.4,191.49,189.14,3.783
2024-08-05,2024,8,5,Monday,266.43,266.99,268.45,269.99,266.43,5.329
2024-08-06,2024,8,6,Tuesday,238.29,238.8,240.05,241.45,238.29,4.766
2024-08-07,2024,8,7,Wednesday,267.13,267.68,269.16,270.73,267.13,5.343
2024-08-08,2024,8,8,Thursday,273.95,274.54,276.05,277.65,273.95,5.479
2024-08-09,2024,8,9,Friday,276.66,277.23,278.72,280.34,276.66,5.533
2024-08-10,2024,8,10,Saturday,272.1,272.67,274.13,275.72,272.1,5.442
2024-08-11,2024,8,11,Sunday,217.87,218.34,219.27,220.46,217.87,4.357
2024-08-12,2024,8,12,Monday,282.72,283.32,284.87,286.53,282.72,5.654
2024-08-13,2024,8,13,Tuesday,273.27,273.84,275.33,276.93,273.27,5.465
2024-08-14,2024,8,14,Wednesday,262.3,262.86,264.23,265.75,262.3,5.246
2024-08-15,2024,8,15,Thursday,256.07,256.61,258.01,259.51,256.07,5.121
2024-08-16,2024,8,16,Friday,236.73,237.22,238.49,239.9,236.73,4.735
2024-08-17,2024,8,17,Saturday,235.82,236.3,237.44,238.77,235.82,4.716
2024-08-18,2024,8,18,Sunday,265.63,266.18,267.58,269.12,265.63,5.313
2024-08-19,2024,8,19,Monday,264.52,265.08,266.48,267.99,264.52,5.29
2024-08-20,2024,8,20,Tuesday,221.4,221.86,223.12,224.47,221.4,4.428
2024-08-21,2024,8,21,Wednesday,243.43,243.93,245.22,246.64,243.43,4.869
2024-08-22,2024,8,22,Thursday,269.7,270.25,271.71,273.27,269.7,5.394
2024-08-23,2024,8,23,Friday,247.56,248.04,249.44,250.9,247.56,4.951
2024-08-24,2024,8,24,Saturday,230.82,231.27,232.45,233.74,230.82,4.616
2024-08-25,2024,8,25,Sunday,158.0,158.31,158.85,159.7,158.0,3.16
2024-08-26,2024,8,26,Monday,211.01,211.43,212.55,213.78,211.01,4.22
2024-08-27,2024,8,27,Tuesday,163.56,163.88,164.74,165.77,163.56,3.271
2024-08-28,2024,8,28,Wednesday,254.48,254.96,256.5,258.01,254.48,5.09
2024-08-29,2024,8,29,Thursday,267.32,267.83,269.33,270.86,267.32,5.346
2024-08-30,2024,8,30,Friday,203.4,203.8,204.91,206.09,203.4,4.068
2024-08-31,2024,8,31,Saturday,209.63,210.02,211.16,212.36,209.63,4.193
2024-09-01,2024,9,1,Sunday,171.16,171.46,172.11,173.04,171.16,3.423
2024-09-02,2024,9,2,Monday,90.87,91.0,91.23,91.8,90.87,1.817
2024-09-03,2024,9,3,Tuesday,268.08,268.58,270.19,271.74,268.08,5.362
2024-09-04,2024,9,4,Wednesday,163.5,163.82,164.51,165.41,163.5,3.27
2024-09-05,2024,9,5,Thursday,212.47,212.87,213.99,215.19,212.47,4.249
2024-09-06,2024,9,6,Friday,191.62,191.99,192.91,193.97,191.62,3.832
2024-09-07,2024,9,7,Saturday,197.04,197.42,198.32,199.4,197.04,3.941
2024-09-08,2024,9,8,Sunday,240.38,240.84,241.97,243.3,240.38,4.808
2024-09-09,2024,9,9,Monday,219.84,220.26,221.52,222.88,219.84,4.397
2024-09-10,2024,9,10,Tuesday,182.63,182.97,183.84,184.93,182.63,3.653
2024-09-11,2024,9,11,Wednesday,169.57,169.9,170.55,171.51,169.57,3.391
2024-09-12,2024,9,12,Thursday,219.22,219.63,220.96,222.32,219.22,4.384
2024-09-13,2024,9,13,Friday,154.08,154.37,155.08,156.01,154.08,3.082
2024-09-14,2024,9,14,Saturday,238.91,239.34,240.55,241.92,238.91,4.778
2024-09-15,2024,9,15,Sunday,186.72,187.08,188.02,189.13,186.72,3.734
2024-09-16,2024,9,16,Monday,179.35,179.7,180.46,181.46,179.35,3.587
2024-09-17,2024,9,17,Tuesday,212.75,213.16,214.34,215.6,212.75,4.255
2024-09-18,2024,9,18,Wednesday,162.67,162.99,163.61,164.5,162.67,3.253
2024-09-19,2024,9,19,Thursday,229.1,229.54,230.79,232.11,229.1,4.582
2024-09-20,2024,9,20,Friday,164.25,164.58,165.25,166.16,164.25,3.285
2024-09-21,2024,9,21,Saturday,173.5,173.84,174.58,175.52,173.5,3.47
2024-09-22,2024,9,22,Sunday,94.06,94.25,94.45,95.0,94.06,1.881
2024-09-23,2024,9,23,Monday,165.77,166.11,166.77,167.68,165.77,3.315
2024-09-24,2024,9,24,Tuesday,110.39,110.62,110.88,111.51,110.39,2.208
2024-09-25,2024,9,25,Wednesday,215.4,215.83,216.87,218.07,215.4,4.308
2024-09-26,2024,9,26,Thursday,230.41,230.87,232.04,233.34,230.41,4.608
2024-09-27,2024,9,27,Friday,151.1,151.41,152.03,152.92,151.1,3.022
2024-09-28,2024,9,28,Saturday,264.37,264.9,266.31,267.81,264.37,5.287
2024-09-29,2024,9,29,Sunday,186.82,187.2,188.03,189.07,186.82,3.736
2024-09-30,2024,9,30,Monday,238.89,239.39,240.79,242.17,238.89,4.778
2024-10-01,2024,10,1,Tuesday,229.93,230.39,231.73,233.08,229.93,4.599
2024-10-02,2024,10,2,Wednesday,127.43,127.69,128.07,128.77,127.43,2.549
2024-10-03,2024,10,3,Thursday,130.78,131.05,131.42,132.11,130.78,2.616
2024-10-04,2024,10,4,Friday,145.34,145.64,146.19,147.0,145.34,2.907
2024-10-05,2024,10,5,Saturday,70.05,70.21,70.34,70.8,70.05,1.401
2024-10-06,2024,10,6,Sunday,176.65,176.94,177.83,178.9,176.65,3.533
2024-10-07,2024,10,7,Monday,245.21,245.7,247.01,248.39,245.21,4.904
2024-10-08,2024,10,8,Tuesday,57.47,57.6,57.77,58.19,57.47,1.149
2024-10-09,2024,10,9,Wednesday,220.6,207.07,222.14,223.41,220.6,4.412
2024-10-10,2024,10,10,Thursday,231.36,231.77,232.97,234.31,231.36,4.627
2024-10-11,2024,10,11,Friday,226.21,226.67,227.93,229.26,226.21,4.524
2024-10-12,2024,10,12,Saturday,89.86,90.05,90.26,90.79,89.86,1.797
2024-10-13,2024,10,13,Sunday,153.54,153.85,154.39,155.21,153.54,3.071
2024-10-14,2024,10,14,Monday,222.78,223.22,224.42,225.68,222.78,4.456
2024-10-15,2024,10,15,Tuesday,195.01,195.4,196.35,197.46,195.01,3.9
2024-10-16,2024,10,16,Wednesday,160.16,160.49,161.16,162.04,160.16,3.203
2024-10-17,2024,10,17,Thursday,122.15,122.39,122.73,123.4,122.15,2.443
2024-10-18,2024,10,18,Friday,223.34,223.78,224.93,226.18,223.34,4.467
2024-10-19,2024,10,19,Saturday,238.24,238.72,239.99,241.29,238.24,4.765
2024-10-20,2024,10,20,Sunday,78.04,78.21,78.41,78.9,78.04,1.561
2024-10-21,2024,10,21,Monday,135.37,135.64,136.32,137.11,135.37,2.707
2024-10-22,2024,10,22,Tuesday,137.22,137.51,138.01,138.8,137.22,2.744
2024-10-23,2024,10,23,Wednesday,151.06,151.38,151.94,152.79,151.06,3.021
2024-10-24,2024,10,24,Thursday,250.02,250.53,251.89,253.33,250.02,5.0
2024-10-25,2024,10,25,Friday,221.05,221.51,222.62,223.87,221.05,4.421
2024-10-26,2024,10,26,Saturday,71.68,71.82,71.96,72.42,71.68,1.434
2024-10-27,2024,10,27,Sunday,80.7,80.86,81.03,81.53,80.7,1.614
2024-10-28,2024,10,28,Monday,124.27,124.52,124.95,125.65,124.27,2.485
2024-10-29,2024,10,29,Tuesday,195.6,195.98,196.93,198.04,195.6,3.912
2024-10-30,2024,10,30,Wednesday,185.34,185.71,186.69,187.79,185.34,3.707
2024-10-31,2024,10,31,Thursday,132.34,132.6,133.04,133.79,132.34,2.647
2024-11-01,2024,11,1,Friday,245.13,245.63,246.91,248.28,245.13,4.903
2024-11-02,2024,11,2,Saturday,94.03,94.23,94.44,94.98,94.03,1.881
2024-11-03,2024,11,3,Sunday,155.35,155.67,156.27,157.12,155.35,3.107
2024-11-04,2024,11,4,Monday,190.79,191.19,192.09,193.16,190.79,3.816
2024-11-05,2024,11,5,Tuesday,216.12,216.56,217.6,218.79,216.12,4.322
2024-11-06,2024,11,6,Wednesday,40.63,40.73,40.82,41.18,40.63,0.813
2024-11-07,2024,11,7,Thursday,67.38,67.53,67.67,68.11,67.38,1.348
2024-11-08,2024,11,8,Friday,161.49,161.81,162.47,163.35,161.49,3.23
2024-11-09,2024,11,9,Saturday,228.93,229.38,230.52,231.77,228.93,4.579
2024-11-10,2024,11,10,Sunday,208.28,208.68,209.61,210.73,208.28,4.166
2024-11-11,2024,11,11,Monday,194.94,195.33,196.3,197.41,194.94,3.899
2024-11-12,2024,11,12,Tuesday,20.73,20.79,20.85,21.14,20.73,0.415
2024-11-13,2024,11,13,Wednesday,179.35,179.71,180.53,181.53,179.35,3.587
2024-11-14,2024,11,14,Thursday,191.64,192.02,192.92,193.97,191.64,3.833
2024-11-15,2024,11,15,Friday,238.74,239.22,240.54,241.89,238.74,4.775
2024-11-16,2024,11,16,Saturday,224.74,225.2,226.33,227.56,224.74,4.495
2024-11-17,2024,11,17,Sunday,210.37,210.79,211.7,212.83,210.37,4.207
2024-11-18,2024,11,18,Monday,184.28,184.66,185.58,186.62,184.28,3.686
2024-11-19,2024,11,19,Tuesday,55.77,55.9,56.05,56.45,55.77,1.115
2024-11-20,2024,11,20,Wednesday,140.79,141.09,141.67,142.47,140.79,2.816
2024-11-21,2024,11,21,Thursday,125.87,126.13,126.56,127.26,125.87,2.517
2024-11-22,2024,11,22,Friday,90.86,91.05,91.3,91.84,90.86,1.817
2024-11-23,2024,11,23,Saturday,70.72,70.87,71.06,71.51,70.72,1.414
2024-11-24,2024,11,24,Sunday,163.79,164.13,164.78,165.65,163.79,3.276
2024-11-25,2024,11,25,Monday,141.82,142.11,142.61,143.38,141.82,2.836
2024-11-26,2024,11,26,Tuesday,138.68,138.97,139.49,140.26,138.68,2.774
2024-11-27,2024,11,27,Wednesday,151.55,151.87,152.4,153.2,151.55,3.031
2024-11-28,2024,11,28,Thursday,108.32,108.53,108.84,109.47,108.32,2.166
2024-11-29,2024,11,29,Friday,119.55,119.79,120.2,120.87,119.55,2.391
2024-11-30,2024,11,30,Saturday,112.49,112.71,113.04,113.67,112.49,2.25
2024-12-01,2024,12,1,Sunday,205.96,206.35,207.28,208.39,205.96,4.119
2024-12-02,2024,12,2,Monday,108.58,108.8,109.12,109.74,108.58,2.172
2024-12-03,2024,12,3,Tuesday,96.94,97.15,97.39,97.94,96.94,1.939
2024-12-04,2024,12,4,Wednesday,90.68,90.87,91.16,91.71,90.68,1.814
2024-12-05,2024,12,5,Thursday,111.96,112.19,112.51,113.11,111.96,2.239
2024-12-06,2024,12,6,Friday,47.88,47.99,48.09,48.46,47.88,0.958
2024-12-07,2024,12,7,Saturday,76.84,77.01,77.2,77.66,76.84,1.537
2024-12-08,2024,12,8,Sunday,110.75,110.98,111.38,112.0,110.75,2.215
2024-12-09,2024,12,9,Monday,100.57,100.78,101.1,101.67,100.57,2.011
2024-12-10,2024,12,10,Tuesday,50.96,51.07,51.18,51.55,50.96,1.019
2024-12-11,2024,12,11,Wednesday,20.89,20.95,21.02,21.3,20.89,0.418
2024-12-12,2024,12,12,Thursday,29.8,29.88,29.95,30.24,29.8,0.596
2024-12-13,2024,12,13,Friday,46.91,47.02,47.12,47.48,46.91,0.938
2024-12-14,2024,12,14,Saturday,33.5,33.58,33.67,33.99,33.5,0.67
2024-12-15,2024,12,15,Sunday,19.37,19.41,19.47,19.75,19.37,0.387
2024-12-16,2024,12,16,Monday,62.43,62.56,62.68,63.1,62.43,1.249
2024-12-17,2024,12,17,Tuesday,144.23,144.53,145.07,145.84,144.23,2.885
2024-12-18,2024,12,18,Wednesday,60.33,60.47,60.58,60.97,60.33,1.207
2024-12-19,2024,12,19,Thursday,60.79,60.92,61.09,61.51,60.79,1.216
2024-12-20,2024,12,20,Friday,52.78,52.9,53.0,53.39,52.78,1.056
2024-12-21,2024,12,21,Saturday,112.99,113.22,113.61,114.26,112.99,2.26
2024-12-22,2024,12,22,Sunday,120.28,120.51,120.84,121.47,120.28,2.406
2024-12-23,2024,12,23,Monday,114.24,114.46,114.82,115.45,114.24,2.285
2024-12-24,2024,12,24,Tuesday,75.47,75.63,75.8,76.26,75.47,1.509
2024-12-25,2024,12,25,Wednesday,40.16,40.25,40.33,40.67,40.16,0.803
2024-12-26,2024,12,26,Thursday,76.74,76.9,77.07,77.54,76.74,1.535
2024-12-27,2024,12,27,Friday,60.23,60.36,60.49,60.9,60.23,1.205
2024-12-28,2024,12,28,Saturday,32.54,32.62,32.69,33.01,32.54,0.651
2024-12-29,2024,12,29,Sunday,77.32,77.49,77.64,78.11,77.32,1.546
2024-12-30,2024,12,30,Monday,86.09,86.27,86.47,86.97,86.09,1.722
2024-12-31,2024,12,31,Tuesday,92.5,92.69,92.93,93.45,92.5,1.85
2025-01-01,2025,1,1,Wednesday,57.24,57.33,57.43,57.84,57.24,1.145
2025-01-02,2025,1,2,Thursday,87.42,87.59,87.78,88.28,87.42,1.748
2025-01-03,2025,1,3,Friday,51.36,51.47,51.56,51.94,51.36,1.027
2025-01-04,2025,1,4,Saturday,104.52,104.72,105.0,105.59,104.52,2.09
2025-01-05,2025,1,5,Sunday,136.18,136.47,136.89,137.59,136.18,2.724
2025-01-06,2025,1,6,Monday,219.69,220.13,221.28,222.47,219.69,4.394
2025-01-07,2025,1,7,Tuesday,197.03,197.41,198.31,199.34,197.03,3.941
2025-01-08,2025,1,8,Wednesday,242.2,242.68,243.93,245.25,242.2,4.844
2025-01-09,2025,1,9,Thursday,114.31,114.55,114.9,115.52,114.31,2.286
2025-01-10,2025,1,10,Friday,113.07,113.31,113.67,114.3,113.07,2.261
2025-01-11,2025,1,11,Saturday,74.42,74.57,74.74,75.2,74.42,1.488
2025-01-12,2025,1,12,Sunday,135.3,135.55,136.01,136.73,135.3,2.706
2025-01-13,2025,1,13,Monday,112.71,112.93,113.32,113.95,112.71,2.254
2025-01-14,2025,1,14,Tuesday,80.16,80.32,80.52,81.01,80.16,1.603
2025-01-15,2025,1,15,Wednesday,75.1,75.25,75.42,75.89,75.1,1.502
2025-01-16,2025,1,16,Thursday,56.28,56.39,56.5,56.91,56.28,1.126
2025-01-17,2025,1,17,Friday,36.01,36.08,36.13,36.47,36.01,0.72
2025-01-18,2025,1,18,Saturday,123.65,123.9,124.35,125.02,123.65,2.473
2025-01-19,2025,1,19,Sunday,194.4,194.77,195.63,196.62,194.4,3.888
2025-01-20,2025,1,20,Monday,134.81,135.08,135.55,136.25,134.81,2.696
2025-01-21,2025,1,21,Tuesday,139.47,139.75,140.23,140.94,139.47,2.789
2025-01-22,2025,1,22,Wednesday,229.08,229.52,230.64,231.84,229.08,4.582
2025-01-23,2025,1,23,Thursday,250.34,250.82,252.17,253.55,250.34,5.007
2025-01-24,2025,1,24,Friday,244.23,244.71,245.98,247.29,244.23,4.885
2025-01-25,2025,1,25,Saturday,225.22,225.66,226.81,228.03,225.22,4.504
2025-01-26,2025,1,26,Sunday,117.82,118.05,118.39,119.03,117.82,2.356
2025-01-27,2025,1,27,Monday,85.43,85.54,85.79,86.34,85.43,1.709
2025-01-28,2025,1,28,Tuesday,90.86,91.0,91.21,91.74,90.86,1.817
2025-01-29,2025,1,29,Wednesday,57.65,57.72,57.84,58.29,57.65,1.153
2025-01-30,2025,1,30,Thursday,98.18,98.34,98.59,99.16,98.18,1.964
2025-01-31,2025,1,31,Friday,172.68,172.97,173.63,174.56,172.68,3.454
2025-02-01,2025,2,1,Saturday,219.36,219.74,220.75,221.93,219.36,4.387
2025-02-02,2025,2,2,Sunday,236.82,237.27,238.46,239.74,236.82,4.736
2025-02-03,2025,2,3,Monday,159.71,160.01,160.69,161.58,159.71,3.194
2025-02-04,2025,2,4,Tuesday,100.5,100.68,101.05,101.65,100.5,2.01
2025-02-05,2025,2,5,Wednesday,175.09,175.43,176.21,177.14,175.09,3.502
2025-02-06,2025,2,6,Thursday,260.12,260.68,262.3,263.76,260.12,5.202
2025-02-07,2025,2,7,Friday,198.96,199.38,200.44,201.53,198.96,3.979
2025-02-08,2025,2,8,Saturday,172.47,172.81,173.62,174.57,172.47,3.449
2025-02-09,2025,2,9,Sunday,102.71,102.92,103.24,103.83,102.71,2.054
2025-02-10,2025,2,10,Monday,117.16,117.41,117.82,118.48,117.16,2.343
2025-02-11,2025,2,11,Tuesday,73.32,73.48,73.63,74.09,73.32,1.466
2025-02-12,2025,2,12,Wednesday,167.85,168.18,168.85,169.72,167.85,3.357
2025-02-13,2025,2,13,Thursday,103.85,104.07,104.35,104.91,103.85,2.077
2025-02-14,2025,2,14,Friday,137.22,137.51,137.95,138.67,137.22,2.744
2025-02-15,2025,2,15,Saturday,131.86,132.14,132.55,133.22,131.86,2.637
2025-02-16,2025,2,16,Sunday,195.53,195.92,196.85,197.9,195.53,3.911
2025-02-17,2025,2,17,Monday,171.02,171.35,172.05,172.95,171.02,3.42
2025-02-18,2025,2,18,Tuesday,134.72,134.99,135.49,136.23,134.72,2.694
2025-02-19,2025,2,19,Wednesday,50.84,50.96,51.06,51.44,50.84,1.017
2025-02-20,2025,2,20,Thursday,150.42,150.72,151.27,152.08,150.42,3.008
2025-02-21,2025,2,21,Friday,84.15,84.33,84.57,85.09,84.15,1.683
2025-02-22,2025,2,22,Saturday,51.88,52.0,52.11,52.5,51.88,1.038
2025-02-23,2025,2,23,Sunday,41.35,41.43,41.51,41.88,41.35,0.827
2025-02-24,2025,2,24,Monday,29.58,29.65,29.71,30.02,29.58,0.592
2025-02-25,2025,2,25,Tuesday,150.33,150.63,151.25,152.07,150.33,3.007
2025-02-26,2025,2,26,Wednesday,99.31,99.52,99.78,100.34,99.31,1.986
2025-02-27,2025,2,27,Thursday,173.47,173.82,174.53,175.45,173.47,3.469
2025-02-28,2025,2,28,Friday,219.8,220.24,221.33,222.53,219.8,4.396
2025-03-01,2025,3,1,Saturday,274.76,275.28,276.86,278.4,274.76,5.495
2025-03-02,2025,3,2,Sunday,268.98,269.51,271.04,272.54,268.98,5.38
2025-03-03,2025,3,3,Monday,246.24,246.76,248.17,249.54,246.24,4.925
2025-03-04,2025,3,4,Tuesday,256.96,257.47,258.89,260.31,256.96,5.139
2025-03-05,2025,3,5,Wednesday,226.35,226.8,228.01,229.23,226.35,4.527
2025-03-06,2025,3,6,Thursday,228.48,228.94,230.15,231.41,228.48,4.57
2025-03-07,2025,3,7,Friday,130.02,130.26,130.73,131.46,130.02,2.6
2025-03-08,2025,3,8,Saturday,186.83,187.21,188.05,189.05,186.83,3.737
2025-03-09,2025,3,9,Sunday,65.86,66.01,66.14,66.58,65.86,1.317
2025-03-10,2025,3,10,Monday,77.02,77.18,77.35,77.83,77.02,1.54
2025-03-11,2025,3,11,Tuesday,145.74,146.05,146.55,147.33,145.74,2.915
2025-03-12,2025,3,12,Wednesday,195.91,196.32,197.13,198.17,195.91,3.918
2025-03-13,2025,3,13,Thursday,216.5,216.95,218.05,219.25,216.5,4.33
2025-03-14,2025,3,14,Friday,282.43,283.02,284.65,286.25,282.43,5.649
2025-03-15,2025,3,15,Saturday,276.69,277.26,278.83,280.37,276.69,5.534
2025-03-16,2025,3,16,Sunday,134.41,134.69,135.13,135.86,134.41,2.688
2025-03-17,2025,3,17,Monday,129.47,129.75,130.14,130.83,129.47,2.589
2025-03-18,2025,3,18,Tuesday,82.79,82.98,83.17,83.68,82.79,1.656
2025-03-19,2025,3,19,Wednesday,148.81,149.13,149.76,150.6,148.81,2.976
2025-03-20,2025,3,20,Thursday,88.9,89.06,89.25,89.78,88.9,1.778
2025-03-21,2025,3,21,Friday,136.96,137.24,137.68,138.41,136.96,2.739
2025-03-22,2025,3,22,Saturday,180.66,181.04,181.76,182.7,180.66,3.613
2025-03-23,2025,3,23,Sunday,172.27,172.63,173.3,174.21,172.27,3.445
2025-03-24,2025,3,24,Monday,266.92,267.47,268.9,270.38,266.92,5.338
2025-03-25,2025,3,25,Tuesday,281.86,282.44,284.07,285.66,281.86,5.637
2025-03-26,2025,3,26,Wednesday,269.74,270.28,271.8,273.28,269.74,5.395
2025-03-27,2025,3,27,Thursday,253.42,253.93,255.31,256.69,253.42,5.068
2025-03-28,2025,3,28,Friday,254.0,254.51,255.9,257.29,254.0,5.08
2025-03-29,2025,3,29,Saturday,230.86,231.34,232.5,233.74,230.86,4.617
2025-03-30,2025,3,30,Sunday,94.36,94.56,94.81,95.37,94.36,1.887
2025-03-31,2025,3,31,Monday,176.65,177.01,177.76,178.71,176.65,3.533
2025-04-01,2025,4,1,Tuesday,227.74,228.2,229.34,230.55,227.74,4.555
2025-04-02,2025,4,2,Wednesday,185.89,186.27,187.09,188.08,185.89,3.718
2025-04-03,2025,4,3,Thursday,183.73,184.09,184.87,185.85,183.73,3.675
2025-04-04,2025,4,4,Friday,193.98,194.36,195.21,196.22,193.98,3.88
2025-04-05,2025,4,5,Saturday,264.87,265.4,266.87,268.31,264.87,5.297
2025-04-06,2025,4,6,Sunday,151.02,151.34,151.89,152.71,151.02,3.02
2025-04-07,2025,4,7,Monday,129.66,129.94,130.29,130.97,129.66,2.593
2025-04-08,2025,4,8,Tuesday,194.48,194.87,195.65,196.67,194.48,3.89
2025-04-09,2025,4,9,Wednesday,261.09,261.62,263.0,264.44,261.09,5.222
2025-04-10,2025,4,10,Thursday,182.86,183.23,183.93,184.87,182.86,3.657
2025-04-11,2025,4,11,Friday,269.9,270.44,271.95,273.43,269.9,5.398
2025-04-12,2025,4,12,Saturday,251.23,251.74,253.13,254.5,251.23,5.025
2025-04-13,2025,4,13,Sunday,120.6,120.83,121.27,121.96,120.6,2.412
2025-04-14,2025,4,14,Monday,170.94,171.29,172.01,172.9,170.94,3.419
2025-04-15,2025,4,15,Tuesday,187.76,188.15,188.88,189.84,187.76,3.755
2025-04-16,2025,4,16,Wednesday,247.44,247.94,249.24,250.58,247.44,4.949
2025-04-17,2025,4,17,Thursday,242.93,243.44,244.68,245.97,242.93,4.859
2025-04-18,2025,4,18,Friday,262.73,263.3,264.74,266.16,262.73,5.255
2025-04-19,2025,4,19,Saturday,230.35,230.84,231.92,233.12,230.35,4.607
2025-04-20,2025,4,20,Sunday,273.28,273.85,275.4,276.93,273.28,5.466
2025-04-21,2025,4,21,Monday,278.38,278.96,280.52,282.07,278.38,5.568
2025-04-22,2025,4,22,Tuesday,272.64,273.18,274.72,276.24,272.64,5.453
2025-04-23,2025,4,23,Wednesday,242.07,242.56,243.92,245.29,242.07,4.841
2025-04-24,2025,4,24,Thursday,251.93,252.44,253.77,255.17,251.93,5.039
2025-04-25,2025,4,25,Friday,220.88,221.34,222.53,223.77,220.88,4.418
2025-04-26,2025,4,26,Saturday,226.9,227.38,228.52,229.76,226.9,4.538
2025-04-27,2025,4,27,Sunday,262.18,262.73,264.1,265.55,262.18,5.244
2025-04-28,2025,4,28,Monday,265.65,266.21,267.64,269.09,265.65,5.313
2025-04-29,2025,4,29,Tuesday,227.35,227.84,228.9,230.14,227.35,4.547
2025-04-30,2025,4,30,Wednesday,184.22,184.57,185.29,186.26,184.22,3.684
2025-05-01,2025,5,1,Thursday,161.39,161.67,162.33,163.22,161.39,3.228
2025-05-02,2025,5,2,Friday,129.99,130.22,130.71,131.47,129.99,2.6
2025-05-03,2025,5,3,Saturday,252.5,253.03,254.34,255.71,252.5,5.05
2025-05-04,2025,5,4,Sunday,189.04,189.45,190.18,191.14,189.04,3.781
2025-05-05,2025,5,5,Monday,220.89,221.38,222.39,223.55,220.89,4.418
2025-05-06,2025,5,6,Tuesday,200.86,201.29,202.29,203.4,200.86,4.017
2025-05-07,2025,5,7,Wednesday,234.01,234.51,235.7,236.96,234.01,4.68
2025-05-08,2025,5,8,Thursday,244.5,245.04,246.34,247.68,244.5,4.89
2025-05-09,2025,5,9,Friday,218.86,219.33,220.39,221.58,218.86,4.377
2025-05-10,2025,5,10,Saturday,191.96,192.4,193.17,194.16,191.96,3.839
2025-05-11,2025,5,11,Sunday,115.16,115.43,115.89,116.59,115.16,2.303
2025-05-12,2025,5,12,Monday,235.34,235.83,237.07,238.36,235.34,4.707
2025-05-13,2025,5,13,Tuesday,219.13,219.56,220.81,222.06,219.13,4.383
2025-05-14,2025,5,14,Wednesday,242.0,242.49,243.79,245.11,242.0,4.84
2025-05-15,2025,5,15,Thursday,225.64,226.09,227.23,228.47,225.64,4.513
2025-05-16,2025,5,16,Friday,220.02,220.46,221.54,222.74,220.02,4.4
2025-05-17,2025,5,17,Saturday,194.41,194.81,195.71,196.8,194.41,3.888
2025-05-18,2025,5,18,Sunday,268.24,268.75,270.26,271.8,268.24,5.365
2025-05-19,2025,5,19,Monday,263.14,263.69,265.14,266.6,263.14,5.263
2025-05-20,2025,5,20,Tuesday,252.01,252.52,253.83,255.21,252.01,5.04
2025-05-21,2025,5,21,Wednesday,264.48,265.02,266.5,267.96,264.48,5.29
2025-05-22,2025,5,22,Thursday,223.71,224.19,225.27,226.49,223.71,4.474
2025-05-23,2025,5,23,Friday,267.12,267.64,269.14,270.67,267.12,5.342
2025-05-24,2025,5,24,Saturday,213.73,214.16,215.2,216.41,213.73,4.275
2025-05-25,2025,5,25,Sunday,157.0,157.34,157.93,158.78,157.0,3.14
2025-05-26,2025,5,26,Monday,224.35,224.81,225.94,227.21,224.35,4.487
2025-05-27,2025,5,27,Tuesday,153.33,153.65,154.2,155.05,153.33,3.067
2025-05-28,2025,5,28,Wednesday,171.64,172.0,172.7,173.64,171.64,3.433
2025-05-29,2025,5,29,Thursday,76.2,76.36,76.61,77.14,76.2,1.524
2025-05-30,2025,5,30,Friday,180.87,181.23,181.92,182.9,180.87,3.617
2025-05-31,2025,5,31,Saturday,222.94,223.4,224.43,225.65,222.94,4.459
2025-06-01,2025,6,1,Sunday,249.23,249.75,251.05,252.42,249.23,4.985
2025-06-02,2025,6,2,Monday,268.9,269.45,270.93,272.44,268.9,5.378
2025-06-03,2025,6,3,Tuesday,275.87,276.43,277.94,279.5,275.87,5.517
2025-06-04,2025,6,4,Wednesday,223.9,224.37,225.56,226.86,223.9,4.478
2025-06-05,2025,6,5,Thursday,214.47,214.92,216.01,217.23,214.47,4.289
2025-06-06,2025,6,6,Friday,203.97,204.39,205.39,206.54,203.97,4.079
2025-06-07,2025,6,7,Saturday,221.67,222.12,223.29,224.53,221.67,4.433
2025-06-08,2025,6,8,Sunday,241.81,242.32,243.69,245.08,241.81,4.836
2025-06-09,2025,6,9,Monday,173.8,174.18,174.9,175.85,173.8,3.476
2025-06-10,2025,6,10,Tuesday,77.27,77.44,77.59,78.09,77.27,1.545
2025-06-11,2025,6,11,Wednesday,18.72,18.78,18.82,19.12,18.72,0.374
2025-06-12,2025,6,12,Thursday,38.26,38.35,38.39,38.76,38.26,0.765
2025-06-13,2025,6,13,Friday,153.59,153.9,154.39,155.2,153.59,3.072
2025-06-14,2025,6,14,Saturday,169.41,169.76,170.38,171.28,169.41,3.388
2025-06-15,2025,6,15,Sunday,246.3,246.8,248.07,249.43,246.3,4.926
2025-06-16,2025,6,16,Monday,247.98,248.49,249.76,251.14,247.98,4.96
2025-06-17,2025,6,17,Tuesday,256.36,256.89,258.22,259.61,256.36,5.127
2025-06-18,2025,6,18,Wednesday,236.21,236.69,237.9,239.2,236.21,4.724
2025-06-19,2025,6,19,Thursday,219.15,219.62,220.74,221.95,219.15,4.383
2025-06-20,2025,6,20,Friday,255.46,255.98,257.34,258.74,255.46,5.109
2025-06-21,2025,6,21,Saturday,231.61,232.09,233.31,234.61,231.61,4.632
2025-06-22,2025,6,22,Sunday,258.3,258.84,260.21,261.64,258.3,5.166
2025-06-23,2025,6,23,Monday,237.74,238.24,239.5,240.85,237.74,4.755
2025-06-24,2025,6,24,Tuesday,219.56,220.02,221.18,222.46,219.56,4.391
2025-06-25,2025,6,25,Wednesday,184.47,184.86,185.83,186.88,184.47,3.689
2025-06-26,2025,6,26,Thursday,238.68,239.18,240.45,241.79,238.68,4.774
2025-06-27,2025,6,27,Friday,228.1,228.58,229.77,231.03,228.1,4.562
2025-06-28,2025,6,28,Saturday,240.21,240.72,241.99,243.36,240.21,4.804
2025-06-29,2025,6,29,Sunday,230.01,230.45,231.64,232.95,230.01,4.6
2025-06-30,2025,6,30,Monday,203.48,203.91,205.07,206.29,203.48,4.07
2025-07-01,2025,7,1,Tuesday,189.68,190.08,190.89,191.92,189.68,3.794
2025-07-02,2025,7,2,Wednesday,189.71,190.1,190.96,192.03,189.71,3.794
2025-07-03,2025,7,3,Thursday,226.67,227.15,228.19,229.42,226.67,4.533
2025-07-04,2025,7,4,Friday,194.17,194.57,195.52,196.64,194.17,3.883
2025-07-05,2025,7,5,Saturday,206.83,207.27,208.26,209.42,206.83,4.137
2025-07-06,2025,7,6,Sunday,237.36,237.86,238.99,240.31,237.36,4.747
2025-07-07,2025,7,7,Monday,265.83,266.39,267.86,269.36,265.83,5.317
2025-07-08,2025,7,8,Tuesday,262.76,263.36,264.74,266.2,262.76,5.255
2025-07-09,2025,7,9,Wednesday,254.22,254.76,256.1,257.5,254.22,5.084
2025-07-10,2025,7,10,Thursday,92.73,92.94,93.14,93.69,92.73,1.855
2025-07-11,2025,7,11,Friday,202.91,203.35,204.29,205.41,202.91,4.058
2025-07-12,2025,7,12,Saturday,259.76,260.3,261.71,263.15,259.76,5.195
2025-07-13,2025,7,13,Sunday,221.21,221.68,222.92,224.2,221.21,4.424
2025-07-14,2025,7,14,Monday,236.67,237.17,238.45,239.8,236.67,4.733
2025-07-15,2025,7,15,Tuesday,260.24,260.78,262.21,263.68,260.24,5.205
2025-07-16,2025,7,16,Wednesday,267.92,268.49,269.92,271.41,267.92,5.358
2025-07-17,2025,7,17,Thursday,264.92,265.48,266.87,268.33,264.92,5.298
2025-07-18,2025,7,18,Friday,207.43,207.88,208.84,209.96,207.43,4.149
2025-07-19,2025,7,19,Saturday,246.57,247.09,248.31,249.64,246.57,4.931
2025-07-20,2025,7,20,Sunday,160.19,160.53,161.07,161.92,160.19,3.204
2025-07-21,2025,7,21,Monday,212.88,213.34,214.29,215.44,212.88,4.258
2025-07-22,2025,7,22,Tuesday,89.48,89.68,89.86,90.41,89.48,1.79
2025-07-23,2025,7,23,Wednesday,177.47,177.86,178.59,179.56,177.47,3.549
2025-07-24,2025,7,24,Thursday,92.64,92.85,93.03,93.59,92.64,1.853
2025-07-25,2025,7,25,Friday,189.24,189.65,190.52,191.57,189.24,3.785
2025-07-26,2025,7,26,Saturday,102.93,103.14,103.34,103.93,102.93,2.059
2025-07-27,2025,7,27,Sunday,176.34,176.71,177.4,178.37,176.34,3.527
2025-07-28,2025,7,28,Monday,184.59,184.98,185.71,186.7,184.59,3.692
2025-07-29,2025,7,29,Tuesday,151.93,152.24,152.79,153.65,151.93,3.039
2025-07-30,2025,7,30,Wednesday,238.9,239.41,240.71,242.06,238.9,4.778
2025-07-31,2025,7,31,Thursday,183.39,183.79,184.49,185.46,183.39,3.668
2025-08-01,2025,8,1,Friday,254.38,254.91,256.26,257.68,254.38,5.088
2025-08-02,2025,8,2,Saturday,248.48,249.01,250.29,251.65,248.48,4.97
2025-08-03,2025,8,3,Sunday,245.35,245.88,247.07,248.41,245.35,4.907
2025-08-04,2025,8,4,Monday,260.93,261.48,262.85,264.28,260.93,5.219
2025-08-05,2025,8,5,Tuesday,241.23,241.74,242.93,244.2,241.23,4.825
2025-08-06,2025,8,6,Wednesday,245.02,245.54,246.8,248.14,245.02,4.9
2025-08-07,2025,8,7,Thursday,215.98,216.45,217.51,218.7,215.98,4.32
2025-08-08,2025,8,8,Friday,255.39,255.93,257.21,258.61,255.39,5.108
2025-08-09,2025,8,9,Saturday,142.88,143.18,143.79,144.65,142.88,2.858
2025-08-10,2025,8,10,Sunday,231.87,232.35,233.51,234.81,231.87,4.637
2025-08-11,2025,8,11,Monday,261.83,262.38,263.82,265.3,261.83,5.237
2025-08-12,2025,8,12,Tuesday,256.09,256.63,258.09,259.56,256.09,5.122
2025-08-13,2025,8,13,Wednesday,192.18,192.58,193.58,194.74,192.18,3.844
2025-08-14,2025,8,14,Thursday,200.09,200.51,201.48,202.63,200.09,4.002
2025-08-15,2025,8,15,Friday,227.4,227.89,229.0,230.27,227.4,4.548
2025-08-16,2025,8,16,Saturday,169.94,170.3,171.07,172.07,169.94,3.399
2025-08-17,2025,8,17,Sunday,140.79,141.09,141.56,142.33,140.79,2.816
2025-08-18,2025,8,18,Monday,229.32,229.8,230.94,232.19,229.32,4.586
2025-08-19,2025,8,19,Tuesday,274.05,274.61,276.12,277.64,274.05,5.481
2025-08-20,2025,8,20,Wednesday,242.97,243.48,244.71,246.03,242.97,4.859
2025-08-21,2025,8,21,Thursday,159.61,159.95,160.61,161.51,159.61,3.192
2025-08-22,2025,8,22,Friday,264.13,264.67,266.04,267.48,264.13,5.283
2025-08-23,2025,8,23,Saturday,224.25,224.72,225.83,227.01,224.25,4.485
2025-08-24,2025,8,24,Sunday,88.24,88.44,88.6,89.12,88.24,1.765
2025-08-25,2025,8,25,Monday,226.21,226.68,227.75,228.97,226.21,4.524
2025-08-26,2025,8,26,Tuesday,237.33,237.82,239.03,240.3,237.33,4.747
2025-08-27,2025,8,27,Wednesday,166.67,167.01,167.79,168.73,166.67,3.333
2025-08-28,2025,8,28,Thursday,145.06,145.37,145.99,146.8,145.06,2.901
2025-08-29,2025,8,29,Friday,134.28,134.58,135.0,135.7,134.28,2.686
2025-08-30,2025,8,30,Saturday,219.76,220.2,221.23,222.41,219.76,4.395
2025-08-31,2025,8,31,Sunday,182.11,182.47,183.27,184.27,182.11,3.642
2025-09-01,2025,9,1,Monday,108.21,108.43,108.71,109.31,108.21,2.164
2025-09-02,2025,9,2,Tuesday,96.1,96.28,96.51,97.09,96.1,1.922
2025-09-03,2025,9,3,Wednesday,234.25,234.73,235.94,237.24,234.25,4.685
2025-09-04,2025,9,4,Thursday,260.72,261.24,262.74,264.24,260.72,5.214
2025-09-05,2025,9,5,Friday,212.1,212.54,213.7,214.91,212.1,4.242
2025-09-06,2025,9,6,Saturday,163.22,163.55,164.14,165.02,163.22,3.264
2025-09-07,2025,9,7,Sunday,184.7,185.09,185.86,186.84,184.7,3.694
2025-09-08,2025,9,8,Monday,234.71,235.19,236.34,237.62,234.71,4.694
2025-09-09,2025,9,9,Tuesday,238.4,238.89,240.16,241.5,238.4,4.768
2025-09-10,2025,9,10,Wednesday,247.37,247.88,249.32,250.67,247.37,4.947
2025-09-11,2025,9,11,Thursday,244.42,244.93,246.17,247.52,244.42,4.888
2025-09-12,2025,9,12,Friday,206.51,206.94,207.92,209.04,206.51,4.13
2025-09-13,2025,9,13,Saturday,228.05,228.53,229.76,231.03,228.05,4.561
2025-09-14,2025,9,14,Sunday,246.09,246.61,247.87,249.19,246.09,4.922
2025-09-15,2025,9,15,Monday,240.55,241.05,242.3,243.62,240.55,4.811
2025-09-16,2025,9,16,Tuesday,220.71,221.17,222.33,223.56,220.71,4.414
2025-09-17,2025,9,17,Wednesday,136.01,136.31,136.84,137.61,136.01,2.72
2025-09-18,2025,9,18,Thursday,174.55,174.91,175.63,176.58,174.55,3.491
2025-09-19,2025,9,19,Friday,229.28,229.76,230.95,232.19,229.28,4.586
2025-09-20,2025,9,20,Saturday,233.63,234.12,235.39,236.68,233.63,4.673
2025-09-21,2025,9,21,Sunday,186.16,186.55,187.49,188.54,186.16,3.723
2025-09-22,2025,9,22,Monday,179.68,180.06,180.96,181.97,179.68,3.594
2025-09-23,2025,9,23,Tuesday,195.49,195.89,196.86,197.95,195.49,3.91
2025-09-24,2025,9,24,Wednesday,247.86,248.36,249.66,251.0,247.86,4.957
2025-09-25,2025,9,25,Thursday,101.92,102.15,102.37,102.94,101.92,2.038
2025-09-26,2025,9,26,Friday,113.34,113.58,114.04,114.74,113.34,2.267
2025-09-27,2025,9,27,Saturday,62.8,62.94,63.09,63.53,62.8,1.256
2025-09-28,2025,9,28,Sunday,57.45,57.57,57.63,58.05,57.45,1.149
2025-09-29,2025,9,29,Monday,114.23,114.47,114.76,115.4,114.23,2.285
2025-09-30,2025,9,30,Tuesday,192.29,192.7,193.46,194.48,192.29,3.846
2025-10-01,2025,10,1,Wednesday,212.58,213.04,214.01,215.17,212.58,4.252
2025-10-02,2025,10,2,Thursday,255.36,255.89,257.21,258.64,255.36,5.107
2025-10-03,2025,10,3,Friday,162.01,162.37,162.94,163.8,162.01,3.24
2025-10-04,2025,10,4,Saturday,131.61,131.89,132.29,133.01,131.61,2.632
2025-10-05,2025,10,5,Sunday,24.18,24.25,24.27,24.59,24.18,0.484
2025-10-06,2025,10,6,Monday,218.22,218.68,219.63,220.8,218.22,4.364
2025-10-07,2025,10,7,Tuesday,110.46,110.7,111.07,111.73,110.46,2.209
2025-10-08,2025,10,8,Wednesday,125.48,125.76,126.13,126.82,125.48,2.51
2025-10-09,2025,10,9,Thursday,116.28,116.53,116.87,117.53,116.28,2.326
2025-10-10,2025,10,10,Friday,200.31,200.73,201.59,202.66,200.31,4.006
2025-10-11,2025,10,11,Saturday,108.64,108.87,109.16,109.77,108.64,2.173
2025-10-12,2025,10,12,Sunday,80.03,80.2,80.35,80.84,80.03,1.601
2025-10-13,2025,10,13,Monday,178.36,178.74,179.38,180.3,178.36,3.567
2025-10-14,2025,10,14,Tuesday,213.88,214.34,215.41,216.62,213.88,4.278
2025-10-15,2025,10,15,Wednesday,190.41,190.81,191.63,192.67,190.41,3.808
2025-10-16,2025,10,16,Thursday,111.29,111.53,111.82,112.44,111.29,2.226
2025-10-17,2025,10,17,Friday,103.86,104.09,104.42,105.02,103.86,2.077
2025-10-18,2025,10,18,Saturday,157.13,157.47,158.1,158.98,157.13,3.143
2025-10-19,2025,10,19,Sunday,111.43,111.67,111.97,112.59,111.43,2.229
2025-10-20,2025,10,20,Monday,94.03,94.24,94.5,95.05,94.03,1.881
2025-10-21,2025,10,21,Tuesday,98.0,98.21,98.42,98.97,98.0,1.96
2025-10-22,2025,10,22,Wednesday,159.02,159.36,159.88,160.71,159.02,3.18
2025-10-23,2025,10,23,Thursday,159.74,160.08,160.61,161.45,159.74,3.195
2025-10-24,2025,10,24,Friday,35.63,35.71,35.79,36.13,35.63,0.713
2025-10-25,2025,10,25,Saturday,22.61,22.67,22.71,23.02,22.61,0.452
2025-10-26,2025,10,26,Sunday,130.01,130.28,130.7,131.42,130.01,2.6
2025-10-27,2025,10,27,Monday,133.14,133.43,133.84,134.55,133.14,2.663
2025-10-28,2025,10,28,Tuesday,82.61,82.78,82.98,83.48,82.61,1.652
2025-10-29,2025,10,29,Wednesday,91.24,91.43,91.66,92.2,91.24,1.825
2025-10-30,2025,10,30,Thursday,149.84,150.16,150.66,151.45,149.84,2.997
2025-10-31,2025,10,31,Friday,104.59,104.81,105.2,105.84,104.59,2.092
2025-11-01,2025,11,1,Saturday,91.25,91.44,91.65,92.16,91.25,1.825
2025-11-02,2025,11,2,Sunday,4.88,4.9,4.92,5.15,4.88,0.098
2025-11-03,2025,11,3,Monday,134.78,135.04,135.47,136.2,134.78,2.696
2025-11-04,2025,11,4,Tuesday,105.92,106.13,106.4,107.01,105.92,2.118
2025-11-05,2025,11,5,Wednesday,19.06,19.08,19.1,19.36,19.06,0.381
2025-11-06,2025,11,6,Thursday,23.2,23.24,23.3,23.61,23.2,0.464
2025-11-07,2025,11,7,Friday,,,,,,
2025-11-08,2025,11,8,Saturday,17.36,17.39,17.42,17.63,17.36,0.347
2025-11-09,2025,11,9,Sunday,45.05,45.15,45.25,45.62,45.05,0.901
2025-11-10,2025,11,10,Monday,82.92,83.12,83.3,83.78,82.92,1.658
2025-11-11,2025,11,11,Tuesday,106.1,106.34,106.61,107.17,106.1,2.122
2025-11-12,2025,11,12,Wednesday,118.75,119.01,119.37,120.01,118.75,2.375
2025-11-13,2025,11,13,Thursday,123.87,124.13,124.47,125.11,123.87,2.477
2025-11-14,2025,11,14,Friday,116.04,116.3,116.58,117.2,116.04,2.321
2025-11-15,2025,11,15,Saturday,103.37,103.59,103.83,104.39,103.37,2.067
2025-11-16,2025,11,16,Sunday,29.15,29.22,29.27,29.58,29.15,0.583
2025-11-17,2025,11,17,Monday,52.43,52.55,52.64,53.02,52.43,1.049
2025-11-18,2025,11,18,Tuesday,14.03,14.08,14.12,14.39,14.03,0.281
2025-11-19,2025,11,19,Wednesday,11.15,11.19,11.25,11.48,11.15,0.223
2025-11-20,2025,11,20,Thursday,46.99,47.11,47.19,47.55,46.99,0.94
2025-11-21,2025,11,21,Friday,40.39,40.48,40.53,40.87,40.39,0.808
2025-11-22,2025,11,22,Saturday,35.5,35.6,35.65,35.98,35.5,0.71
2025-11-23,2025,11,23,Sunday,36.98,37.07,37.13,37.46,36.98,0.74
2025-11-24,2025,11,24,Monday,67.15,67.3,67.42,67.85,67.15,1.343
2025-11-25,2025,11,25,Tuesday,85.22,85.41,85.58,86.07,85.22,1.704
2025-11-26,2025,11,26,Wednesday,76.87,77.04,77.18,77.64,76.87,1.537
2025-11-27,2025,11,27,Thursday,88.68,88.87,89.04,89.54,88.68,1.774
2025-11-28,2025,11,28,Friday,56.99,57.12,57.2,57.59,56.99,1.14
2025-11-29,2025,11,29,Saturday,73.39,73.55,73.67,74.12,73.39,1.468
2025-11-30,2025,11,30,Sunday,56.23,56.35,56.44,56.84,56.23,1.125
2025-12-01,2025,12,1,Monday,53.92,54.05,54.14,54.53,53.92,1.078
2025-12-02,2025,12,2,Tuesday,133.81,134.1,134.55,135.28,133.81,2.676
2025-12-03,2025,12,3,Wednesday,12.97,13.01,13.11,13.37,12.97,0.259
2025-12-04,2025,12,4,Thursday,57.16,57.29,57.39,57.79,57.16,1.143
2025-12-05,2025,12,5,Friday,101.1,101.32,101.63,102.2,101.1,2.022
2025-12-06,2025,12,6,Saturday,84.78,84.96,85.14,85.63,84.78,1.696
2025-12-07,2025,12,7,Sunday,129.81,130.1,130.46,131.12,129.81,2.596
2025-12-08,2025,12,8,Monday,36.65,36.74,36.79,37.12,36.65,0.733
2025-12-09,2025,12,9,Tuesday,49.19,49.31,49.4,49.77,49.19,0.984
2025-12-10,2025,12,10,Wednesday,34.14,34.23,34.29,34.61,34.14,0.683
2025-12-11,2025,12,11,Thursday,102.33,102.56,102.85,103.41,102.33,2.047
2025-12-12,2025,12,12,Friday,131.2,131.49,131.9,132.56,131.2,2.624
2025-12-13,2025,12,13,Saturday,131.9,132.19,132.64,133.34,131.9,2.638
2025-12-14,2025,12,14,Sunday,36.49,36.59,36.64,36.96,36.49,0.73
2025-12-15,2025,12,15,Monday,48.74,48.87,48.97,49.34,48.74,0.975
2025-12-16,2025,12,16,Tuesday,116.64,116.89,117.23,117.87,116.64,2.333
2025-12-17,2025,12,17,Wednesday,46.08,46.19,46.27,46.63,46.08,0.922
2025-12-18,2025,12,18,Thursday,93.2,93.41,93.65,94.18,93.2,1.864
2025-12-19,2025,12,19,Friday,92.96,93.16,93.39,93.91,92.96,1.859
2025-12-20,2025,12,20,Saturday,74.75,74.93,75.07,75.52,74.75,1.495
2025-12-21,2025,12,21,Sunday,65.22,65.37,65.49,65.9,65.22,1.304
2025-12-22,2025,12,22,Monday,90.3,90.51,90.78,91.31,90.3,1.806
2025-12-23,2025,12,23,Tuesday,150.99,151.31,151.86,152.65,150.99,3.02
2025-12-24,2025,12,24,Wednesday,98.23,98.44,98.69,99.23,98.23,1.965
2025-12-25,2025,12,25,Thursday,66.56,66.72,66.83,67.25,66.56,1.331
2025-12-26,2025,12,26,Friday,66.77,66.93,67.08,67.5,66.77,1.335
2025-12-27,2025,12,27,Saturday,69.78,69.95,70.1,70.54,69.78,1.396
2025-12-28,2025,12,28,Sunday,67.86,68.04,68.2,68.63,67.86,1.357
2025-12-29,2025,12,29,Monday,123.87,124.15,124.56,125.23,123.87,2.477
2025-12-30,2025,12,30,Tuesday,87.72,87.93,88.17,88.68,87.72,1.754
2025-12-31,2025,12,31,Wednesday,113.29,113.54,113.93,114.56,113.29,2.266
2026-01-01,2026,1,1,Thursday,105.27,105.47,105.7,106.27,105.27,2.105
2026-01-02,2026,1,2,Friday,101.04,101.24,101.54,102.13,101.04,2.021
2026-01-03,2026,1,3,Saturday,145.77,146.07,146.63,147.42,145.77,2.915
2026-01-04,2026,1,4,Sunday,92.54,92.72,92.97,93.53,92.54,1.851
2026-01-05,2026,1,5,Monday,64.86,64.99,65.1,65.53,64.86,1.297
2026-01-06,2026,1,6,Tuesday,82.35,82.51,82.78,83.33,82.35,1.647
2026-01-07,2026,1,7,Wednesday,20.89,20.92,20.94,21.24,20.89,0.418
2026-01-08,2026,1,8,Thursday,135.34,135.61,136.04,136.76,135.34,2.707
2026-01-09,2026,1,9,Friday,78.39,78.57,78.73,79.19,78.39,1.568
2026-01-10,2026,1,10,Saturday,187.35,187.75,188.55,189.53,187.35,3.747
2026-01-11,2026,1,11,Sunday,200.67,201.09,201.96,202.99,200.67,4.013
2026-01-12,2026,1,12,Monday,157.69,158.03,158.62,159.44,157.69,3.154
2026-01-13,2026,1,13,Tuesday,189.47,189.88,190.67,191.65,189.47,3.789
2026-01-14,2026,1,14,Wednesday,99.48,99.71,99.94,100.5,99.48,1.99
2026-01-15,2026,1,15,Thursday,176.83,177.2,177.89,178.82,176.83,3.537
2026-01-16,2026,1,16,Friday,191.06,191.47,192.25,193.24,191.06,3.821
2026-01-17,2026,1,17,Saturday,163.75,164.1,164.69,165.54,163.75,3.275
2026-01-18,2026,1,18,Sunday,188.89,189.29,190.05,191.03,188.89,3.778
2026-01-19,2026,1,19,Monday,199.55,199.98,200.82,201.86,199.55,3.991
2026-01-20,2026,1,20,Tuesday,176.05,176.43,177.11,178.03,176.05,3.521
2026-01-21,2026,1,21,Wednesday,87.71,87.92,88.17,88.71,87.71,1.754
2026-01-22,2026,1,22,Thursday,120.53,120.8,121.2,121.87,120.53,2.411
2026-01-23,2026,1,23,Friday,71.3,71.46,71.62,72.08,71.3,1.426
2026-01-24,2026,1,24,Saturday,123.72,123.98,124.4,125.1,123.72,2.474
2026-01-25,2026,1,25,Sunday,174.69,175.06,175.72,176.63,174.69,3.494
2026-01-26,2026,1,26,Monday,117.25,117.5,117.84,118.48,117.25,2.345
2026-01-27,2026,1,27,Tuesday,99.76,99.98,100.22,100.77,99.76,1.995
2026-01-28,2026,1,28,Wednesday,94.71,94.92,95.16,95.71,94.71,1.894
2026-01-29,2026,1,29,Thursday,199.19,199.61,200.45,201.49,199.19,3.984
2026-01-30,2026,1,30,Friday,168.42,168.77,169.42,170.3,168.42,3.368
2026-01-31,2026,1,31,Saturday,169.5,169.86,170.51,171.42,169.5,3.39
2026-02-01,2026,2,1,Sunday,161.77,162.12,162.68,163.5,161.77,3.235
2026-02-02,2026,2,2,Monday,90.13,90.33,90.56,91.08,90.13,1.803
2026-02-03,2026,2,3,Tuesday,87.66,87.86,88.05,88.56,87.66,1.753
2026-02-04,2026,2,4,Wednesday,132.36,132.64,133.09,133.81,132.36,2.647
2026-02-05,2026,2,5,Thursday,175.32,175.7,176.45,177.37,175.32,3.506
2026-02-06,2026,2,6,Friday,201.89,202.33,203.2,204.24,201.89,4.038
2026-02-07,2026,2,7,Saturday,192.78,193.2,194.05,195.06,192.78,3.856
2026-02-08,2026,2,8,Sunday,126.49,126.77,127.15,127.82,126.49,2.53
2026-02-09,2026,2,9,Monday,149.16,149.48,150.02,150.8,149.16,2.983
2026-02-10,2026,2,10,Tuesday,70.88,71.04,71.19,71.64,70.88,1.418
2026-02-11,2026,2,11,Wednesday,59.02,59.17,59.27,59.67,59.02,1.18
2026-02-12,2026,2,12,Thursday,191.16,191.57,192.36,193.35,191.16,3.823
2026-02-13,2026,2,13,Friday,172.88,173.25,173.9,174.79,172.88,3.458
2026-02-14,2026,2,14,Saturday,154.73,155.01,155.57,156.4,154.73,3.095
2026-02-15,2026,2,15,Sunday,147.35,147.6,148.16,148.98,147.35,2.947
2026-02-16,2026,2,16,Monday,115.18,115.36,115.74,116.41,115.18,2.304
2026-02-17,2026,2,17,Tuesday,111.94,112.12,112.48,113.13,111.94,2.239
2026-02-18,2026,2,18,Wednesday,82.81,82.92,83.21,83.79,82.81,1.656
2026-02-19,2026,2,19,Thursday,95.95,96.1,96.37,96.97,95.95,1.919
2026-02-20,2026,2,20,Friday,133.25,133.48,133.94,134.7,133.25,2.665
2026-02-21,2026,2,21,Saturday,192.31,192.64,193.52,194.59,192.31,3.846
2026-02-22,2026,2,22,Sunday,192.95,193.3,194.21,195.28,192.95,3.859
2026-02-23,2026,2,23,Monday,163.66,164.01,164.58,165.43,163.66,3.273
2026-02-24,2026,2,24,Tuesday,177.77,178.16,178.83,179.74,177.77,3.555
2026-02-25,2026,2,25,Wednesday,186.49,186.9,187.64,188.61,186.49,3.73
2026-02-26,2026,2,26,Thursday,95.89,96.11,96.33,96.88,95.89,1.918
2026-02-27,2026,2,27,Friday,53.99,54.11,54.25,54.66,53.99,1.08
2026-02-28,2026,2,28,Saturday,145.4,145.72,146.26,147.02,145.4,2.908
2026-03-01,2026,3,1,Sunday,204.3,204.75,205.67,206.71,204.3,4.086
2026-03-02,2026,3,2,Monday,205.23,205.68,206.58,207.64,205.23,4.105
2026-03-03,2026,3,3,Tuesday,185.14,185.54,186.36,187.32,185.14,3.703
2026-03-04,2026,3,4,Wednesday,153.91,154.24,154.81,155.62,153.91,3.078
2026-03-05,2026,3,5,Thursday,123.85,124.12,124.47,125.13,123.85,2.477
2026-03-06,2026,3,6,Friday,157.1,157.44,158.07,158.9,157.1,3.142
2026-03-07,2026,3,7,Saturday,121.85,122.1,122.42,123.07,121.85,2.437
2026-03-08,2026,3,8,Sunday,132.11,132.39,132.8,133.5,132.11,2.642
2026-03-09,2026,3,9,Monday,95.67,95.89,96.14,96.68,95.67,1.913
2026-03-10,2026,3,10,Tuesday,128.33,128.6,129.05,129.73,128.33,2.567
2026-03-11,2026,3,11,Wednesday,121.28,121.55,121.93,122.59,121.28,2.426
2026-03-12,2026,3,12,Thursday,142.64,142.95,143.49,144.27,142.64,2.853
2026-03-13,2026,3,13,Friday,127.13,127.41,127.82,128.5,127.13,2.543
2026-03-14,2026,3,14,Saturday,135.63,135.93,136.35,137.07,135.63,2.713
2026-03-15,2026,3,15,Sunday,100.99,101.21,101.45,102.0,100.99,2.02
2026-03-16,2026,3,16,Monday,179.56,179.93,180.65,181.6,179.56,3.591
2026-03-17,2026,3,17,Tuesday,191.39,191.8,192.57,193.55,191.39,3.828
2026-03-18,2026,3,18,Wednesday,203.62,204.05,204.91,205.97,203.62,4.072
2026-03-19,2026,3,19,Thursday,202.16,202.6,203.44,204.48,202.16,4.043
2026-03-20,2026,3,20,Friday,197.6,198.03,198.82,199.84,197.6,3.952
2026-03-21,2026,3,21,Saturday,200.15,200.59,201.42,202.46,200.15,4.003
2026-03-22,2026,3,22,Sunday,194.28,194.73,195.59,196.61,194.28,3.886
2026-03-23,2026,3,23,Monday,202.28,202.72,203.59,204.65,202.28,4.046
2026-03-24,2026,3,24,Tuesday,211.75,212.21,213.15,214.25,211.75,4.235
2026-03-25,2026,3,25,Wednesday,196.16,196.59,197.41,198.41,196.16,3.923
2026-03-26,2026,3,26,Thursday,217.32,217.8,218.79,219.91,217.32,4.346
2026-03-27,2026,3,27,Friday,221.37,221.87,222.89,224.01,221.37,4.427
2026-03-28,2026,3,28,Saturday,223.52,224.0,225.0,226.16,223.52,4.47
2026-03-29,2026,3,29,Sunday,207.72,208.16,209.07,210.12,207.72,4.154
2026-03-30,2026,3,30,Monday,206.02,206.49,207.38,208.43,206.02,4.12
2026-03-31,2026,3,31,Tuesday,211.38,211.9,212.88,213.99,211.38,4.228
2026-04-01,2026,4,1,Wednesday,202.61,203.1,204.02,205.05,202.61,4.052
2026-04-02,2026,4,2,Thursday,202.67,203.11,203.96,205.01,202.67,4.053
2026-04-03,2026,4,3,Friday,209.99,210.49,211.42,212.49,209.99,4.2
2026-04-04,2026,4,4,Saturday,205.52,205.99,206.9,207.96,205.52,4.11
2026-04-05,2026,4,5,Sunday,198.7,199.14,199.95,200.98,198.7,3.974
2026-04-06,2026,4,6,Monday,201.22,201.66,202.49,203.54,201.22,4.024
2026-04-07,2026,4,7,Tuesday,203.42,203.87,204.72,205.77,203.42,4.068
2026-04-08,2026,4,8,Wednesday,204.21,204.65,205.53,206.58,204.21,4.084
2026-04-09,2026,4,9,Thursday,195.99,196.42,197.27,198.29,195.99,3.92
2026-04-10,2026,4,10,Friday,184.7,185.09,185.81,186.77,184.7,3.694
2026-04-11,2026,4,11,Saturday,187.07,187.47,188.2,189.17,187.07,3.741
2026-04-12,2026,4,12,Sunday,187.22,187.62,188.35,189.31,187.22,3.744
2026-04-13,2026,4,13,Monday,188.56,188.99,189.75,190.71,188.56,3.771
2026-04-14,2026,4,14,Tuesday,183.74,184.18,184.96,185.89,183.74,3.675
2026-04-15,2026,4,15,Wednesday,176.99,177.41,178.17,179.09,176.99,3.54
2026-04-16,2026,4,16,Thursday,179.08,179.47,180.17,181.1,179.08,3.582
2026-04-17,2026,4,17,Friday,199.46,199.9,200.72,201.76,199.46,3.989
2026-04-18,2026,4,18,Saturday,179.4,179.79,180.49,181.44,179.4,3.588
2026-04-19,2026,4,19,Sunday,183.69,184.09,184.78,185.74,183.69,3.674
2026-04-20,2026,4,20,Monday,181.16,181.56,182.26,183.19,181.16,3.623
2026-04-21,2026,4,21,Tuesday,203.8,204.23,205.07,206.13,203.8,4.076
2026-04-22,2026,4,22,Wednesday,194.69,195.11,195.86,196.88,194.69,3.894
2026-04-23,2026,4,23,Thursday,192.3,192.71,193.46,194.47,192.3,3.846
2026-04-24,2026,4,24,Friday,167.05,167.4,168.02,168.92,167.05,3.341
2026-04-25,2026,4,25,Saturday,140.98,141.3,141.78,142.53,140.98,2.82
2026-04-26,2026,4,26,Sunday,189.98,190.39,191.12,192.12,189.98,3.8
2026-04-27,2026,4,27,Monday,143.52,143.84,144.29,145.04,143.52,2.87
2026-04-28,2026,4,28,Tuesday,111.33,111.58,111.88,112.5,111.33,2.227
2026-04-29,2026,4,29,Wednesday,158.76,159.12,159.81,160.71,158.76,3.175
2026-04-30,2026,4,30,Thursday,152.15,152.48,152.96,153.75,152.15,3.043
2026-05-01,2026,5,1,Friday,168.33,168.71,169.25,170.12,168.33,3.367
2026-05-02,2026,5,2,Saturday,166.35,166.72,167.29,168.15,166.35,3.327
2026-05-03,2026,5,3,Sunday,210.59,211.03,211.95,213.08,210.59,4.212
2026-05-04,2026,5,4,Monday,162.0,162.35,162.92,163.79,162.0,3.24
2026-05-05,2026,5,5,Tuesday,132.48,132.77,133.21,133.95,132.48,2.65
2026-05-06,2026,5,6,Wednesday,184.76,185.17,185.88,186.84,184.76,3.695
2026-05-07,2026,5,7,Thursday,199.16,199.59,200.41,201.44,199.16,3.983
2026-05-08,2026,5,8,Friday,206.67,207.11,207.98,209.08,206.67,4.133
2026-05-09,2026,5,9,Saturday,78.95,79.12,79.28,79.79,78.95,1.579
2026-05-10,2026,5,10,Sunday,187.08,187.48,188.2,189.2,187.08,3.742
2026-05-11,2026,5,11,Monday,197.67,198.1,198.89,199.93,197.67,3.953
2026-05-12,2026,5,12,Tuesday,211.38,211.84,212.74,213.86,211.38,4.228
2026-05-13,2026,5,13,Wednesday,200.32,200.75,201.54,202.6,200.32,4.006
2026-05-14,2026,5,14,Thursday,165.56,165.92,166.61,167.52,165.56,3.311
2026-05-15,2026,5,15,Friday,135.53,135.83,136.39,137.17,135.53,2.711
2026-05-16,2026,5,16,Saturday,145.35,145.69,146.17,146.95,145.35,2.907
2026-05-17,2026,5,17,Sunday,121.14,121.42,121.78,122.44,121.14,2.423
2026-05-18,2026,5,18,Monday,159.37,159.72,160.24,161.08,159.37,3.187
2026-05-19,2026,5,19,Tuesday,179.5,179.89,180.57,181.53,179.5,3.59
2026-05-20,2026,5,20,Wednesday,204.59,205.04,205.89,206.95,204.59,4.092
2026-05-21,2026,5,21,Thursday,212.49,212.95,213.83,214.95,212.49,4.25
2026-05-22,2026,5,22,Friday,215.43,215.89,216.82,217.96,215.43,4.309
2026-05-23,2026,5,23,Saturday,210.21,210.67,211.57,212.68,210.21,4.204
2026-05-24,2026,5,24,Sunday,216.26,216.72,217.66,218.81,216.26,4.325
2026-05-25,2026,5,25,Monday,211.2,211.67,212.61,213.73,211.2,4.224
2026-05-26,2026,5,26,Tuesday,199.17,199.61,200.49,201.56,199.17,3.983
2026-05-27,2026,5,27,Wednesday,195.81,196.24,197.11,198.16,195.81,3.916
2026-05-28,2026,5,28,Thursday,207.4,207.86,208.73,209.83,207.4,4.148
2026-05-29,2026,5,29,Friday,216.14,216.62,217.54,218.68,216.14,4.323
2026-05-30,2026,5,30,Saturday,121.96,122.23,122.55,123.22,121.96,2.439
2026-05-31,2026,5,31,Sunday,144.08,144.4,144.9,145.69,144.08,2.882
2026-06-01,2026,6,1,Monday,180.9,181.28,181.94,182.9,180.9,3.618
2026-06-02,2026,6,2,Tuesday,190.31,190.73,191.43,192.41,190.31,3.806
2026-06-03,2026,6,3,Wednesday,171.77,172.14,172.83,173.77,171.77,3.435
2026-06-04,2026,6,4,Thursday,195.74,196.16,197.03,198.1,195.74,3.915
2026-06-05,2026,6,5,Friday,186.72,187.13,187.92,188.91,186.72,3.734
2026-06-06,2026,6,6,Saturday,195.61,196.04,196.89,197.93,195.61,3.912
2026-06-07,2026,6,7,Sunday,182.17,182.58,183.29,184.24,182.17,3.643
2026-06-08,2026,6,8,Monday,203.91,204.36,205.22,206.29,203.91,4.078
2026-06-09,2026,6,9,Tuesday,127.39,127.67,127.98,128.66,127.39,2.548
2026-06-10,2026,6,10,Wednesday,170.31,170.68,171.26,172.14,170.31,3.406
2026-06-11,2026,6,11,Thursday,195.34,195.76,196.55,197.6,195.34,3.907
2026-06-12,2026,6,12,Friday,177.25,177.64,178.33,179.27,177.25,3.545
2026-06-13,2026,6,13,Saturday,193.34,193.78,194.67,195.73,193.34,3.867
2026-06-14,2026,6,14,Sunday,225.73,226.23,227.25,228.44,225.73,4.515
2026-06-15,2026,6,15,Monday,217.54,218.01,218.95,220.08,217.54,4.351
2026-06-16,2026,6,16,Tuesday,183.4,183.81,184.6,185.61,183.4,3.668
2026-06-17,2026,6,17,Wednesday,183.44,183.83,184.59,185.59,183.44,3.669
2026-06-18,2026,6,18,Thursday,202.87,203.32,204.23,205.32,202.87,4.057
2026-06-19,2026,6,19,Friday,212.13,212.59,213.5,214.62,212.13,4.243
2026-06-20,2026,6,20,Saturday,221.82,222.31,223.32,224.49,221.82,4.436
2026-06-21,2026,6,21,Sunday,185.54,185.97,186.78,187.79,185.54,3.711
2026-06-22,2026,6,22,Monday,202.62,203.08,203.92,204.99,202.62,4.052
2026-06-23,2026,6,23,Tuesday,214.4,214.88,215.82,216.96,214.4,4.288
2026-06-24,2026,6,24,Wednesday,201.57,202.01,202.89,203.97,201.57,4.031
2026-06-25,2026,6,25,Thursday,217.15,217.63,218.57,219.7,217.15,4.343
2026-06-26,2026,6,26,Friday,221.6,222.09,223.05,224.21,221.6,4.432
2026-06-27,2026,6,27,Saturday,197.48,197.93,198.8,199.86,197.48,3.95
2026-06-28,2026,6,28,Sunday,157.43,157.79,158.45,159.32,157.43,3.149
2026-06-29,2026,6,29,Monday,193.4,193.82,194.66,195.67,193.4,3.868
2026-06-30,2026,6,30,Tuesday,212.58,213.06,214.04,215.16,212.58,4.252
2026-07-01,2026,7,1,Wednesday,149.04,149.38,149.98,150.82,149.04,2.981
2026-07-02,2026,7,2,Thursday,67.31,67.46,67.55,68.0,67.31,1.346
2026-07-03,2026,7,3,Friday,79.02,79.2,79.32,79.81,79.02,1.58
2026-07-04,2026,7,4,Saturday,167.26,167.62,168.2,169.08,167.26,3.345
2026-07-05,2026,7,5,Sunday,120.48,120.75,121.04,121.7,120.48,2.41
2026-07-06,2026,7,6,Monday,149.71,150.03,150.53,151.33,149.71,2.994
2026-07-07,2026,7,7,Tuesday,97.04,97.25,97.46,98.03,97.04,1.941
2026-07-08,2026,7,8,Wednesday,160.33,160.68,161.28,162.15,160.33,3.207
2026-07-09,2026,7,9,Thursday,192.85,193.26,194.05,195.1,192.85,3.857
2026-07-10,2026,7,10,Friday,176.44,176.83,177.49,178.44,176.44,3.529
2026-07-11,2026,7,11,Saturday,136.15,136.45,136.85,137.6,136.15,2.723
2026-07-12,2026,7,12,Sunday,115.98,116.25,116.52,117.15,115.98,2.32
2026-07-13,2026,7,13,Monday,159.85,160.21,160.73,161.58,159.85,3.197
2026-07-14,2026,7,14,Tuesday,158.67,159.03,159.59,160.42,158.67,3.173
2026-07-15,2026,7,15,Wednesday,130.09,130.36,130.75,131.48,130.09,2.602
2026-07-16,2026,7,16,Thursday,104.87,105.1,105.37,105.99,104.87,2.097
2026-07-17,2026,7,17,Friday,209.14,209.59,210.52,211.66,209.14,4.183
2026-07-18,2026,7,18,Saturday,230.97,231.5,232.52,233.76,230.97,4.619
2026-07-19,2026,7,19,Sunday,221.38,221.87,222.84,224.01,221.38,4.428
2026-07-20,2026,7,20,Monday,229.75,230.24,231.32,232.54,229.75,4.595
2026-07-21,2026,7,21,Tuesday,225.47,225.96,226.98,228.19,225.47,4.509
2026-07-22,2026,7,22,Wednesday,161.68,162.03,162.76,163.7,161.68,3.234
2026-07-23,2026,7,23,Thursday,197.54,197.96,198.86,199.97,197.54,3.951
2026-07-24,2026,7,24,Friday,201.07,201.5,202.4,203.51,201.07,4.021
2026-07-25,2026,7,25,Saturday,198.17,198.58,199.42,200.49,198.17,3.963
2026-07-26,2026,7,26,Sunday,219.18,219.66,220.65,221.81,219.18,4.384
2026-07-27,2026,7,27,Monday,205.97,206.42,207.3,208.39,205.97,4.119
2026-07-28,2026,7,28,Tuesday,220.09,220.53,221.6,222.79,220.09,4.402
2026-07-29,2026,7,29,Wednesday,184.72,185.1,185.85,186.82,184.72,3.694
2026-07-30,2026,7,30,Thursday,167.24,167.59,168.28,169.2,167.24,3.345
2026-07-31,2026,7,31,Friday,216.45,216.9,217.93,219.07,216.45,4.329
