WEATHER STATION;PLANT;;;;STATION-02-;WEATHER STAT;ION;;;;;;;STATION-06-;WEATHER STAT;ION;;;;
Parameter;PERFORMANCE;WIND DIRECTION;WIND SPEED;GHI-01 IRRADIANCE;GHI-02 IRRADIANCE;AIR PRESSURE;AIR TEMPERATURE;HUMIDITY;RAIN;PV TEMPERATURE;WIND DIRECTION;WIND SPEED;GHI-01 IRRADIANCE;GHI-02 IRRADIANCE;AIR PRESSURE;AIR TEMPERATURE;HUMIDITY;RAIN;PV TEMPERATURE;
;(%);(deg);(m/s);(W/m2);(W/m2);(mBar);(oC);(%);(mm);(oC);(deg);(m/s);(W/m2);(W/m2);(mBar);(oC);(%);(mm);(oC);
26/08/26 00:00;0.000;0.000;2.34;-0.002;0.007;1076.410;25.465;70.324;0.000;25.465;263.528;2.744;0.04;0.028;1076.410;25.401;70.188;0.000;25.401;
26/08/26 00:01;0.000;0.000;2.534;-0.017;0.044;1076.410;25.432;70.324;0.000;25.432;263.528;2.223;0.017;0.034;1076.410;25.278;70.188;0.000;25.278;
26/08/26 00:02;0.000;0.000;3.069;0.049;0.018;1076.410;25.562;70.324;0.000;25.562;263.528;2.473;-0.041;0.016;1076.410;25.624;70.188;0.000;25.624;
26/08/26 00:03;0.000;0.000;2.291;-0.002;0.019;1076.410;25.644;70.324;0.000;25.644;263.528;1.68;0.002;-0.002;1076.410;25.382;70.188;0.000;25.382;
26/08/26 00:04;0.000;0.000;2.658;-0.023;-0.021;1076.410;25.302;70.324;0.000;25.302;263.528;2.097;0.006;0.006;1076.410;25.219;70.188;0.000;25.219;
26/08/26 00:05;0.000;0.000;2.899;0.047;-0.032;1076.410;25.659;70.324;0.000;25.659;263.528;2.891;0.022;0.034;1076.410;25.362;70.188;0.000;25.362;
26/08/26 00:06;0.000;0.000;2.68;-0.049;-0.043;1076.410;25.576;70.324;0.000;25.576;263.528;2.952;-0.047;-0.023;1076.410;25.306;70.188;0.000;25.306;
26/08/26 00:07;0.000;0.000;2.928;0.023;-0.035;1076.410;25.491;70.324;0.000;25.491;263.528;1.215;0.034;-0.018;1076.410;25.456;70.188;0.000;25.456;
26/08/26 00:08;0.000;0.000;3.053;-0.021;0.045;1076.410;25.503;70.324;0.000;25.503;263.528;1.458;-0.009;0.003;1076.410;25.399;70.188;0.000;25.399;
26/08/26 00:09;0.000;0.000;3.102;0.011;0.002;1076.410;25.564;70.324;0.000;25.564;263.528;1.908;0.012;-0.044;1076.410;25.482;70.188;0.000;25.482;
26/08/26 00:10;0.000;0.000;1.576;0.034;0.029;1076.410;25.305;70.324;0.000;25.305;263.528;2.268;0.028;0.025;1076.410;25.569;70.188;0.000;25.569;
26/08/26 00:11;0.000;0.000;1.968;0.01;-0.042;1076.410;25.437;70.324;0.000;25.437;263.528;2.377;-0.041;0.002;1076.410;25.333;70.188;0.000;25.333;
26/08/26 00:12;0.000;0.000;2.685;0.004;-0.036;1076.410;25.539;70.324;0.000;25.539;263.528;2.54;-0.002;0.024;1076.410;25.53;70.188;0.000;25.53;
26/08/26 00:13;0.000;0.000;2.342;-0.031;-0.007;1076.410;25.53;70.324;0.000;25.53;263.528;2.008;0.002;-0.032;1076.410;25.487;70.188;0.000;25.487;
26/08/26 00:14;0.000;0.000;1.238;-0.002;0.023;1076.410;25.519;70.324;0.000;25.519;263.528;1.537;0.008;-0.039;1076.410;25.228;70.188;0.000;25.228;
26/08/26 00:15;0.000;0.000;2.858;0.0;0.024;1076.410;25.579;70.324;0.000;25.579;263.528;2.441;-0.003;-0.035;1076.410;25.167;70.188;0.000;25.167;
26/08/26 00:16;0.000;0.000;2.34;0.039;0.001;1076.410;25.478;70.324;0.000;25.478;263.528;2.022;0.011;0.005;1076.410;25.183;70.188;0.000;25.183;
26/08/26 00:17;0.000;0.000;1.862;-0.012;0.039;1076.410;25.565;70.324;0.000;25.565;263.528;2.454;0.001;-0.043;1076.410;25.42;70.188;0.000;25.42;
26/08/26 00:18;0.000;0.000;2.671;0.04;0.022;1076.410;25.486;70.324;0.000;25.486;263.528;2.171;0.022;0.021;1076.410;25.359;70.188;0.000;25.359;
26/08/26 00:19;0.000;0.000;2.782;0.004;0.007;1076.410;25.404;70.324;0.000;25.404;263.528;2.104;-0.032;0.007;1076.410;25.63;70.188;0.000;25.63;
26/08/26 00:20;0.000;0.000;1.85;-0.039;0.049;1076.410;25.517;70.324;0.000;25.517;263.528;1.842;-0.037;0.005;1076.410;25.514;70.188;0.000;25.514;
26/08/26 00:21;0.000;0.000;1.871;-0.03;0.008;1076.410;25.412;70.324;0.000;25.412;263.528;2.225;0.031;0.017;1076.410;25.566;70.188;0.000;25.566;
26/08/26 00:22;0.000;0.000;3.111;0.046;-0.046;1076.410;25.515;70.324;0.000;25.515;263.528;1.742;0.013;0.034;1076.410;25.389;70.188;0.000;25.389;
26/08/26 00:23;0.000;0.000;2.214;0.045;0.045;1076.410;25.534;70.324;0.000;25.534;263.528;2.302;0.033;0.044;1076.410;25.431;70.188;0.000;25.431;
26/08/26 00:24;0.000;0.000;1.619;-0.021;0.009;1076.410;25.486;70.324;0.000;25.486;263.528;2.086;-0.013;0.038;1076.410;25.553;70.188;0.000;25.553;
26/08/26 00:25;0.000;0.000;2.607;-0.035;0.016;1076.410;25.447;70.324;0.000;25.447;263.528;2.55;0.007;0.002;1076.410;25.262;70.188;0.000;25.262;
26/08/26 00:26;0.000;0.000;2.522;-0.002;-0.045;1076.410;25.612;70.324;0.000;25.612;263.528;2.911;-0.039;-0.041;1076.410;25.492;70.188;0.000;25.492;
26/08/26 00:27;0.000;0.000;2.194;-0.006;0.026;1076.410;25.396;70.324;0.000;25.396;263.528;2.067;0.017;-0.03;1076.410;25.501;70.188;0.000;25.501;
26/08/26 00:28;0.000;0.000;3.685;-0.026;-0.024;1076.410;25.338;70.324;0.000;25.338;263.528;2.317;-0.042;-0.034;1076.410;25.197;70.188;0.000;25.197;
26/08/26 00:29;0.000;0.000;2.66;0.025;-0.02;1076.410;25.561;70.324;0.000;25.561;263.528;1.513;-0.03;-0.015;1076.410;25.406;70.188;0.000;25.406;
26/08/26 00:30;0.000;0.000;1.242;0.022;0.045;1076.410;25.594;70.324;0.000;25.594;263.528;2.191;0.013;0.035;1076.410;25.451;70.188;0.000;25.451;
26/08/26 00:31;0.000;0.000;2.634;-0.004;-0.038;1076.410;25.62;70.324;0.000;25.62;263.528;2.186;-0.019;0.03;1076.410;25.397;70.188;0.000;25.397;
26/08/26 00:32;0.000;0.000;2.356;0.04;-0.002;1076.410;25.499;70.324;0.000;25.499;263.528;3.166;-0.034;0.02;1076.410;25.592;70.188;0.000;25.592;
26/08/26 00:33;0.000;0.000;2.614;0.049;0.041;1076.410;25.512;70.324;0.000;25.512;263.528;1.928;0.013;-0.04;1076.410;25.586;70.188;0.000;25.586;
26/08/26 00:34;0.000;0.000;2.07;0.049;-0.009;1076.410;25.421;70.324;0.000;25.421;263.528;1.738;-0.024;0.048;1076.410;25.358;70.188;0.000;25.358;
26/08/26 00:35;0.000;0.000;3.019;-0.048;-0.046;1076.410;25.391;70.324;0.000;25.391;263.528;3.207;-0.009;-0.05;1076.410;25.579;70.188;0.000;25.579;
26/08/26 00:36;0.000;0.000;1.907;-0.043;-0.045;1076.410;25.503;70.324;0.000;25.503;263.528;3.265;-0.011;-0.043;1076.410;25.474;70.188;0.000;25.474;
26/08/26 00:37;0.000;0.000;1.397;0.04;0.017;1076.410;25.46;70.324;0.000;25.46;263.528;2.322;0.001;-0.025;1076.410;25.377;70.188;0.000;25.377;
26/08/26 00:38;0.000;0.000;2.556;-0.0;-0.012;1076.410;25.64;70.324;0.000;25.64;263.528;2.869;0.016;0.022;1076.410;25.352;70.188;0.000;25.352;
26/08/26 00:39;0.000;0.000;1.804;-0.013;-0.043;1076.410;25.39;70.324;0.000;25.39;263.528;2.891;-0.01;-0.048;1076.410;25.284;70.188;0.000;25.284;
26/08/26 00:40;0.000;0.000;2.575;0.012;0.041;1076.410;25.414;70.324;0.000;25.414;263.528;2.966;0.012;0.003;1076.410;25.487;70.188;0.000;25.487;
26/08/26 00:41;0.000;0.000;2.718;-0.028;0.02;1076.410;25.566;70.324;0.000;25.566;263.528;2.963;-0.037;-0.022;1076.410;25.419;70.188;0.000;25.419;
26/08/26 00:42;0.000;0.000;2.527;-0.04;0.038;1076.410;25.38;70.324;0.000;25.38;263.528;2.714;0.029;-0.043;1076.410;25.472;70.188;0.000;25.472;
26/08/26 00:43;0.000;0.000;2.788;0.037;-0.01;1076.410;25.393;70.324;0.000;25.393;263.528;2.82;-0.008;0.014;1076.410;25.416;70.188;0.000;25.416;
26/08/26 00:44;0.000;0.000;2.079;-0.011;-0.037;1076.410;25.519;70.324;0.000;25.519;263.528;2.163;0.006;0.024;1076.410;25.393;70.188;0.000;25.393;
26/08/26 00:45;0.000;0.000;2.035;0.005;0.008;1076.410;25.522;70.324;0.000;25.522;263.528;2.391;-0.032;0.046;1076.410;25.413;70.188;0.000;25.413;
26/08/26 00:46;0.000;0.000;1.962;-0.028;-0.003;1076.410;25.641;70.324;0.000;25.641;263.528;1.596;-0.009;0.041;1076.410;25.281;70.188;0.000;25.281;
26/08/26 00:47;0.000;0.000;2.174;0.047;0.009;1076.410;25.52;70.324;0.000;25.52;263.528;2.709;-0.018;0.008;1076.410;25.407;70.188;0.000;25.407;
26/08/26 00:48;0.000;0.000;3.18;0.044;-0.014;1076.410;25.425;70.324;0.000;25.425;263.528;1.396;-0.039;0.005;1076.410;25.378;70.188;0.000;25.378;
26/08/26 00:49;0.000;0.000;1.741;-0.048;0.005;1076.410;25.484;70.324;0.000;25.484;263.528;1.596;-0.048;-0.005;1076.410;25.473;70.188;0.000;25.473;
26/08/26 00:50;0.000;0.000;2.222;0.013;-0.037;1076.410;25.487;70.324;0.000;25.487;263.528;2.861;0.016;0.002;1076.410;25.438;70.188;0.000;25.438;
26/08/26 00:51;0.000;0.000;2.772;-0.046;-0.042;1076.410;25.334;70.324;0.000;25.334;263.528;1.69;0.024;0.016;1076.410;25.377;70.188;0.000;25.377;
26/08/26 00:52;0.000;0.000;1.913;0.034;-0.018;1076.410;25.488;70.324;0.000;25.488;263.528;2.276;0.013;-0.039;1076.410;25.559;70.188;0.000;25.559;
26/08/26 00:53;0.000;0.000;3.327;-0.01;-0.032;1076.410;25.537;70.324;0.000;25.537;263.528;1.993;-0.034;-0.006;1076.410;25.37;70.188;0.000;25.37;
26/08/26 00:54;0.000;0.000;2.32;0.035;-0.025;1076.410;25.36;70.324;0.000;25.36;263.528;2.487;0.029;-0.03;1076.410;25.558;70.188;0.000;25.558;
26/08/26 00:55;0.000;0.000;2.39;-0.006;0.0;1076.410;25.648;70.324;0.000;25.648;263.528;2.682;-0.042;0.037;1076.410;25.329;70.188;0.000;25.329;
26/08/26 00:56;0.000;0.000;3.043;-0.001;-0.005;1076.410;25.416;70.324;0.000;25.416;263.528;2.388;0.011;0.019;1076.410;25.473;70.188;0.000;25.473;
26/08/26 00:57;0.000;0.000;3.139;-0.045;-0.047;1076.410;25.358;70.324;0.000;25.358;263.528;2.113;0.007;0.018;1076.410;25.454;70.188;0.000;25.454;
26/08/26 00:58;0.000;0.000;2.491;-0.038;-0.016;1076.410;25.445;70.324;0.000;25.445;263.528;2.083;-0.033;-0.012;1076.410;25.398;70.188;0.000;25.398;
26/08/26 00:59;0.000;0.000;1.648;-0.041;-0.032;1076.410;25.522;70.324;0.000;25.522;263.528;2.269;-0.005;0.041;1076.410;25.375;70.188;0.000;25.375;
26/08/26 01:00;0.000;0.000;2.496;-0.031;0.03;1076.410;25.467;70.324;0.000;25.467;263.528;1.509;0.002;0.009;1076.410;25.305;70.188;0.000;25.305;
26/08/26 01:01;0.000;0.000;1.684;-0.002;-0.028;1076.410;25.502;70.324;0.000;25.502;263.528;1.639;-0.049;0.047;1076.410;25.406;70.188;0.000;25.406;
26/08/26 01:02;0.000;0.000;2.593;0.024;-0.02;1076.410;25.494;70.324;0.000;25.494;263.528;2.227;-0.03;0.03;1076.410;25.458;70.188;0.000;25.458;
26/08/26 01:03;0.000;0.000;2.679;0.033;0.0;1076.410;25.548;70.324;0.000;25.548;263.528;2.479;0.003;0.039;1076.410;25.183;70.188;0.000;25.183;
26/08/26 01:04;0.000;0.000;2.306;-0.016;0.017;1076.410;25.62;70.324;0.000;25.62;263.528;2.14;0.046;-0.026;1076.410;25.451;70.188;0.000;25.451;
26/08/26 01:05;0.000;0.000;2.364;-0.023;0.037;1076.410;25.445;70.324;0.000;25.445;263.528;1.701;-0.012;0.043;1076.410;25.326;70.188;0.000;25.326;
26/08/26 01:06;0.000;0.000;3.083;-0.013;0.0;1076.410;25.534;70.324;0.000;25.534;263.528;1.854;-0.026;-0.042;1076.410;25.435;70.188;0.000;25.435;
26/08/26 01:07;0.000;0.000;2.281;0.019;0.031;1076.410;25.479;70.324;0.000;25.479;263.528;2.458;0.003;-0.003;1076.410;25.419;70.188;0.000;25.419;
26/08/26 01:08;0.000;0.000;3.031;-0.001;0.008;1076.410;25.516;70.324;0.000;25.516;263.528;1.629;0.008;0.016;1076.410;25.388;70.188;0.000;25.388;
26/08/26 01:09;0.000;0.000;2.249;0.015;0.036;1076.410;25.34;70.324;0.000;25.34;263.528;2.662;0.04;0.027;1076.410;25.505;70.188;0.000;25.505;
26/08/26 01:10;0.000;0.000;2.725;-0.039;-0.002;1076.410;25.547;70.324;0.000;25.547;263.528;2.626;-0.042;0.039;1076.410;25.408;70.188;0.000;25.408;
26/08/26 01:11;0.000;0.000;2.872;0.005;-0.033;1076.410;25.331;70.324;0.000;25.331;263.528;2.146;0.008;-0.012;1076.410;25.576;70.188;0.000;25.576;
26/08/26 01:12;0.000;0.000;1.843;-0.003;-0.049;1076.410;25.533;70.324;0.000;25.533;263.528;1.837;0.048;0.022;1076.410;25.531;70.188;0.000;25.531;
26/08/26 01:13;0.000;0.000;1.874;-0.021;0.039;1076.410;25.505;70.324;0.000;25.505;263.528;2.484;-0.002;0.001;1076.410;25.12;70.188;0.000;25.12;
26/08/26 01:14;0.000;0.000;2.376;-0.016;-0.005;1076.410;25.496;70.324;0.000;25.496;263.528;1.887;-0.04;-0.034;1076.410;25.337;70.188;0.000;25.337;
26/08/26 01:15;0.000;0.000;2.857;0.038;-0.026;1076.410;25.513;70.324;0.000;25.513;263.528;2.681;-0.048;0.042;1076.410;25.352;70.188;0.000;25.352;
26/08/26 01:16;0.000;0.000;2.366;-0.027;-0.033;1076.410;25.365;70.324;0.000;25.365;263.528;2.275;-0.028;0.001;1076.410;25.396;70.188;0.000;25.396;
26/08/26 01:17;0.000;0.000;2.078;0.022;-0.02;1076.410;25.366;70.324;0.000;25.366;263.528;2.506;0.023;0.042;1076.410;25.271;70.188;0.000;25.271;
26/08/26 01:18;0.000;0.000;2.904;0.03;-0.024;1076.410;25.419;70.324;0.000;25.419;263.528;2.342;0.033;0.015;1076.410;25.425;70.188;0.000;25.425;
26/08/26 01:19;0.000;0.000;3.35;0.008;0.041;1076.410;25.591;70.324;0.000;25.591;263.528;2.103;0.009;0.042;1076.410;25.36;70.188;0.000;25.36;
26/08/26 01:20;0.000;0.000;2.461;0.016;0.009;1076.410;25.333;70.324;0.000;25.333;263.528;2.303;-0.039;-0.015;1076.410;25.338;70.188;0.000;25.338;
26/08/26 01:21;0.000;0.000;2.535;-0.026;-0.035;1076.410;25.372;70.324;0.000;25.372;263.528;2.517;-0.023;0.039;1076.410;25.422;70.188;0.000;25.422;
26/08/26 01:22;0.000;0.000;2.078;0.004;-0.004;1076.410;25.368;70.324;0.000;25.368;263.528;1.874;-0.04;-0.027;1076.410;25.258;70.188;0.000;25.258;
26/08/26 01:23;0.000;0.000;2.651;-0.041;0.026;1076.410;25.442;70.324;0.000;25.442;263.528;2.363;-0.035;0.041;1076.410;25.357;70.188;0.000;25.357;
26/08/26 01:24;0.000;0.000;1.883;-0.036;0.03;1076.410;25.49;70.324;0.000;25.49;263.528;1.525;0.027;0.017;1076.410;25.227;70.188;0.000;25.227;
26/08/26 01:25;0.000;0.000;1.515;0.012;0.046;1076.410;25.543;70.324;0.000;25.543;263.528;2.427;-0.038;0.029;1076.410;25.279;70.188;0.000;25.279;
26/08/26 01:26;0.000;0.000;2.232;-0.015;0.045;1076.410;25.371;70.324;0.000;25.371;263.528;1.669;0.001;0.029;1076.410;25.25;70.188;0.000;25.25;
26/08/26 01:27;0.000;0.000;2.815;-0.046;0.014;1076.410;25.62;70.324;0.000;25.62;263.528;1.55;-0.049;0.045;1076.410;25.406;70.188;0.000;25.406;
26/08/26 01:28;0.000;0.000;2.005;0.026;-0.04;1076.410;25.497;70.324;0.000;25.497;263.528;2.726;0.047;0.046;1076.410;25.414;70.188;0.000;25.414;
26/08/26 01:29;0.000;0.000;1.991;0.047;0.031;1076.410;25.586;70.324;0.000;25.586;263.528;1.662;0.009;0.021;1076.410;25.411;70.188;0.000;25.411;
26/08/26 01:30;0.000;0.000;2.739;-0.039;-0.048;1076.410;25.493;70.324;0.000;25.493;263.528;2.228;-0.048;0.025;1076.410;25.385;70.188;0.000;25.385;
26/08/26 01:31;0.000;0.000;2.434;0.01;-0.021;1076.410;25.343;70.324;0.000;25.343;263.528;2.166;-0.014;0.006;1076.410;25.309;70.188;0.000;25.309;
26/08/26 01:32;0.000;0.000;1.871;0.011;-0.037;1076.410;25.286;70.324;0.000;25.286;263.528;2.114;-0.022;0.036;1076.410;25.454;70.188;0.000;25.454;
26/08/26 01:33;0.000;0.000;1.646;-0.005;-0.004;1076.410;25.644;70.324;0.000;25.644;263.528;2.737;-0.006;0.003;1076.410;25.433;70.188;0.000;25.433;
26/08/26 01:34;0.000;0.000;2.623;-0.04;0.001;1076.410;25.462;70.324;0.000;25.462;263.528;2.001;-0.022;0.043;1076.410;25.408;70.188;0.000;25.408;
26/08/26 01:35;0.000;0.000;1.766;-0.042;-0.003;1076.410;25.611;70.324;0.000;25.611;263.528;3.427;-0.014;-0.028;1076.410;25.255;70.188;0.000;25.255;
26/08/26 01:36;0.000;0.000;2.593;0.007;0.023;1076.410;25.555;70.324;0.000;25.555;263.528;2.425;-0.032;0.038;1076.410;25.324;70.188;0.000;25.324;
26/08/26 01:37;0.000;0.000;1.926;-0.029;0.02;1076.410;25.577;70.324;0.000;25.577;263.528;2.63;-0.02;0.016;1076.410;25.301;70.188;0.000;25.301;
26/08/26 01:38;0.000;0.000;1.462;-0.01;0.024;1076.410;25.681;70.324;0.000;25.681;263.528;1.511;-0.009;0.012;1076.410;25.413;70.188;0.000;25.413;
26/08/26 01:39;0.000;0.000;2.804;-0.024;-0.036;1076.410;25.535;70.324;0.000;25.535;263.528;1.96;-0.02;0.02;1076.410;25.488;70.188;0.000;25.488;
26/08/26 01:40;0.000;0.000;2.678;0.01;0.011;1076.410;25.386;70.324;0.000;25.386;263.528;2.61;0.006;-0.005;1076.410;25.408;70.188;0.000;25.408;
26/08/26 01:41;0.000;0.000;3.012;-0.021;0.009;1076.410;25.354;70.324;0.000;25.354;263.528;2.034;-0.039;0.027;1076.410;25.404;70.188;0.000;25.404;
26/08/26 01:42;0.000;0.000;2.66;-0.027;0.048;1076.410;25.564;70.324;0.000;25.564;263.528;2.705;-0.002;-0.02;1076.410;25.491;70.188;0.000;25.491;
26/08/26 01:43;0.000;0.000;1.859;-0.035;-0.017;1076.410;25.516;70.324;0.000;25.516;263.528;2.991;-0.009;-0.004;1076.410;25.329;70.188;0.000;25.329;
26/08/26 01:44;0.000;0.000;2.946;-0.005;0.023;1076.410;25.39;70.324;0.000;25.39;263.528;1.91;-0.009;0.031;1076.410;25.57;70.188;0.000;25.57;
26/08/26 01:45;0.000;0.000;2.407;-0.039;-0.005;1076.410;25.531;70.324;0.000;25.531;263.528;2.384;-0.016;0.045;1076.410;25.294;70.188;0.000;25.294;
26/08/26 01:46;0.000;0.000;2.814;0.041;0.025;1076.410;25.613;70.324;0.000;25.613;263.528;3.26;-0.037;-0.028;1076.410;25.5;70.188;0.000;25.5;
26/08/26 01:47;0.000;0.000;2.09;0.035;-0.037;1076.410;25.525;70.324;0.000;25.525;263.528;2.767;-0.007;0.018;1076.410;25.459;70.188;0.000;25.459;
26/08/26 01:48;0.000;0.000;2.666;0.012;-0.042;1076.410;25.383;70.324;0.000;25.383;263.528;0.961;0.043;-0.049;1076.410;25.485;70.188;0.000;25.485;
26/08/26 01:49;0.000;0.000;2.121;0.017;-0.01;1076.410;25.457;70.324;0.000;25.457;263.528;2.48;0.035;0.01;1076.410;25.383;70.188;0.000;25.383;
26/08/26 01:50;0.000;0.000;2.665;0.003;-0.008;1076.410;25.451;70.324;0.000;25.451;263.528;2.369;0.028;0.012;1076.410;25.463;70.188;0.000;25.463;
26/08/26 01:51;0.000;0.000;1.947;-0.035;0.026;1076.410;25.554;70.324;0.000;25.554;263.528;3.063;0.025;-0.011;1076.410;25.459;70.188;0.000;25.459;
26/08/26 01:52;0.000;0.000;2.304;-0.014;-0.005;1076.410;25.606;70.324;0.000;25.606;263.528;2.271;-0.016;0.001;1076.410;25.331;70.188;0.000;25.331;
26/08/26 01:53;0.000;0.000;2.053;-0.01;0.015;1076.410;25.295;70.324;0.000;25.295;263.528;2.185;-0.003;0.01;1076.410;25.321;70.188;0.000;25.321;
26/08/26 01:54;0.000;0.000;1.771;-0.049;0.019;1076.410;25.53;70.324;0.000;25.53;263.528;2.269;-0.038;0.02;1076.410;25.58;70.188;0.000;25.58;
26/08/26 01:55;0.000;0.000;2.962;-0.026;-0.029;1076.410;25.276;70.324;0.000;25.276;263.528;2.915;-0.015;-0.034;1076.410;25.293;70.188;0.000;25.293;
26/08/26 01:56;0.000;0.000;2.529;-0.001;0.043;1076.410;25.486;70.324;0.000;25.486;263.528;1.843;0.001;-0.046;1076.410;25.493;70.188;0.000;25.493;
26/08/26 01:57;0.000;0.000;2.16;0.026;0.035;1076.410;25.417;70.324;0.000;25.417;263.528;2.479;-0.035;-0.04;1076.410;25.41;70.188;0.000;25.41;
26/08/26 01:58;0.000;0.000;3.437;-0.007;0.032;1076.410;25.511;70.324;0.000;25.511;263.528;2.446;-0.012;-0.012;1076.410;25.283;70.188;0.000;25.283;
26/08/26 01:59;0.000;0.000;1.918;-0.04;-0.014;1076.410;25.563;70.324;0.000;25.563;263.528;2.651;-0.048;-0.022;1076.410;25.542;70.188;0.000;25.542;
26/08/26 02:00;0.000;0.000;2.767;-0.03;0.041;1076.410;25.444;70.324;0.000;25.444;263.528;1.738;0.005;-0.046;1076.410;25.197;70.188;0.000;25.197;
26/08/26 02:01;0.000;0.000;3.422;0.035;0.012;1076.410;25.4;70.324;0.000;25.4;263.528;2.096;-0.031;0.037;1076.410;25.511;70.188;0.000;25.511;
26/08/26 02:02;0.000;0.000;2.27;-0.018;-0.005;1076.410;25.454;70.324;0.000;25.454;263.528;2.52;0.03;0.038;1076.410;25.402;70.188;0.000;25.402;
26/08/26 02:03;0.000;0.000;2.317;-0.022;0.007;1076.410;25.525;70.324;0.000;25.525;263.528;2.008;-0.048;0.03;1076.410;25.45;70.188;0.000;25.45;
26/08/26 02:04;0.000;0.000;2.236;-0.03;0.015;1076.410;25.385;70.324;0.000;25.385;263.528;1.869;0.001;0.039;1076.410;25.315;70.188;0.000;25.315;
26/08/26 02:05;0.000;0.000;2.347;0.008;-0.033;1076.410;25.8;70.324;0.000;25.8;263.528;1.763;-0.014;0.038;1076.410;25.466;70.188;0.000;25.466;
26/08/26 02:06;0.000;0.000;3.017;-0.019;-0.029;1076.410;25.54;70.324;0.000;25.54;263.528;2.748;-0.0;0.041;1076.410;25.486;70.188;0.000;25.486;
26/08/26 02:07;0.000;0.000;1.67;0.009;0.046;1076.410;25.501;70.324;0.000;25.501;263.528;2.241;0.045;-0.039;1076.410;25.266;70.188;0.000;25.266;
26/08/26 02:08;0.000;0.000;2.873;0.01;0.034;1076.410;25.438;70.324;0.000;25.438;263.528;2.301;0.039;-0.044;1076.410;25.135;70.188;0.000;25.135;
26/08/26 02:09;0.000;0.000;2.039;-0.043;0.016;1076.410;25.692;70.324;0.000;25.692;263.528;2.22;-0.037;-0.047;1076.410;25.373;70.188;0.000;25.373;
26/08/26 02:10;0.000;0.000;2.33;0.045;0.031;1076.410;25.489;70.324;0.000;25.489;263.528;3.262;-0.023;-0.048;1076.410;25.375;70.188;0.000;25.375;
26/08/26 02:11;0.000;0.000;2.467;-0.049;-0.029;1076.410;25.508;70.324;0.000;25.508;263.528;2.06;0.034;0.021;1076.410;25.622;70.188;0.000;25.622;
26/08/26 02:12;0.000;0.000;3.1;-0.036;0.026;1076.410;25.64;70.324;0.000;25.64;263.528;2.568;-0.008;-0.044;1076.410;25.314;70.188;0.000;25.314;
26/08/26 02:13;0.000;0.000;3.355;0.027;0.041;1076.410;25.554;70.324;0.000;25.554;263.528;1.969;0.034;-0.029;1076.410;25.341;70.188;0.000;25.341;
26/08/26 02:14;0.000;0.000;1.757;-0.032;-0.046;1076.410;25.611;70.324;0.000;25.611;263.528;1.682;-0.015;-0.019;1076.410;25.467;70.188;0.000;25.467;
26/08/26 02:15;0.000;0.000;2.111;-0.044;-0.029;1076.410;25.458;70.324;0.000;25.458;263.528;2.038;-0.038;-0.029;1076.410;25.313;70.188;0.000;25.313;
26/08/26 02:16;0.000;0.000;3.261;-0.035;-0.009;1076.410;25.575;70.324;0.000;25.575;263.528;2.831;0.024;-0.045;1076.410;25.41;70.188;0.000;25.41;
26/08/26 02:17;0.000;0.000;2.75;-0.001;-0.004;1076.410;25.302;70.324;0.000;25.302;263.528;2.561;-0.043;0.034;1076.410;25.383;70.188;0.000;25.383;
26/08/26 02:18;0.000;0.000;1.916;-0.039;0.031;1076.410;25.321;70.324;0.000;25.321;263.528;2.045;-0.009;0.033;1076.410;25.578;70.188;0.000;25.578;
26/08/26 02:19;0.000;0.000;2.581;-0.035;0.025;1076.410;25.65;70.324;0.000;25.65;263.528;2.305;-0.038;-0.04;1076.410;25.438;70.188;0.000;25.438;
26/08/26 02:20;0.000;0.000;2.98;0.0;-0.023;1076.410;25.541;70.324;0.000;25.541;263.528;2.106;0.034;-0.042;1076.410;25.398;70.188;0.000;25.398;
26/08/26 02:21;0.000;0.000;1.808;0.002;-0.048;1076.410;25.494;70.324;0.000;25.494;263.528;1.867;-0.045;0.012;1076.410;25.599;70.188;0.000;25.599;
26/08/26 02:22;0.000;0.000;3.097;0.032;-0.003;1076.410;25.359;70.324;0.000;25.359;263.528;1.712;-0.01;-0.017;1076.410;25.432;70.188;0.000;25.432;
26/08/26 02:23;0.000;0.000;2.876;-0.039;0.003;1076.410;25.584;70.324;0.000;25.584;263.528;1.895;-0.007;0.048;1076.410;25.63;70.188;0.000;25.63;
26/08/26 02:24;0.000;0.000;2.273;0.025;0.017;1076.410;25.363;70.324;0.000;25.363;263.528;3.063;-0.008;0.003;1076.410;25.425;70.188;0.000;25.425;
26/08/26 02:25;0.000;0.000;2.964;-0.032;-0.017;1076.410;25.589;70.324;0.000;25.589;263.528;2.228;-0.027;0.042;1076.410;25.376;70.188;0.000;25.376;
26/08/26 02:26;0.000;0.000;3.209;-0.015;0.016;1076.410;25.496;70.324;0.000;25.496;263.528;2.458;-0.05;-0.033;1076.410;25.474;70.188;0.000;25.474;
26/08/26 02:27;0.000;0.000;3.043;-0.038;0.005;1076.410;25.67;70.324;0.000;25.67;263.528;1.719;0.012;-0.006;1076.410;25.48;70.188;0.000;25.48;
26/08/26 02:28;0.000;0.000;2.414;0.015;0.016;1076.410;25.592;70.324;0.000;25.592;263.528;2.741;0.023;0.049;1076.410;25.335;70.188;0.000;25.335;
26/08/26 02:29;0.000;0.000;2.994;0.019;0.05;1076.410;25.419;70.324;0.000;25.419;263.528;2.341;0.029;0.016;1076.410;25.204;70.188;0.000;25.204;
26/08/26 02:30;0.000;0.000;2.587;0.048;-0.043;1076.410;25.394;70.324;0.000;25.394;263.528;2.692;-0.027;0.041;1076.410;25.269;70.188;0.000;25.269;
26/08/26 02:31;0.000;0.000;2.816;-0.032;0.002;1076.410;25.613;70.324;0.000;25.613;263.528;2.263;0.033;0.001;1076.410;25.503;70.188;0.000;25.503;
26/08/26 02:32;0.000;0.000;2.201;-0.038;0.012;1076.410;25.368;70.324;0.000;25.368;263.528;1.642;-0.017;0.041;1076.410;25.524;70.188;0.000;25.524;
26/08/26 02:33;0.000;0.000;1.836;-0.009;-0.02;1076.410;25.549;70.324;0.000;25.549;263.528;1.862;0.014;-0.001;1076.410;25.718;70.188;0.000;25.718;
26/08/26 02:34;0.000;0.000;3.124;0.002;-0.018;1076.410;25.514;70.324;0.000;25.514;263.528;2.278;0.049;-0.04;1076.410;25.364;70.188;0.000;25.364;
26/08/26 02:35;0.000;0.000;2.659;-0.005;0.007;1076.410;25.333;70.324;0.000;25.333;263.528;2.01;-0.005;0.035;1076.410;25.365;70.188;0.000;25.365;
26/08/26 02:36;0.000;0.000;1.679;-0.032;0.008;1076.410;25.412;70.324;0.000;25.412;263.528;2.406;0.007;-0.042;1076.410;25.341;70.188;0.000;25.341;
26/08/26 02:37;0.000;0.000;2.433;0.009;0.045;1076.410;25.359;70.324;0.000;25.359;263.528;2.582;-0.027;0.029;1076.410;25.363;70.188;0.000;25.363;
26/08/26 02:38;0.000;0.000;2.252;0.032;-0.047;1076.410;25.662;70.324;0.000;25.662;263.528;3.014;0.009;0.008;1076.410;25.202;70.188;0.000;25.202;
26/08/26 02:39;0.000;0.000;2.288;-0.021;-0.048;1076.410;25.457;70.324;0.000;25.457;263.528;2.191;-0.011;0.018;1076.410;25.361;70.188;0.000;25.361;
26/08/26 02:40;0.000;0.000;3.03;-0.02;0.003;1076.410;25.706;70.324;0.000;25.706;263.528;1.805;0.048;0.002;1076.410;25.358;70.188;0.000;25.358;
26/08/26 02:41;0.000;0.000;2.325;0.004;-0.042;1076.410;25.501;70.324;0.000;25.501;263.528;3.048;0.04;-0.022;1076.410;25.415;70.188;0.000;25.415;
26/08/26 02:42;0.000;0.000;2.924;-0.005;0.003;1076.410;25.521;70.324;0.000;25.521;263.528;3.094;0.015;-0.032;1076.410;25.335;70.188;0.000;25.335;
26/08/26 02:43;0.000;0.000;1.579;0.015;-0.029;1076.410;25.459;70.324;0.000;25.459;263.528;2.471;0.022;-0.02;1076.410;25.602;70.188;0.000;25.602;
26/08/26 02:44;0.000;0.000;3.473;-0.013;-0.011;1076.410;25.556;70.324;0.000;25.556;263.528;2.344;0.022;0.042;1076.410;25.284;70.188;0.000;25.284;
26/08/26 02:45;0.000;0.000;2.579;0.04;-0.03;1076.410;25.465;70.324;0.000;25.465;263.528;1.84;-0.018;-0.024;1076.410;25.361;70.188;0.000;25.361;
26/08/26 02:46;0.000;0.000;2.51;-0.03;0.024;1076.410;25.42;70.324;0.000;25.42;263.528;1.981;-0.042;-0.038;1076.410;25.516;70.188;0.000;25.516;
26/08/26 02:47;0.000;0.000;3.078;0.002;0.038;1076.410;25.586;70.324;0.000;25.586;263.528;2.0;-0.005;0.014;1076.410;25.335;70.188;0.000;25.335;
26/08/26 02:48;0.000;0.000;3.116;0.012;-0.037;1076.410;25.47;70.324;0.000;25.47;263.528;2.277;0.012;0.033;1076.410;25.326;70.188;0.000;25.326;
26/08/26 02:49;0.000;0.000;2.758;-0.042;0.006;1076.410;25.454;70.324;0.000;25.454;263.528;1.825;0.022;-0.021;1076.410;25.334;70.188;0.000;25.334;
26/08/26 02:50;0.000;0.000;2.34;0.001;-0.006;1076.410;25.288;70.324;0.000;25.288;263.528;1.206;-0.02;0.025;1076.410;25.516;70.188;0.000;25.516;
26/08/26 02:51;0.000;0.000;2.673;0.037;0.046;1076.410;25.431;70.324;0.000;25.431;263.528;1.924;0.029;-0.009;1076.410;25.353;70.188;0.000;25.353;
26/08/26 02:52;0.000;0.000;2.7;-0.043;0.003;1076.410;25.522;70.324;0.000;25.522;263.528;2.246;0.028;0.01;1076.410;25.276;70.188;0.000;25.276;
26/08/26 02:53;0.000;0.000;1.583;0.015;-0.048;1076.410;25.378;70.324;0.000;25.378;263.528;3.725;0.022;-0.029;1076.410;25.273;70.188;0.000;25.273;
26/08/26 02:54;0.000;0.000;2.215;0.003;-0.005;1076.410;25.458;70.324;0.000;25.458;263.528;1.926;-0.019;-0.018;1076.410;25.195;70.188;0.000;25.195;
26/08/26 02:55;0.000;0.000;1.766;0.035;0.015;1076.410;25.43;70.324;0.000;25.43;263.528;1.477;-0.036;0.022;1076.410;25.39;70.188;0.000;25.39;
26/08/26 02:56;0.000;0.000;2.149;0.041;-0.026;1076.410;25.629;70.324;0.000;25.629;263.528;2.141;-0.007;0.004;1076.410;25.491;70.188;0.000;25.491;
26/08/26 02:57;0.000;0.000;3.279;0.03;0.003;1076.410;25.581;70.324;0.000;25.581;263.528;2.608;0.011;0.004;1076.410;25.434;70.188;0.000;25.434;
26/08/26 02:58;0.000;0.000;2.79;0.05;0.039;1076.410;25.287;70.324;0.000;25.287;263.528;1.561;0.039;0.03;1076.410;25.348;70.188;0.000;25.348;
26/08/26 02:59;0.000;0.000;1.822;0.01;-0.026;1076.410;25.514;70.324;0.000;25.514;263.528;2.485;-0.043;0.026;1076.410;25.264;70.188;0.000;25.264;
26/08/26 03:00;0.000;0.000;2.847;0.002;-0.008;1076.410;25.582;70.324;0.000;25.582;263.528;1.801;0.004;0.013;1076.410;25.461;70.188;0.000;25.461;
26/08/26 03:01;0.000;0.000;2.504;0.016;0.025;1076.410;25.474;70.324;0.000;25.474;263.528;1.93;-0.013;0.023;1076.410;25.627;70.188;0.000;25.627;
26/08/26 03:02;0.000;0.000;2.158;0.049;-0.026;1076.410;25.444;70.324;0.000;25.444;263.528;2.253;0.017;0.003;1076.410;25.527;70.188;0.000;25.527;
26/08/26 03:03;0.000;0.000;2.181;-0.005;0.045;1076.410;25.623;70.324;0.000;25.623;263.528;1.873;-0.019;-0.045;1076.410;25.458;70.188;0.000;25.458;
26/08/26 03:04;0.000;0.000;3.042;0.03;0.032;1076.410;25.377;70.324;0.000;25.377;263.528;1.719;0.024;0.042;1076.410;25.423;70.188;0.000;25.423;
26/08/26 03:05;0.000;0.000;2.989;0.04;-0.035;1076.410;25.31;70.324;0.000;25.31;263.528;2.546;0.009;-0.046;1076.410;25.499;70.188;0.000;25.499;
26/08/26 03:06;0.000;0.000;2.159;-0.018;0.005;1076.410;25.429;70.324;0.000;25.429;263.528;2.262;0.01;0.02;1076.410;25.534;70.188;0.000;25.534;
26/08/26 03:07;0.000;0.000;2.733;0.012;0.018;1076.410;25.431;70.324;0.000;25.431;263.528;2.587;0.03;0.037;1076.410;25.505;70.188;0.000;25.505;
26/08/26 03:08;0.000;0.000;3.046;0.014;0.014;1076.410;25.407;70.324;0.000;25.407;263.528;1.882;0.047;-0.049;1076.410;25.468;70.188;0.000;25.468;
26/08/26 03:09;0.000;0.000;2.128;0.025;-0.047;1076.410;25.416;70.324;0.000;25.416;263.528;2.643;0.022;0.004;1076.410;25.402;70.188;0.000;25.402;
26/08/26 03:10;0.000;0.000;2.685;-0.005;0.01;1076.410;25.338;70.324;0.000;25.338;263.528;2.442;-0.032;0.046;1076.410;25.567;70.188;0.000;25.567;
26/08/26 03:11;0.000;0.000;2.851;-0.044;-0.044;1076.410;25.571;70.324;0.000;25.571;263.528;2.014;0.025;0.034;1076.410;25.404;70.188;0.000;25.404;
26/08/26 03:12;0.000;0.000;3.517;-0.034;-0.026;1076.410;25.703;70.324;0.000;25.703;263.528;2.144;-0.047;-0.048;1076.410;25.422;70.188;0.000;25.422;
26/08/26 03:13;0.000;0.000;2.925;-0.026;-0.011;1076.410;25.562;70.324;0.000;25.562;263.528;2.955;-0.044;-0.016;1076.410;25.194;70.188;0.000;25.194;
26/08/26 03:14;0.000;0.000;2.066;-0.04;-0.023;1076.410;25.554;70.324;0.000;25.554;263.528;2.88;0.025;0.006;1076.410;25.31;70.188;0.000;25.31;
26/08/26 03:15;0.000;0.000;2.165;-0.048;0.008;1076.410;25.544;70.324;0.000;25.544;263.528;1.389;0.01;-0.034;1076.410;25.521;70.188;0.000;25.521;
26/08/26 03:16;0.000;0.000;2.271;-0.034;0.017;1076.410;25.405;70.324;0.000;25.405;263.528;2.437;-0.007;0.005;1076.410;25.449;70.188;0.000;25.449;
26/08/26 03:17;0.000;0.000;2.431;0.021;-0.013;1076.410;25.311;70.324;0.000;25.311;263.528;1.435;0.035;-0.041;1076.410;25.47;70.188;0.000;25.47;
26/08/26 03:18;0.000;0.000;2.212;-0.029;-0.01;1076.410;25.514;70.324;0.000;25.514;263.528;2.779;-0.039;-0.027;1076.410;25.558;70.188;0.000;25.558;
26/08/26 03:19;0.000;0.000;1.813;0.02;-0.035;1076.410;25.447;70.324;0.000;25.447;263.528;2.246;-0.04;-0.049;1076.410;25.519;70.188;0.000;25.519;
26/08/26 03:20;0.000;0.000;2.747;-0.038;0.038;1076.410;25.376;70.324;0.000;25.376;263.528;2.977;-0.018;0.016;1076.410;25.539;70.188;0.000;25.539;
26/08/26 03:21;0.000;0.000;2.019;0.048;-0.007;1076.410;25.444;70.324;0.000;25.444;263.528;1.828;0.036;0.02;1076.410;25.367;70.188;0.000;25.367;
26/08/26 03:22;0.000;0.000;2.313;-0.008;-0.028;1076.410;25.476;70.324;0.000;25.476;263.528;1.847;-0.047;-0.03;1076.410;25.302;70.188;0.000;25.302;
26/08/26 03:23;0.000;0.000;3.198;0.039;-0.002;1076.410;25.513;70.324;0.000;25.513;263.528;1.323;0.028;0.041;1076.410;25.481;70.188;0.000;25.481;
26/08/26 03:24;0.000;0.000;1.68;-0.045;0.004;1076.410;25.454;70.324;0.000;25.454;263.528;1.581;0.044;-0.024;1076.410;25.254;70.188;0.000;25.254;
26/08/26 03:25;0.000;0.000;1.44;-0.017;-0.041;1076.410;25.38;70.324;0.000;25.38;263.528;1.64;0.042;-0.038;1076.410;25.475;70.188;0.000;25.475;
26/08/26 03:26;0.000;0.000;2.468;0.004;0.014;1076.410;25.5;70.324;0.000;25.5;263.528;2.252;-0.027;-0.028;1076.410;25.426;70.188;0.000;25.426;
26/08/26 03:27;0.000;0.000;2.552;0.002;0.001;1076.410;25.281;70.324;0.000;25.281;263.528;2.85;0.049;0.005;1076.410;25.404;70.188;0.000;25.404;
26/08/26 03:28;0.000;0.000;2.519;0.047;-0.03;1076.410;25.518;70.324;0.000;25.518;263.528;2.114;-0.031;0.034;1076.410;25.462;70.188;0.000;25.462;
26/08/26 03:29;0.000;0.000;2.461;0.002;-0.006;1076.410;25.378;70.324;0.000;25.378;263.528;3.149;-0.026;0.003;1076.410;25.463;70.188;0.000;25.463;
26/08/26 03:30;0.000;0.000;2.394;0.004;-0.045;1076.410;25.555;70.324;0.000;25.555;263.528;2.152;0.05;-0.018;1076.410;25.312;70.188;0.000;25.312;
26/08/26 03:31;0.000;0.000;2.239;0.026;-0.007;1076.410;25.528;70.324;0.000;25.528;263.528;3.038;-0.022;0.02;1076.410;25.438;70.188;0.000;25.438;
26/08/26 03:32;0.000;0.000;1.484;0.037;0.003;1076.410;25.501;70.324;0.000;25.501;263.528;2.085;-0.049;-0.011;1076.410;25.453;70.188;0.000;25.453;
26/08/26 03:33;0.000;0.000;2.132;-0.006;-0.048;1076.410;25.366;70.324;0.000;25.366;263.528;2.208;0.049;-0.024;1076.410;25.271;70.188;0.000;25.271;
26/08/26 03:34;0.000;0.000;2.789;-0.008;0.02;1076.410;25.552;70.324;0.000;25.552;263.528;1.877;-0.009;-0.048;1076.410;25.486;70.188;0.000;25.486;
26/08/26 03:35;0.000;0.000;2.003;0.008;-0.034;1076.410;25.477;70.324;0.000;25.477;263.528;1.86;0.022;-0.044;1076.410;25.483;70.188;0.000;25.483;
26/08/26 03:36;0.000;0.000;2.75;0.001;0.027;1076.410;25.353;70.324;0.000;25.353;263.528;1.761;-0.046;0.041;1076.410;25.441;70.188;0.000;25.441;
26/08/26 03:37;0.000;0.000;2.505;-0.011;0.022;1076.410;25.533;70.324;0.000;25.533;263.528;2.158;-0.007;-0.005;1076.410;25.355;70.188;0.000;25.355;
26/08/26 03:38;0.000;0.000;3.339;0.027;-0.038;1076.410;25.608;70.324;0.000;25.608;263.528;1.593;-0.021;-0.041;1076.410;25.407;70.188;0.000;25.407;
26/08/26 03:39;0.000;0.000;2.604;-0.016;-0.016;1076.410;25.585;70.324;0.000;25.585;263.528;1.923;-0.017;0.027;1076.410;25.361;70.188;0.000;25.361;
26/08/26 03:40;0.000;0.000;2.886;-0.036;-0.013;1076.410;25.562;70.324;0.000;25.562;263.528;1.778;-0.033;0.009;1076.410;25.505;70.188;0.000;25.505;
26/08/26 03:41;0.000;0.000;2.041;-0.012;0.005;1076.410;25.511;70.324;0.000;25.511;263.528;2.736;0.033;0.028;1076.410;25.376;70.188;0.000;25.376;
26/08/26 03:42;0.000;0.000;3.245;0.005;0.029;1076.410;25.487;70.324;0.000;25.487;263.528;2.367;-0.028;-0.011;1076.410;25.27;70.188;0.000;25.27;
26/08/26 03:43;0.000;0.000;2.785;-0.012;-0.022;1076.410;25.476;70.324;0.000;25.476;263.528;1.302;-0.046;0.015;1076.410;25.34;70.188;0.000;25.34;
26/08/26 03:44;0.000;0.000;2.1;-0.029;-0.021;1076.410;25.561;70.324;0.000;25.561;263.528;2.061;0.012;-0.029;1076.410;25.567;70.188;0.000;25.567;
26/08/26 03:45;0.000;0.000;3.258;-0.045;-0.019;1076.410;25.487;70.324;0.000;25.487;263.528;1.462;-0.025;0.026;1076.410;25.378;70.188;0.000;25.378;
26/08/26 03:46;0.000;0.000;1.852;0.023;0.037;1076.410;25.533;70.324;0.000;25.533;263.528;2.158;-0.034;0.022;1076.410;25.511;70.188;0.000;25.511;
26/08/26 03:47;0.000;0.000;2.224;0.015;0.031;1076.410;25.529;70.324;0.000;25.529;263.528;2.664;0.024;-0.036;1076.410;25.387;70.188;0.000;25.387;
26/08/26 03:48;0.000;0.000;2.146;0.008;-0.049;1076.410;25.516;70.324;0.000;25.516;263.528;4.28;0.021;-0.025;1076.410;25.418;70.188;0.000;25.418;
26/08/26 03:49;0.000;0.000;3.289;-0.015;-0.013;1076.410;25.613;70.324;0.000;25.613;263.528;2.929;0.024;0.007;1076.410;25.474;70.188;0.000;25.474;
26/08/26 03:50;0.000;0.000;2.453;0.001;0.042;1076.410;25.562;70.324;0.000;25.562;263.528;1.842;0.029;0.015;1076.410;25.399;70.188;0.000;25.399;
26/08/26 03:51;0.000;0.000;3.132;0.028;0.004;1076.410;25.608;70.324;0.000;25.608;263.528;2.822;-0.006;0.022;1076.410;25.419;70.188;0.000;25.419;
26/08/26 03:52;0.000;0.000;2.473;-0.018;0.029;1076.410;25.534;70.324;0.000;25.534;263.528;2.271;-0.037;-0.04;1076.410;25.392;70.188;0.000;25.392;
26/08/26 03:53;0.000;0.000;1.714;0.017;-0.042;1076.410;25.466;70.324;0.000;25.466;263.528;2.243;0.034;0.038;1076.410;25.516;70.188;0.000;25.516;
26/08/26 03:54;0.000;0.000;1.868;-0.04;0.004;1076.410;25.633;70.324;0.000;25.633;263.528;1.856;0.036;0.011;1076.410;25.457;70.188;0.000;25.457;
26/08/26 03:55;0.000;0.000;1.163;0.046;0.05;1076.410;25.608;70.324;0.000;25.608;263.528;1.67;-0.008;-0.018;1076.410;25.302;70.188;0.000;25.302;
26/08/26 03:56;0.000;0.000;2.873;0.001;0.048;1076.410;25.641;70.324;0.000;25.641;263.528;1.621;0.041;0.02;1076.410;25.119;70.188;0.000;25.119;
26/08/26 03:57;0.000;0.000;2.14;0.011;-0.025;1076.410;25.431;70.324;0.000;25.431;263.528;1.917;0.017;0.017;1076.410;25.459;70.188;0.000;25.459;
26/08/26 03:58;0.000;0.000;2.782;-0.009;-0.018;1076.410;25.589;70.324;0.000;25.589;263.528;2.669;-0.044;0.029;1076.410;25.547;70.188;0.000;25.547;
26/08/26 03:59;0.000;0.000;2.776;-0.02;-0.039;1076.410;25.442;70.324;0.000;25.442;263.528;1.892;0.015;-0.048;1076.410;25.394;70.188;0.000;25.394;
26/08/26 04:00;0.000;0.000;2.914;0.002;-0.014;1076.410;25.525;70.324;0.000;25.525;263.528;3.334;0.05;-0.031;1076.410;25.433;70.188;0.000;25.433;
26/08/26 04:01;0.000;0.000;1.869;0.016;-0.0;1076.410;25.584;70.324;0.000;25.584;263.528;2.861;-0.049;-0.011;1076.410;25.598;70.188;0.000;25.598;
26/08/26 04:02;0.000;0.000;1.525;0.023;-0.022;1076.410;25.568;70.324;0.000;25.568;263.528;2.334;0.001;0.044;1076.410;25.342;70.188;0.000;25.342;
26/08/26 04:03;0.000;0.000;1.414;0.032;-0.023;1076.410;25.259;70.324;0.000;25.259;263.528;2.604;-0.031;0.018;1076.410;25.339;70.188;0.000;25.339;
26/08/26 04:04;0.000;0.000;2.494;0.018;-0.044;1076.410;25.572;70.324;0.000;25.572;263.528;2.233;0.041;-0.024;1076.410;25.247;70.188;0.000;25.247;
26/08/26 04:05;0.000;0.000;2.412;0.046;-0.009;1076.410;25.403;70.324;0.000;25.403;263.528;1.993;-0.04;0.048;1076.410;25.56;70.188;0.000;25.56;
26/08/26 04:06;0.000;0.000;2.662;0.021;-0.036;1076.410;25.522;70.324;0.000;25.522;263.528;3.072;0.012;-0.028;1076.410;25.441;70.188;0.000;25.441;
26/08/26 04:07;0.000;0.000;2.017;0.017;-0.036;1076.410;25.679;70.324;0.000;25.679;263.528;2.119;-0.01;0.029;1076.410;25.554;70.188;0.000;25.554;
26/08/26 04:08;0.000;0.000;2.427;0.024;0.049;1076.410;25.515;70.324;0.000;25.515;263.528;2.78;0.004;-0.014;1076.410;25.454;70.188;0.000;25.454;
26/08/26 04:09;0.000;0.000;2.246;0.047;-0.0;1076.410;25.57;70.324;0.000;25.57;263.528;2.008;-0.049;0.024;1076.410;25.446;70.188;0.000;25.446;
26/08/26 04:10;0.000;0.000;2.774;-0.047;0.046;1076.410;25.682;70.324;0.000;25.682;263.528;2.256;-0.001;-0.021;1076.410;25.155;70.188;0.000;25.155;
26/08/26 04:11;0.000;0.000;3.507;-0.011;-0.042;1076.410;25.428;70.324;0.000;25.428;263.528;2.054;-0.046;0.043;1076.410;25.445;70.188;0.000;25.445;
26/08/26 04:12;0.000;0.000;2.371;-0.043;-0.034;1076.410;25.498;70.324;0.000;25.498;263.528;2.387;0.022;0.005;1076.410;25.311;70.188;0.000;25.311;
26/08/26 04:13;0.000;0.000;1.984;0.019;0.035;1076.410;25.678;70.324;0.000;25.678;263.528;2.112;-0.008;0.045;1076.410;25.277;70.188;0.000;25.277;
26/08/26 04:14;0.000;0.000;2.598;0.008;0.024;1076.410;25.555;70.324;0.000;25.555;263.528;1.522;-0.018;0.011;1076.410;25.329;70.188;0.000;25.329;
26/08/26 04:15;0.000;0.000;2.37;0.018;0.043;1076.410;25.504;70.324;0.000;25.504;263.528;1.948;-0.035;0.033;1076.410;25.428;70.188;0.000;25.428;
26/08/26 04:16;0.000;0.000;1.849;0.006;0.0;1076.410;25.511;70.324;0.000;25.511;263.528;2.303;-0.033;0.014;1076.410;25.338;70.188;0.000;25.338;
26/08/26 04:17;0.000;0.000;2.718;0.038;-0.006;1076.410;25.597;70.324;0.000;25.597;263.528;2.983;0.03;0.007;1076.410;25.225;70.188;0.000;25.225;
26/08/26 04:18;0.000;0.000;2.774;0.022;-0.039;1076.410;25.523;70.324;0.000;25.523;263.528;1.777;0.032;-0.032;1076.410;25.425;70.188;0.000;25.425;
26/08/26 04:19;0.000;0.000;2.507;-0.009;0.004;1076.410;25.663;70.324;0.000;25.663;263.528;2.133;0.042;-0.025;1076.410;25.383;70.188;0.000;25.383;
26/08/26 04:20;0.000;0.000;3.886;0.039;0.039;1076.410;25.45;70.324;0.000;25.45;263.528;2.548;0.029;-0.022;1076.410;25.316;70.188;0.000;25.316;
26/08/26 04:21;0.000;0.000;1.961;0.049;-0.045;1076.410;25.508;70.324;0.000;25.508;263.528;2.033;-0.015;0.015;1076.410;25.375;70.188;0.000;25.375;
26/08/26 04:22;0.000;0.000;2.523;-0.004;0.028;1076.410;25.407;70.324;0.000;25.407;263.528;1.402;0.027;-0.016;1076.410;25.248;70.188;0.000;25.248;
26/08/26 04:23;0.000;0.000;2.779;0.045;0.002;1076.410;25.637;70.324;0.000;25.637;263.528;2.366;-0.007;0.007;1076.410;25.44;70.188;0.000;25.44;
26/08/26 04:24;0.000;0.000;2.806;0.008;-0.005;1076.410;25.349;70.324;0.000;25.349;263.528;1.854;0.002;-0.043;1076.410;25.369;70.188;0.000;25.369;
26/08/26 04:25;0.000;0.000;2.526;0.019;0.01;1076.410;25.466;70.324;0.000;25.466;263.528;2.509;-0.022;-0.002;1076.410;25.398;70.188;0.000;25.398;
26/08/26 04:26;0.000;0.000;2.333;0.047;0.025;1076.410;25.462;70.324;0.000;25.462;263.528;2.476;0.039;-0.006;1076.410;25.429;70.188;0.000;25.429;
26/08/26 04:27;0.000;0.000;2.404;-0.023;-0.03;1076.410;25.532;70.324;0.000;25.532;263.528;1.619;0.024;0.018;1076.410;25.438;70.188;0.000;25.438;
26/08/26 04:28;0.000;0.000;3.181;-0.019;-0.04;1076.410;25.678;70.324;0.000;25.678;263.528;2.349;0.012;-0.048;1076.410;25.384;70.188;0.000;25.384;
26/08/26 04:29;0.000;0.000;1.96;0.001;-0.0;1076.410;25.543;70.324;0.000;25.543;263.528;2.298;0.023;-0.001;1076.410;25.413;70.188;0.000;25.413;
26/08/26 04:30;0.000;0.000;1.727;-0.019;-0.027;1076.410;25.475;70.324;0.000;25.475;263.528;1.481;-0.013;-0.001;1076.410;25.532;70.188;0.000;25.532;
26/08/26 04:31;0.000;0.000;0.972;-0.032;0.016;1076.410;25.416;70.324;0.000;25.416;263.528;2.205;0.022;-0.027;1076.410;25.345;70.188;0.000;25.345;
26/08/26 04:32;0.000;0.000;2.47;0.025;0.031;1076.410;25.446;70.324;0.000;25.446;263.528;2.416;0.022;0.029;1076.410;25.431;70.188;0.000;25.431;
26/08/26 04:33;0.000;0.000;3.225;-0.032;0.034;1076.410;25.675;70.324;0.000;25.675;263.528;2.376;-0.03;0.036;1076.410;25.364;70.188;0.000;25.364;
26/08/26 04:34;0.000;0.000;1.755;0.031;-0.01;1076.410;25.431;70.324;0.000;25.431;263.528;2.575;-0.01;-0.013;1076.410;25.373;70.188;0.000;25.373;
26/08/26 04:35;0.000;0.000;2.501;-0.008;-0.021;1076.410;25.526;70.324;0.000;25.526;263.528;2.427;0.002;-0.029;1076.410;25.318;70.188;0.000;25.318;
26/08/26 04:36;0.000;0.000;2.09;0.016;-0.033;1076.410;25.626;70.324;0.000;25.626;263.528;2.651;-0.006;-0.016;1076.410;25.529;70.188;0.000;25.529;
26/08/26 04:37;0.000;0.000;2.73;0.008;-0.035;1076.410;25.543;70.324;0.000;25.543;263.528;2.097;0.04;0.045;1076.410;25.447;70.188;0.000;25.447;
26/08/26 04:38;0.000;0.000;2.744;0.04;0.044;1076.410;25.586;70.324;0.000;25.586;263.528;3.223;-0.033;-0.018;1076.410;25.465;70.188;0.000;25.465;
26/08/26 04:39;0.000;0.000;2.81;-0.016;0.046;1076.410;25.498;70.324;0.000;25.498;263.528;2.262;0.026;0.015;1076.410;25.271;70.188;0.000;25.271;
26/08/26 04:40;0.000;0.000;2.752;0.05;0.037;1076.410;25.513;70.324;0.000;25.513;263.528;2.572;0.004;0.046;1076.410;25.29;70.188;0.000;25.29;
26/08/26 04:41;0.000;0.000;2.201;0.022;0.048;1076.410;25.658;70.324;0.000;25.658;263.528;2.094;-0.044;-0.045;1076.410;25.362;70.188;0.000;25.362;
26/08/26 04:42;0.000;0.000;1.881;-0.006;-0.026;1076.410;25.626;70.324;0.000;25.626;263.528;1.874;-0.049;0.01;1076.410;25.296;70.188;0.000;25.296;
26/08/26 04:43;0.000;0.000;1.807;-0.05;0.002;1076.410;25.267;70.324;0.000;25.267;263.528;2.94;-0.0;-0.027;1076.410;25.272;70.188;0.000;25.272;
26/08/26 04:44;0.000;0.000;2.091;0.034;0.039;1076.410;25.501;70.324;0.000;25.501;263.528;2.282;0.049;-0.005;1076.410;25.43;70.188;0.000;25.43;
26/08/26 04:45;0.000;0.000;1.78;0.011;0.038;1076.410;25.413;70.324;0.000;25.413;263.528;2.1;-0.019;-0.014;1076.410;25.618;70.188;0.000;25.618;
26/08/26 04:46;0.000;0.000;2.316;0.014;-0.002;1076.410;25.509;70.324;0.000;25.509;263.528;2.962;0.026;0.042;1076.410;25.389;70.188;0.000;25.389;
26/08/26 04:47;0.000;0.000;2.867;-0.041;-0.024;1076.410;25.457;70.324;0.000;25.457;263.528;3.302;0.015;-0.039;1076.410;25.354;70.188;0.000;25.354;
26/08/26 04:48;0.000;0.000;3.435;-0.045;-0.048;1076.410;25.313;70.324;0.000;25.313;263.528;1.98;-0.045;-0.006;1076.410;25.421;70.188;0.000;25.421;
26/08/26 04:49;0.000;0.000;4.116;0.045;0.042;1076.410;25.613;70.324;0.000;25.613;263.528;2.29;0.032;0.007;1076.410;25.356;70.188;0.000;25.356;
26/08/26 04:50;0.000;0.000;2.362;0.005;0.045;1076.410;25.585;70.324;0.000;25.585;263.528;2.705;-0.05;-0.023;1076.410;25.265;70.188;0.000;25.265;
26/08/26 04:51;0.000;0.000;3.231;-0.024;-0.009;1076.410;25.448;70.324;0.000;25.448;263.528;2.594;0.044;-0.001;1076.410;25.568;70.188;0.000;25.568;
26/08/26 04:52;0.000;0.000;2.349;0.026;-0.013;1076.410;25.59;70.324;0.000;25.59;263.528;2.248;0.043;0.001;1076.410;25.59;70.188;0.000;25.59;
26/08/26 04:53;0.000;0.000;1.93;-0.045;-0.042;1076.410;25.519;70.324;0.000;25.519;263.528;2.709;-0.007;-0.025;1076.410;25.303;70.188;0.000;25.303;
26/08/26 04:54;0.000;0.000;2.972;0.009;-0.039;1076.410;25.324;70.324;0.000;25.324;263.528;2.291;-0.046;0.029;1076.410;25.432;70.188;0.000;25.432;
26/08/26 04:55;0.000;0.000;3.519;-0.005;-0.02;1076.410;25.41;70.324;0.000;25.41;263.528;2.876;0.045;-0.029;1076.410;25.362;70.188;0.000;25.362;
26/08/26 04:56;0.000;0.000;2.641;0.007;-0.024;1076.410;25.244;70.324;0.000;25.244;263.528;2.52;0.021;-0.007;1076.410;25.387;70.188;0.000;25.387;
26/08/26 04:57;0.000;0.000;2.841;-0.003;0.042;1076.410;25.427;70.324;0.000;25.427;263.528;2.645;-0.022;0.029;1076.410;25.258;70.188;0.000;25.258;
26/08/26 04:58;0.000;0.000;2.717;-0.041;0.005;1076.410;25.479;70.324;0.000;25.479;263.528;3.163;-0.033;0.02;1076.410;25.362;70.188;0.000;25.362;
26/08/26 04:59;0.000;0.000;3.812;0.033;0.045;1076.410;25.581;70.324;0.000;25.581;263.528;1.564;-0.004;0.007;1076.410;25.499;70.188;0.000;25.499;
26/08/26 05:00;0.000;0.000;3.138;-0.028;0.017;1076.410;25.476;70.324;0.000;25.476;263.528;1.96;0.033;0.012;1076.410;25.298;70.188;0.000;25.298;
26/08/26 05:01;0.000;0.000;1.914;0.03;0.046;1076.410;25.549;70.324;0.000;25.549;263.528;1.751;0.024;-0.003;1076.410;25.479;70.188;0.000;25.479;
26/08/26 05:02;0.000;0.000;1.912;0.031;-0.011;1076.410;25.49;70.324;0.000;25.49;263.528;2.501;0.027;-0.03;1076.410;25.447;70.188;0.000;25.447;
26/08/26 05:03;0.000;0.000;2.19;0.039;-0.018;1076.410;25.614;70.324;0.000;25.614;263.528;0.347;0.026;0.027;1076.410;25.348;70.188;0.000;25.348;
26/08/26 05:04;0.000;0.000;3.18;0.026;0.003;1076.410;25.434;70.324;0.000;25.434;263.528;3.258;-0.02;0.009;1076.410;25.338;70.188;0.000;25.338;
26/08/26 05:05;0.000;0.000;2.93;-0.033;0.048;1076.410;25.522;70.324;0.000;25.522;263.528;2.384;0.046;0.036;1076.410;25.391;70.188;0.000;25.391;
26/08/26 05:06;0.000;0.000;2.105;-0.017;0.027;1076.410;25.523;70.324;0.000;25.523;263.528;2.184;-0.034;0.01;1076.410;25.492;70.188;0.000;25.492;
26/08/26 05:07;0.000;0.000;2.907;-0.011;0.003;1076.410;25.348;70.324;0.000;25.348;263.528;2.311;0.003;-0.034;1076.410;25.481;70.188;0.000;25.481;
26/08/26 05:08;0.000;0.000;2.161;-0.004;-0.002;1076.410;25.67;70.324;0.000;25.67;263.528;2.122;-0.013;-0.014;1076.410;25.264;70.188;0.000;25.264;
26/08/26 05:09;0.000;0.000;3.21;0.036;0.038;1076.410;25.401;70.324;0.000;25.401;263.528;2.952;0.043;0.01;1076.410;25.282;70.188;0.000;25.282;
26/08/26 05:10;0.000;0.000;3.862;-0.045;-0.038;1076.410;25.56;70.324;0.000;25.56;263.528;2.284;0.046;-0.001;1076.410;25.253;70.188;0.000;25.253;
26/08/26 05:11;0.000;0.000;2.176;-0.022;-0.002;1076.410;25.359;70.324;0.000;25.359;263.528;2.758;0.042;-0.046;1076.410;25.458;70.188;0.000;25.458;
26/08/26 05:12;0.000;0.000;2.656;0.019;0.004;1076.410;25.356;70.324;0.000;25.356;263.528;2.475;-0.0;-0.037;1076.410;25.32;70.188;0.000;25.32;
26/08/26 05:13;0.000;0.000;2.356;0.04;-0.015;1076.410;25.489;70.324;0.000;25.489;263.528;2.622;0.024;-0.039;1076.410;25.474;70.188;0.000;25.474;
26/08/26 05:14;0.000;0.000;2.207;-0.005;-0.033;1076.410;25.382;70.324;0.000;25.382;263.528;2.329;-0.021;0.018;1076.410;25.418;70.188;0.000;25.418;
26/08/26 05:15;0.000;0.000;2.154;0.039;0.009;1076.410;25.553;70.324;0.000;25.553;263.528;3.018;0.017;0.024;1076.410;25.484;70.188;0.000;25.484;
26/08/26 05:16;0.000;0.000;2.763;-0.026;-0.046;1076.410;25.451;70.324;0.000;25.451;263.528;1.749;0.014;-0.003;1076.410;25.518;70.188;0.000;25.518;
26/08/26 05:17;0.000;0.000;1.662;0.042;0.01;1076.410;25.412;70.324;0.000;25.412;263.528;2.442;0.044;-0.01;1076.410;25.322;70.188;0.000;25.322;
26/08/26 05:18;0.000;0.000;2.632;0.048;-0.028;1076.410;25.441;70.324;0.000;25.441;263.528;1.935;-0.014;0.017;1076.410;25.271;70.188;0.000;25.271;
26/08/26 05:19;0.000;0.000;2.185;-0.009;-0.011;1076.410;25.586;70.324;0.000;25.586;263.528;2.253;-0.038;0.033;1076.410;25.436;70.188;0.000;25.436;
26/08/26 05:20;0.000;0.000;2.841;-0.01;-0.023;1076.410;25.469;70.324;0.000;25.469;263.528;2.037;-0.0;-0.018;1076.410;25.323;70.188;0.000;25.323;
26/08/26 05:21;0.000;0.000;1.436;0.04;0.018;1076.410;25.572;70.324;0.000;25.572;263.528;3.065;-0.016;0.019;1076.410;25.213;70.188;0.000;25.213;
26/08/26 05:22;0.000;0.000;2.672;-0.028;0.008;1076.410;25.555;70.324;0.000;25.555;263.528;2.387;-0.045;-0.035;1076.410;25.387;70.188;0.000;25.387;
26/08/26 05:23;0.000;0.000;2.618;0.043;0.012;1076.410;25.375;70.324;0.000;25.375;263.528;2.662;-0.011;0.035;1076.410;25.451;70.188;0.000;25.451;
26/08/26 05:24;0.000;0.000;1.732;-0.001;-0.048;1076.410;25.461;70.324;0.000;25.461;263.528;2.861;0.025;-0.014;1076.410;25.477;70.188;0.000;25.477;
26/08/26 05:25;0.000;0.000;2.365;-0.007;-0.031;1076.410;25.515;70.324;0.000;25.515;263.528;2.372;-0.016;0.03;1076.410;25.594;70.188;0.000;25.594;
26/08/26 05:26;0.000;0.000;2.382;0.008;0.015;1076.410;25.601;70.324;0.000;25.601;263.528;2.235;-0.022;-0.045;1076.410;25.366;70.188;0.000;25.366;
26/08/26 05:27;0.000;0.000;3.258;0.046;0.014;1076.410;25.482;70.324;0.000;25.482;263.528;1.84;0.017;-0.049;1076.410;25.264;70.188;0.000;25.264;
26/08/26 05:28;0.000;0.000;2.165;0.048;0.042;1076.410;25.561;70.324;0.000;25.561;263.528;2.252;-0.009;0.034;1076.410;25.501;70.188;0.000;25.501;
26/08/26 05:29;0.000;0.000;2.513;-0.038;-0.005;1076.410;25.551;70.324;0.000;25.551;263.528;2.005;0.018;-0.025;1076.410;25.399;70.188;0.000;25.399;
26/08/26 05:30;0.000;0.000;2.361;-0.037;0.017;1076.410;25.473;70.324;0.000;25.473;263.528;2.058;-0.006;-0.029;1076.410;25.75;70.188;0.000;25.75;
26/08/26 05:31;0.000;0.000;2.594;0.029;0.032;1076.410;25.386;70.324;0.000;25.386;263.528;2.481;-0.031;0.012;1076.410;25.265;70.188;0.000;25.265;
26/08/26 05:32;0.000;0.000;2.26;-0.009;0.003;1076.410;25.443;70.324;0.000;25.443;263.528;1.405;-0.004;0.043;1076.410;25.403;70.188;0.000;25.403;
26/08/26 05:33;0.000;0.000;2.024;0.015;0.007;1076.410;25.586;70.324;0.000;25.586;263.528;2.028;-0.0;0.015;1076.410;25.405;70.188;0.000;25.405;
26/08/26 05:34;0.000;0.000;2.013;-0.04;-0.048;1076.410;25.591;70.324;0.000;25.591;263.528;2.288;0.027;0.012;1076.410;25.337;70.188;0.000;25.337;
26/08/26 05:35;0.000;0.000;3.228;0.047;0.035;1076.410;25.536;70.324;0.000;25.536;263.528;2.902;0.017;0.026;1076.410;25.307;70.188;0.000;25.307;
26/08/26 05:36;0.000;0.000;2.302;-0.026;0.004;1076.410;25.568;70.324;0.000;25.568;263.528;2.614;0.027;-0.03;1076.410;25.526;70.188;0.000;25.526;
26/08/26 05:37;0.000;0.000;2.114;-0.006;-0.033;1076.410;25.641;70.324;0.000;25.641;263.528;2.74;0.018;0.043;1076.410;25.382;70.188;0.000;25.382;
26/08/26 05:38;0.000;0.000;3.378;0.02;0.022;1076.410;25.38;70.324;0.000;25.38;263.528;3.259;0.026;0.022;1076.410;25.42;70.188;0.000;25.42;
26/08/26 05:39;0.000;0.000;2.434;0.022;-0.029;1076.410;25.449;70.324;0.000;25.449;263.528;2.031;0.021;0.025;1076.410;25.384;70.188;0.000;25.384;
26/08/26 05:40;0.000;0.000;2.828;0.007;-0.01;1076.410;25.734;70.324;0.000;25.734;263.528;2.489;0.047;-0.01;1076.410;25.418;70.188;0.000;25.418;
26/08/26 05:41;0.000;0.000;2.031;0.027;0.021;1076.410;25.52;70.324;0.000;25.52;263.528;1.583;-0.026;0.025;1076.410;25.39;70.188;0.000;25.39;
26/08/26 05:42;0.000;0.000;3.068;-0.026;0.03;1076.410;25.666;70.324;0.000;25.666;263.528;2.398;-0.035;0.042;1076.410;25.614;70.188;0.000;25.614;
26/08/26 05:43;0.000;0.000;2.477;0.036;-0.045;1076.410;25.495;70.324;0.000;25.495;263.528;1.822;-0.011;-0.05;1076.410;25.451;70.188;0.000;25.451;
26/08/26 05:44;0.000;0.000;1.864;-0.041;-0.044;1076.410;25.294;70.324;0.000;25.294;263.528;2.202;0.034;0.019;1076.410;25.279;70.188;0.000;25.279;
26/08/26 05:45;0.000;0.000;5.823;10.059;0.0;1076.410;25.606;70.324;0.000;25.92;263.528;4.72;0.0;16.781;1076.410;25.592;70.188;0.000;25.592;
26/08/26 05:46;0.000;0.000;2.624;1.162;0.0;1076.410;26.087;70.324;0.000;26.123;263.528;4.026;8.256;9.287;1076.410;25.861;70.188;0.000;26.119;
26/08/26 05:47;0.000;0.000;5.351;0.0;10.893;1076.410;25.824;70.324;0.000;25.824;263.528;3.245;5.858;1.935;1076.410;25.916;70.188;0.000;26.099;
26/08/26 05:48;0.000;0.000;6.215;12.992;11.658;1076.410;26.104;70.324;0.000;26.51;263.528;3.623;7.735;1.279;1076.410;26.368;70.188;0.000;26.61;
26/08/26 05:49;0.000;0.000;2.199;3.237;5.78;1076.410;25.536;70.324;0.000;25.637;263.528;3.681;9.615;0.0;1076.410;26.145;70.188;0.000;26.445;
26/08/26 05:50;0.000;0.000;3.902;2.001;7.372;1076.410;26.096;70.324;0.000;26.159;263.528;4.035;13.843;14.968;1076.410;26.242;70.188;0.000;26.675;
26/08/26 05:51;0.000;0.000;4.085;9.072;16.594;1076.410;26.083;70.324;0.000;26.366;263.528;4.303;33.149;5.113;1076.410;26.1;70.188;0.000;27.136;
26/08/26 05:52;0.000;0.000;3.248;5.706;17.775;1076.410;26.217;70.324;0.000;26.395;263.528;3.613;37.866;17.158;1076.410;25.952;70.188;0.000;27.135;
26/08/26 05:53;0.000;0.000;4.096;22.869;42.659;1076.410;26.065;70.324;0.000;26.78;263.528;3.578;15.657;21.132;1076.410;26.227;70.188;0.000;26.716;
26/08/26 05:54;0.000;0.000;3.932;17.531;15.911;1076.410;26.623;70.324;0.000;27.171;263.528;4.171;15.478;37.86;1076.410;26.182;70.188;0.000;26.666;
26/08/26 05:55;0.000;0.000;5.504;16.696;22.692;1076.410;26.207;70.324;0.000;26.729;263.528;3.725;8.492;33.159;1076.410;26.551;70.188;0.000;26.816;
26/08/26 05:56;0.000;0.000;5.017;41.687;33.803;1076.410;26.477;70.324;0.000;27.78;263.528;4.515;40.957;28.77;1076.410;26.343;70.188;0.000;27.623;
26/08/26 05:57;0.000;0.000;4.312;30.655;32.012;1076.410;26.232;70.324;0.000;27.19;263.528;4.277;31.079;22.614;1076.410;26.303;70.188;0.000;27.274;
26/08/26 05:58;0.000;0.000;4.778;46.8;31.309;1076.410;26.4;70.324;0.000;27.862;263.528;3.63;39.527;23.673;1076.410;26.341;70.188;0.000;27.576;
26/08/26 05:59;0.000;0.000;5.517;37.581;25.3;1076.410;26.78;70.324;0.000;27.954;263.528;3.86;56.382;17.9;1076.410;26.369;70.188;0.000;28.131;
26/08/26 06:00;0.000;0.000;5.05;64.759;54.12;1076.410;26.675;70.324;0.000;28.699;263.528;3.705;47.52;44.833;1076.410;26.536;70.188;0.000;28.021;
26/08/26 06:01;0.000;0.000;5.927;47.924;36.631;1076.410;26.374;70.324;0.000;27.872;263.528;2.219;41.928;37.947;1076.410;26.43;70.188;0.000;27.74;
26/08/26 06:02;0.000;0.000;2.99;53.732;46.935;1076.410;26.574;70.324;0.000;28.253;263.528;4.38;54.367;49.235;1076.410;26.606;70.188;0.000;28.305;
26/08/26 06:03;0.000;0.000;4.075;39.599;43.142;1076.410;26.691;70.324;0.000;27.928;263.528;4.24;61.861;63.429;1076.410;26.046;70.188;0.000;27.979;
26/08/26 06:04;0.000;0.000;5.31;66.215;41.58;1076.410;26.878;70.324;0.000;28.947;263.528;4.904;55.933;49.77;1076.410;26.536;70.188;0.000;28.284;
26/08/26 06:05;0.000;0.000;4.201;45.373;67.233;1076.410;26.558;70.324;0.000;27.976;263.528;4.886;46.198;85.003;1076.410;26.699;70.188;0.000;28.143;
26/08/26 06:06;0.000;0.000;4.94;63.242;74.864;1076.410;26.684;70.324;0.000;28.66;263.528;5.527;49.833;78.227;1076.410;26.755;70.188;0.000;28.312;
26/08/26 06:07;0.000;0.000;4.407;62.628;52.675;1076.410;26.888;70.324;0.000;28.845;263.528;2.729;69.644;57.568;1076.410;26.286;70.188;0.000;28.462;
26/08/26 06:08;0.000;0.000;5.459;80.338;65.689;1076.410;27.003;70.324;0.000;29.514;263.528;2.754;70.429;70.386;1076.410;26.849;70.188;0.000;29.05;
26/08/26 06:09;0.000;0.000;5.518;49.222;73.611;1076.410;27.053;70.324;0.000;28.591;263.528;4.422;66.752;53.408;1076.410;26.986;70.188;0.000;29.072;
26/08/26 06:10;0.000;0.000;3.277;78.257;72.938;1076.410;26.798;70.324;0.000;29.244;263.528;5.435;59.308;81.06;1076.410;26.924;70.188;0.000;28.777;
26/08/26 06:11;0.000;0.000;5.461;87.933;71.345;1076.410;27.021;70.324;0.000;29.769;263.528;4.911;83.458;81.192;1076.410;26.54;70.188;0.000;29.148;
26/08/26 06:12;0.000;0.000;3.94;79.873;80.912;1076.410;26.767;70.324;0.000;29.263;263.528;4.602;80.478;93.985;1076.410;27.136;70.188;0.000;29.651;
26/08/26 06:13;0.000;0.000;5.091;65.842;80.071;1076.410;26.871;70.324;0.000;28.929;263.528;4.196;81.548;91.248;1076.410;27.194;70.188;0.000;29.742;
26/08/26 06:14;0.000;0.000;4.921;75.408;81.372;1076.410;26.906;70.324;0.000;29.262;263.528;3.569;87.26;93.238;1076.410;26.528;70.188;0.000;29.255;
26/08/26 06:15;0.000;0.000;5.361;94.969;107.66;1076.410;26.75;70.324;0.000;29.718;263.528;4.676;83.698;95.505;1076.410;26.632;70.188;0.000;29.248;
26/08/26 06:16;0.000;0.000;3.436;103.961;107.452;1076.410;26.912;70.324;0.000;30.161;263.528;3.966;101.228;79.721;1076.410;27.032;70.188;0.000;30.195;
26/08/26 06:17;0.000;0.000;4.226;99.142;98.872;1076.410;26.977;70.324;0.000;30.075;263.528;4.882;116.914;79.718;1076.410;26.948;70.188;0.000;30.602;
26/08/26 06:18;0.000;0.000;3.101;107.84;107.96;1076.410;27.059;70.324;0.000;30.429;263.528;3.046;95.38;95.62;1076.410;26.8;70.188;0.000;29.781;
26/08/26 06:19;0.000;0.000;4.702;112.907;121.199;1076.410;27.411;70.324;0.000;30.939;263.528;4.455;103.803;102.796;1076.410;27.091;70.188;0.000;30.335;
26/08/26 06:20;0.000;0.000;4.201;118.43;99.934;1076.410;27.486;70.324;0.000;31.187;263.528;4.25;116.685;106.184;1076.410;27.301;70.188;0.000;30.947;
26/08/26 06:21;0.000;0.000;4.539;105.421;112.789;1076.410;27.285;70.324;0.000;30.579;263.528;3.801;119.66;125.23;1076.410;27.269;70.188;0.000;31.008;
26/08/26 06:22;0.000;0.000;3.941;114.3;139.315;1076.410;27.161;70.324;0.000;30.733;263.528;4.26;120.677;132.28;1076.410;27.21;70.188;0.000;30.981;
26/08/26 06:23;0.000;0.000;3.901;136.187;112.776;1076.410;27.107;70.324;0.000;31.363;263.528;4.709;113.353;119.965;1076.410;27.491;70.188;0.000;31.033;
26/08/26 06:24;0.000;0.000;3.379;137.26;118.135;1076.410;27.585;70.324;0.000;31.874;263.528;6.147;137.328;122.947;1076.410;27.256;70.188;0.000;31.548;
26/08/26 06:25;0.000;0.000;5.177;143.287;126.626;1076.410;27.856;70.324;0.000;32.334;263.528;4.288;120.107;135.838;1076.410;27.679;70.188;0.000;31.432;
26/08/26 06:26;0.000;0.000;4.73;125.408;125.31;1076.410;27.76;70.324;0.000;31.679;263.528;4.271;121.122;113.654;1076.410;27.306;70.188;0.000;31.091;
26/08/26 06:27;0.000;0.000;5.139;133.967;128.238;1076.410;27.498;70.324;0.000;31.684;263.528;4.659;123.08;124.959;1076.410;27.328;70.188;0.000;31.174;
26/08/26 06:28;0.000;0.000;3.563;156.936;148.492;1076.410;27.561;70.324;0.000;32.465;263.528;3.537;127.225;160.08;1076.410;27.352;70.188;0.000;31.328;
26/08/26 06:29;0.000;0.000;2.702;136.71;114.088;1076.410;27.152;70.324;0.000;31.424;263.528;4.815;132.634;130.293;1076.410;27.261;70.188;0.000;31.406;
26/08/26 06:30;0.000;0.000;4.75;138.695;152.037;1076.410;28.272;70.324;0.000;32.606;263.528;3.814;153.87;141.493;1076.410;27.807;70.188;0.000;32.615;
26/08/26 06:31;0.000;0.000;5.631;142.483;151.218;1076.410;27.301;70.324;0.000;31.754;263.528;2.325;150.55;140.727;1076.410;27.363;70.188;0.000;32.068;
26/08/26 06:32;0.000;0.000;5.19;155.282;179.173;1076.410;28.028;70.324;0.000;32.881;263.528;1.139;166.391;146.611;1076.410;27.588;70.188;0.000;32.788;
26/08/26 06:33;0.000;0.000;2.974;160.523;154.615;1076.410;27.603;70.324;0.000;32.619;263.528;3.713;159.705;168.888;1076.410;27.462;70.188;0.000;32.453;
26/08/26 06:34;0.000;0.000;3.762;162.995;161.516;1076.410;27.635;70.324;0.000;32.729;263.528;4.251;159.436;167.496;1076.410;27.506;70.188;0.000;32.488;
26/08/26 06:35;0.000;0.000;4.17;162.939;166.005;1076.410;27.975;70.324;0.000;33.067;263.528;1.961;180.679;158.96;1076.410;27.703;70.188;0.000;33.349;
26/08/26 06:36;0.000;0.000;5.602;178.657;185.84;1076.410;27.831;70.324;0.000;33.414;263.528;5.886;160.868;160.381;1076.410;27.443;70.188;0.000;32.47;
26/08/26 06:37;0.000;0.000;5.374;178.918;184.713;1076.410;27.591;70.324;0.000;33.182;263.528;3.912;177.762;157.483;1076.410;28.078;70.188;0.000;33.633;
26/08/26 06:38;0.000;0.000;3.768;188.028;162.751;1076.410;27.797;70.324;0.000;33.673;263.528;4.774;183.388;171.513;1076.410;27.842;70.188;0.000;33.573;
26/08/26 06:39;0.000;0.000;3.835;177.694;204.46;1076.410;27.713;70.324;0.000;33.266;263.528;3.76;169.174;197.878;1076.410;27.833;70.188;0.000;33.12;
26/08/26 06:40;0.000;0.000;4.357;177.33;177.604;1076.410;27.876;70.324;0.000;33.418;263.528;5.045;194.114;185.465;1076.410;27.64;70.188;0.000;33.706;
26/08/26 06:41;0.000;0.000;5.074;182.435;179.546;1076.410;28.059;70.324;0.000;33.76;263.528;3.215;184.875;203.379;1076.410;28.072;70.188;0.000;33.849;
26/08/26 06:42;0.000;0.000;3.264;191.032;183.281;1076.410;28.223;70.324;0.000;34.193;263.528;4.75;199.663;207.617;1076.410;27.76;70.188;0.000;33.999;
26/08/26 06:43;0.000;0.000;3.021;197.747;192.375;1076.410;28.165;70.324;0.000;34.345;263.528;4.4;170.944;193.22;1076.410;28.212;70.188;0.000;33.554;
26/08/26 06:44;0.000;0.000;4.152;214.567;186.029;1076.410;28.049;70.324;0.000;34.754;263.528;4.303;210.326;190.82;1076.410;27.833;70.188;0.000;34.406;
26/08/26 06:45;0.000;0.000;3.084;189.588;191.816;1076.410;28.374;70.324;0.000;34.299;263.528;5.435;207.98;211.666;1076.410;28.075;70.188;0.000;34.574;
26/08/26 06:46;0.000;0.000;3.21;213.415;203.635;1076.410;28.199;70.324;0.000;34.868;263.528;2.757;211.43;198.777;1076.410;28.058;70.188;0.000;34.665;
26/08/26 06:47;0.000;0.000;5.997;214.979;208.455;1076.410;28.011;70.324;0.000;34.729;263.528;4.514;205.202;210.964;1076.410;28.199;70.188;0.000;34.612;
26/08/26 06:48;0.000;0.000;2.114;221.399;222.246;1076.410;28.276;70.324;0.000;35.195;263.528;4.527;222.402;210.155;1076.410;28.296;70.188;0.000;35.246;
26/08/26 06:49;0.000;0.000;4.321;217.778;226.568;1076.410;27.992;70.324;0.000;34.798;263.528;5.401;223.608;238.165;1076.410;28.122;70.188;0.000;35.11;
26/08/26 06:50;0.000;0.000;5.113;242.036;242.031;1076.410;28.58;70.324;0.000;36.144;263.528;3.495;227.46;230.324;1076.410;28.293;70.188;0.000;35.401;
26/08/26 06:51;0.000;0.000;4.894;231.506;238.828;1076.410;28.419;70.324;0.000;35.654;263.528;5.212;241.762;228.106;1076.410;28.298;70.188;0.000;35.853;
26/08/26 06:52;0.000;0.000;3.376;251.984;238.764;1076.410;28.246;70.324;0.000;36.12;263.528;3.303;248.262;239.509;1076.410;28.136;70.188;0.000;35.894;
26/08/26 06:53;0.000;0.000;5.972;248.863;231.344;1076.410;28.49;70.324;0.000;36.267;263.528;5.909;235.315;254.34;1076.410;27.848;70.188;0.000;35.202;
26/08/26 06:54;0.000;0.000;3.464;246.395;260.768;1076.410;28.164;70.324;0.000;35.864;263.528;4.796;244.571;255.293;1076.410;28.435;70.188;0.000;36.078;
26/08/26 06:55;0.000;0.000;4.963;251.715;235.6;1076.410;28.815;70.324;0.000;36.681;263.528;3.784;244.964;236.543;1076.410;28.546;70.188;0.000;36.201;
26/08/26 06:56;0.000;0.000;6.499;235.222;233.538;1076.410;28.769;70.324;0.000;36.12;263.528;3.265;260.068;251.494;1076.410;28.324;70.188;0.000;36.451;
26/08/26 06:57;0.000;0.000;5.77;252.807;261.856;1076.410;28.466;70.324;0.000;36.366;263.528;3.906;255.908;265.745;1076.410;28.034;70.188;0.000;36.031;
26/08/26 06:58;0.000;0.000;4.636;267.482;228.634;1076.410;28.54;70.324;0.000;36.899;263.528;3.882;247.396;273.43;1076.410;28.743;70.188;0.000;36.474;
26/08/26 06:59;0.000;0.000;4.57;241.412;274.934;1076.410;28.718;70.324;0.000;36.262;263.528;3.24;268.607;232.847;1076.410;28.38;70.188;0.000;36.774;
26/08/26 07:00;0.000;0.000;6.23;262.512;256.658;1076.410;28.565;70.324;0.000;36.768;263.528;3.968;270.613;250.372;1076.410;28.562;70.188;0.000;37.019;
26/08/26 07:01;0.000;0.000;5.324;262.075;284.654;1076.410;28.762;70.324;0.000;36.952;263.528;4.28;273.879;270.918;1076.410;28.735;70.188;0.000;37.294;
26/08/26 07:02;0.000;0.000;3.79;267.754;286.294;1076.410;28.942;70.324;0.000;37.309;263.528;4.314;245.221;274.116;1076.410;28.707;70.188;0.000;36.37;
26/08/26 07:03;0.000;0.000;5.145;273.955;271.714;1076.410;28.927;70.324;0.000;37.488;263.528;3.447;270.009;284.123;1076.410;28.787;70.188;0.000;37.225;
26/08/26 07:04;0.000;0.000;4.637;281.806;286.131;1076.410;28.875;70.324;0.000;37.681;263.528;3.742;268.521;278.696;1076.410;28.746;70.188;0.000;37.137;
26/08/26 07:05;0.000;0.000;5.118;279.107;281.364;1076.410;28.553;70.324;0.000;37.275;263.528;4.447;294.068;294.635;1076.410;28.908;70.188;0.000;38.098;
26/08/26 07:06;0.000;0.000;6.147;282.353;293.857;1076.410;28.977;70.324;0.000;37.801;263.528;3.52;302.992;282.151;1076.410;28.795;70.188;0.000;38.264;
26/08/26 07:07;0.000;0.000;6.631;286.565;291.254;1076.410;28.687;70.324;0.000;37.642;263.528;3.815;303.402;279.565;1076.410;28.508;70.188;0.000;37.989;
26/08/26 07:08;0.000;0.000;4.663;297.505;263.553;1076.410;28.819;70.324;0.000;38.116;263.528;4.073;303.739;298.592;1076.410;28.907;70.188;0.000;38.399;
26/08/26 07:09;0.000;0.000;5.244;293.554;293.823;1076.410;28.957;70.324;0.000;38.131;263.528;5.009;302.743;315.914;1076.410;28.766;70.188;0.000;38.227;
26/08/26 07:10;0.000;0.000;2.123;307.293;311.57;1076.410;28.824;70.324;0.000;38.427;263.528;3.915;302.801;296.183;1076.410;28.633;70.188;0.000;38.096;
26/08/26 07:11;0.000;0.000;5.515;302.009;313.781;1076.410;29.049;70.324;0.000;38.487;263.528;4.309;301.607;303.871;1076.410;29.045;70.188;0.000;38.47;
26/08/26 07:12;0.000;0.000;3.822;308.927;305.886;1076.410;29.19;70.324;0.000;38.844;263.528;4.813;314.463;300.672;1076.410;28.749;70.188;0.000;38.576;
26/08/26 07:13;0.000;0.000;6.078;316.721;324.833;1076.410;29.275;70.324;0.000;39.173;263.528;4.544;304.043;340.209;1076.410;28.796;70.188;0.000;38.297;
26/08/26 07:14;0.000;0.000;2.532;320.815;309.739;1076.410;29.319;70.324;0.000;39.344;263.528;3.796;336.452;310.15;1076.410;29.165;70.188;0.000;39.679;
26/08/26 07:15;0.000;0.000;5.429;305.322;290.55;1076.410;28.898;70.324;0.000;38.439;263.528;3.721;340.036;314.169;1076.410;28.954;70.188;0.000;39.58;
26/08/26 07:16;0.000;0.000;5.243;313.821;335.249;1076.410;29.406;70.324;0.000;39.213;263.528;3.977;303.989;331.417;1076.410;29.331;70.188;0.000;38.831;
26/08/26 07:17;0.000;0.000;4.339;325.776;319.59;1076.410;28.994;70.324;0.000;39.174;263.528;4.073;334.243;329.599;1076.410;29.114;70.188;0.000;39.559;
26/08/26 07:18;0.000;0.000;6.169;331.568;312.43;1076.410;29.078;70.324;0.000;39.439;263.528;4.595;341.913;326.503;1076.410;29.502;70.188;0.000;40.187;
26/08/26 07:19;0.000;0.000;4.872;346.345;338.428;1076.410;29.013;70.324;0.000;39.836;263.528;6.253;366.329;331.969;1076.410;29.368;70.188;0.000;40.816;
26/08/26 07:20;0.000;0.000;3.227;351.885;328.282;1076.410;29.331;70.324;0.000;40.327;263.528;4.61;366.368;346.946;1076.410;29.339;70.188;0.000;40.788;
26/08/26 07:21;0.000;0.000;4.994;359.414;345.817;1076.410;29.693;70.324;0.000;40.925;263.528;3.934;323.552;339.995;1076.410;29.314;70.188;0.000;39.425;
26/08/26 07:22;0.000;0.000;5.779;339.581;363.215;1076.410;29.791;70.324;0.000;40.403;263.528;4.681;362.94;360.997;1076.410;29.458;70.188;0.000;40.8;
26/08/26 07:23;0.000;0.000;3.493;351.307;356.951;1076.410;29.695;70.324;0.000;40.673;263.528;4.149;352.721;347.55;1076.410;29.54;70.188;0.000;40.563;
26/08/26 07:24;0.000;0.000;5.428;349.099;370.429;1076.410;29.367;70.324;0.000;40.276;263.528;4.555;358.559;360.31;1076.410;29.095;70.188;0.000;40.3;
26/08/26 07:25;0.000;0.000;4.175;367.469;363.593;1076.410;29.457;70.324;0.000;40.94;263.528;5.17;357.105;340.014;1076.410;29.22;70.188;0.000;40.38;
26/08/26 07:26;0.000;0.000;2.488;369.075;349.832;1076.410;29.548;70.324;0.000;41.082;263.528;4.443;385.594;366.39;1076.410;29.311;70.188;0.000;41.361;
26/08/26 07:27;0.000;0.000;3.525;369.73;359.031;1076.410;29.286;70.324;0.000;40.84;263.528;4.612;385.503;363.384;1076.410;29.269;70.188;0.000;41.316;
26/08/26 07:28;0.000;0.000;5.63;365.254;371.219;1076.410;29.288;70.324;0.000;40.702;263.528;4.247;381.137;359.976;1076.410;29.761;70.188;0.000;41.672;
26/08/26 07:29;0.000;0.000;4.733;385.456;383.621;1076.410;29.672;70.324;0.000;41.718;263.528;2.843;355.98;392.218;1076.410;29.869;70.188;0.000;40.993;
26/08/26 07:30;0.000;0.000;5.352;382.175;383.649;1076.410;29.863;70.324;0.000;41.806;263.528;5.061;380.795;367.527;1076.410;29.504;70.188;0.000;41.404;
26/08/26 07:31;0.000;0.000;5.34;381.089;394.586;1076.410;29.675;70.324;0.000;41.584;263.528;4.875;372.853;382.807;1076.410;29.892;70.188;0.000;41.544;
26/08/26 07:32;0.000;0.000;3.551;381.176;393.475;1076.410;29.603;70.324;0.000;41.515;263.528;3.114;398.803;384.198;1076.410;29.636;70.188;0.000;42.099;
26/08/26 07:33;0.000;0.000;3.274;396.051;381.241;1076.410;29.673;70.324;0.000;42.05;263.528;5.62;387.296;385.18;1076.410;29.662;70.188;0.000;41.765;
26/08/26 07:34;0.000;0.000;4.027;405.153;370.129;1076.410;29.933;70.324;0.000;42.594;263.528;2.803;412.463;402.533;1076.410;29.67;70.188;0.000;42.559;
26/08/26 07:35;0.000;0.000;5.786;412.822;395.638;1076.410;29.5;70.324;0.000;42.401;263.528;3.886;408.76;391.539;1076.410;29.709;70.188;0.000;42.483;
26/08/26 07:36;0.000;0.000;5.591;400.008;410.566;1076.410;30.122;70.324;0.000;42.622;263.528;3.836;411.652;404.542;1076.410;29.8;70.188;0.000;42.664;
26/08/26 07:37;0.000;0.000;3.801;431.063;398.809;1076.410;29.666;70.324;0.000;43.137;263.528;4.933;408.735;400.529;1076.410;29.726;70.188;0.000;42.499;
26/08/26 07:38;0.000;0.000;4.58;435.003;433.768;1076.410;29.909;70.324;0.000;43.503;263.528;3.671;412.547;409.609;1076.410;29.932;70.188;0.000;42.824;
26/08/26 07:39;0.000;0.000;3.654;428.323;417.026;1076.410;29.723;70.324;0.000;43.108;263.528;4.495;426.911;426.234;1076.410;29.791;70.188;0.000;43.132;
26/08/26 07:40;0.000;0.000;6.059;420.168;420.841;1076.410;30.108;70.324;0.000;43.238;263.528;4.775;436.168;404.33;1076.410;29.799;70.188;0.000;43.429;
26/08/26 07:41;0.000;0.000;4.225;421.086;416.951;1076.410;30.118;70.324;0.000;43.277;263.528;4.181;421.745;411.188;1076.410;29.708;70.188;0.000;42.888;
26/08/26 07:42;0.000;0.000;5.539;422.983;404.098;1076.410;29.935;70.324;0.000;43.153;263.528;4.323;433.284;431.013;1076.410;30.057;70.188;0.000;43.597;
26/08/26 07:43;0.000;0.000;2.811;451.979;417.023;1076.410;30.07;70.324;0.000;44.194;263.528;5.117;422.377;458.1;1076.410;30.072;70.188;0.000;43.271;
26/08/26 07:44;0.000;0.000;2.785;445.629;416.203;1076.410;29.552;70.324;0.000;43.478;263.528;3.603;450.477;435.645;1076.410;30.053;70.188;0.000;44.13;
26/08/26 07:45;0.000;0.000;3.057;425.626;419.74;1076.410;30.067;70.324;0.000;43.368;263.528;5.009;431.86;464.793;1076.410;29.566;70.188;0.000;43.062;
26/08/26 07:46;0.000;0.000;4.978;438.848;463.914;1076.410;30.118;70.324;0.000;43.832;263.528;4.417;453.488;443.287;1076.410;30.272;70.188;0.000;44.444;
26/08/26 07:47;0.000;0.000;5.63;450.857;449.028;1076.410;30.195;70.324;0.000;44.284;263.528;3.923;441.747;456.908;1076.410;30.21;70.188;0.000;44.015;
26/08/26 07:48;0.000;0.000;4.642;449.979;438.945;1076.410;30.209;70.324;0.000;44.271;263.528;4.352;448.245;445.519;1076.410;29.816;70.188;0.000;43.824;
26/08/26 07:49;0.000;0.000;4.031;460.969;452.781;1076.410;30.279;70.324;0.000;44.684;263.528;5.343;449.321;458.004;1076.410;30.489;70.188;0.000;44.53;
26/08/26 07:50;0.000;0.000;7.415;462.462;470.207;1076.410;30.611;70.324;0.000;45.063;263.528;4.268;460.172;451.51;1076.410;30.453;70.188;0.000;44.833;
26/08/26 07:51;0.000;0.000;2.511;462.594;463.359;1076.410;30.33;70.324;0.000;44.786;263.528;3.871;464.36;450.925;1076.410;30.278;70.188;0.000;44.789;
26/08/26 07:52;0.000;0.000;4.913;459.622;477.983;1076.410;30.298;70.324;0.000;44.661;263.528;3.326;481.669;481.469;1076.410;30.092;70.188;0.000;45.144;
26/08/26 07:53;0.000;0.000;2.437;473.515;488.311;1076.410;30.464;70.324;0.000;45.261;263.528;4.032;467.486;459.744;1076.410;30.284;70.188;0.000;44.893;
26/08/26 07:54;0.000;0.000;4.351;462.394;481.573;1076.410;30.341;70.324;0.000;44.791;263.528;5.081;476.579;460.819;1076.410;30.355;70.188;0.000;45.248;
26/08/26 07:55;0.000;0.000;3.521;471.459;482.618;1076.410;30.512;70.324;0.000;45.245;263.528;3.24;472.726;485.961;1076.410;30.135;70.188;0.000;44.908;
26/08/26 07:56;0.000;0.000;4.623;494.681;503.686;1076.410;30.545;70.324;0.000;46.004;263.528;5.115;498.921;499.628;1076.410;30.379;70.188;0.000;45.97;
26/08/26 07:57;0.000;0.000;5.783;495.107;460.095;1076.410;30.567;70.324;0.000;46.039;263.528;4.533;473.72;482.724;1076.410;30.095;70.188;0.000;44.899;
26/08/26 07:58;0.000;0.000;5.068;488.763;481.939;1076.410;30.996;70.324;0.000;46.27;263.528;5.606;499.445;482.429;1076.410;30.428;70.188;0.000;46.036;
26/08/26 07:59;0.000;0.000;5.359;504.119;478.91;1076.410;30.474;70.324;0.000;46.228;263.528;1.911;493.629;494.171;1076.410;30.52;70.188;0.000;45.946;
26/08/26 08:00;0.000;0.000;4.717;490.361;503.73;1076.410;30.508;70.324;0.000;45.832;263.528;2.353;499.02;513.016;1076.410;30.671;70.188;0.000;46.265;
26/08/26 08:01;0.000;0.000;3.187;491.765;495.502;1076.410;30.953;70.324;0.000;46.321;263.528;4.159;493.828;502.686;1076.410;30.684;70.188;0.000;46.116;
26/08/26 08:02;0.000;0.000;3.166;502.081;509.179;1076.410;30.439;70.324;0.000;46.129;263.528;5.486;496.805;502.742;1076.410;30.441;70.188;0.000;45.966;
26/08/26 08:03;0.000;0.000;5.859;501.045;515.86;1076.410;30.696;70.324;0.000;46.354;263.528;5.864;512.857;532.407;1076.410;30.701;70.188;0.000;46.728;
26/08/26 08:04;0.000;0.000;4.487;516.123;524.464;1076.410;30.541;70.324;0.000;46.67;263.528;5.077;503.581;534.423;1076.410;30.293;70.188;0.000;46.03;
26/08/26 08:05;0.000;0.000;3.359;532.323;501.318;1076.410;30.573;70.324;0.000;47.208;263.528;3.128;519.258;508.996;1076.410;30.798;70.188;0.000;47.025;
26/08/26 08:06;0.000;0.000;2.79;509.76;505.21;1076.410;30.761;70.324;0.000;46.691;263.528;3.863;508.32;490.665;1076.410;30.919;70.188;0.000;46.804;
26/08/26 08:07;0.000;0.000;2.414;507.594;517.67;1076.410;30.971;70.324;0.000;46.833;263.528;5.34;531.8;514.201;1076.410;30.865;70.188;0.000;47.484;
26/08/26 08:08;0.000;0.000;5.093;526.677;508.393;1076.410;31.117;70.324;0.000;47.576;263.528;4.947;550.388;524.116;1076.410;30.884;70.188;0.000;48.084;
26/08/26 08:09;0.000;0.000;4.547;544.059;519.213;1076.410;30.945;70.324;0.000;47.947;263.528;3.783;525.576;540.034;1076.410;31.047;70.188;0.000;47.471;
26/08/26 08:10;0.000;0.000;3.136;528.405;536.848;1076.410;30.818;70.324;0.000;47.331;263.528;3.491;516.324;526.352;1076.410;30.496;70.188;0.000;46.631;
26/08/26 08:11;0.000;0.000;4.292;551.718;542.679;1076.410;30.992;70.324;0.000;48.233;263.528;4.453;539.264;524.068;1076.410;30.888;70.188;0.000;47.74;
26/08/26 08:12;0.000;0.000;4.106;538.795;523.633;1076.410;31.049;70.324;0.000;47.886;263.528;4.568;551.213;541.551;1076.410;30.832;70.188;0.000;48.057;
26/08/26 08:13;0.000;0.000;5.923;560.496;553.299;1076.410;30.964;70.324;0.000;48.48;263.528;2.511;550.461;552.02;1076.410;31.035;70.188;0.000;48.237;
26/08/26 08:14;0.000;0.000;3.594;550.534;525.218;1076.410;30.928;70.324;0.000;48.132;263.528;2.586;554.022;552.536;1076.410;30.636;70.188;0.000;47.949;
26/08/26 08:15;0.000;0.000;5.471;553.253;544.777;1076.410;31.069;70.324;0.000;48.358;263.528;3.76;565.105;552.752;1076.410;30.959;70.188;0.000;48.619;
26/08/26 08:16;0.000;0.000;5.064;554.387;559.109;1076.410;31.175;70.324;0.000;48.5;263.528;3.595;549.325;548.271;1076.410;30.96;70.188;0.000;48.126;
26/08/26 08:17;0.000;0.000;6.088;552.129;572.921;1076.410;31.185;70.324;0.000;48.439;263.528;2.962;569.364;554.992;1076.410;31.286;70.188;0.000;49.079;
26/08/26 08:18;0.000;0.000;5.327;566.064;566.515;1076.410;31.085;70.324;0.000;48.774;263.528;3.699;554.152;561.017;1076.410;31.277;70.188;0.000;48.594;
26/08/26 08:19;0.000;0.000;5.413;559.042;571.249;1076.410;30.958;70.324;0.000;48.428;263.528;4.974;573.41;577.646;1076.410;30.611;70.188;0.000;48.53;
26/08/26 08:20;0.000;0.000;3.233;575.877;550.871;1076.410;31.129;70.324;0.000;49.125;263.528;3.886;590.123;584.427;1076.410;31.181;70.188;0.000;49.622;
26/08/26 08:21;0.000;0.000;4.838;569.741;570.779;1076.410;30.925;70.324;0.000;48.729;263.528;4.231;588.706;571.361;1076.410;31.201;70.188;0.000;49.598;
26/08/26 08:22;0.000;0.000;4.772;572.635;566.386;1076.410;31.294;70.324;0.000;49.189;263.528;4.463;570.793;566.264;1076.410;31.259;70.188;0.000;49.096;
26/08/26 08:23;0.000;0.000;4.909;586.15;577.088;1076.410;31.318;70.324;0.000;49.635;263.528;4.911;583.875;592.236;1076.410;31.102;70.188;0.000;49.348;
26/08/26 08:24;0.000;0.000;3.162;592.035;586.295;1076.410;31.389;70.324;0.000;49.89;263.528;5.093;597.55;583.397;1076.410;31.006;70.188;0.000;49.679;
26/08/26 08:25;0.000;0.000;2.272;589.163;589.398;1076.410;31.335;70.324;0.000;49.746;263.528;4.437;596.462;604.526;1076.410;31.266;70.188;0.000;49.905;
26/08/26 08:26;0.000;0.000;4.757;580.187;593.054;1076.410;31.583;70.324;0.000;49.714;263.528;4.715;596.898;583.338;1076.410;31.395;70.188;0.000;50.048;
26/08/26 08:27;0.000;0.000;4.256;602.835;598.134;1076.410;31.146;70.324;0.000;49.985;263.528;4.248;578.293;597.438;1076.410;31.095;70.188;0.000;49.167;
26/08/26 08:28;0.000;0.000;5.465;588.505;575.031;1076.410;31.759;70.324;0.000;50.15;263.528;4.127;590.624;600.447;1076.410;31.526;70.188;0.000;49.983;
26/08/26 08:29;0.000;0.000;3.979;608.968;614.062;1076.410;31.289;70.324;0.000;50.319;263.528;3.541;593.508;615.343;1076.410;31.334;70.188;0.000;49.881;
26/08/26 08:30;0.000;0.000;3.442;605.653;616.583;1076.410;31.487;70.324;0.000;50.414;263.528;4.052;598.406;596.926;1076.410;31.198;70.188;0.000;49.898;
26/08/26 08:31;0.000;0.000;5.684;630.85;591.552;1076.410;31.775;70.324;0.000;51.489;263.528;5.04;610.216;603.638;1076.410;31.242;70.188;0.000;50.311;
26/08/26 08:32;0.000;0.000;5.315;627.014;620.531;1076.410;31.052;70.324;0.000;50.646;263.528;4.178;641.502;625.52;1076.410;31.646;70.188;0.000;51.693;
26/08/26 08:33;0.000;0.000;3.892;625.138;627.443;1076.410;31.439;70.324;0.000;50.975;263.528;4.268;619.5;612.826;1076.410;31.584;70.188;0.000;50.943;
26/08/26 08:34;0.000;0.000;6.241;618.413;614.133;1076.410;31.643;70.324;0.000;50.968;263.528;4.553;640.914;638.815;1076.410;31.304;70.188;0.000;51.333;
26/08/26 08:35;0.000;0.000;5.147;615.942;618.831;1076.410;31.969;70.324;0.000;51.217;263.528;2.81;646.139;616.505;1076.410;31.662;70.188;0.000;51.854;
26/08/26 08:36;0.000;0.000;3.615;628.002;630.538;1076.410;31.47;70.324;0.000;51.095;263.528;2.799;647.431;623.116;1076.410;31.422;70.188;0.000;51.654;
26/08/26 08:37;0.000;0.000;3.51;627.605;622.591;1076.410;31.564;70.324;0.000;51.177;263.528;3.795;611.427;645.602;1076.410;31.569;70.188;0.000;50.676;
26/08/26 08:38;0.000;0.000;4.683;633.01;628.051;1076.410;31.427;70.324;0.000;51.209;263.528;6.628;638.955;631.535;1076.410;31.632;70.188;0.000;51.599;
26/08/26 08:39;0.000;0.000;2.207;635.247;653.604;1076.410;31.647;70.324;0.000;51.498;263.528;3.506;657.931;630.42;1076.410;31.64;70.188;0.000;52.2;
26/08/26 08:40;0.000;0.000;3.949;635.032;646.334;1076.410;31.87;70.324;0.000;51.715;263.528;4.626;638.222;642.703;1076.410;31.742;70.188;0.000;51.686;
26/08/26 08:41;0.000;0.000;4.55;644.838;616.954;1076.410;31.669;70.324;0.000;51.82;263.528;4.498;655.591;638.357;1076.410;31.569;70.188;0.000;52.056;
26/08/26 08:42;0.000;0.000;4.738;649.54;665.371;1076.410;31.786;70.324;0.000;52.084;263.528;2.774;680.694;642.018;1076.410;31.706;70.188;0.000;52.978;
26/08/26 08:43;0.000;0.000;5.035;666.041;635.068;1076.410;31.79;70.324;0.000;52.604;263.528;3.642;650.861;637.827;1076.410;31.968;70.188;0.000;52.307;
26/08/26 08:44;0.000;0.000;4.932;678.055;640.864;1076.410;31.661;70.324;0.000;52.85;263.528;5.244;661.485;654.754;1076.410;31.503;70.188;0.000;52.174;
26/08/26 08:45;0.000;0.000;4.998;651.281;654.82;1076.410;31.718;70.324;0.000;52.071;263.528;4.382;656.472;664.277;1076.410;31.562;70.188;0.000;52.077;
26/08/26 08:46;0.000;0.000;2.565;661.97;652.724;1076.410;31.985;70.324;0.000;52.672;263.528;3.363;679.379;643.931;1076.410;32.091;70.188;0.000;53.322;
26/08/26 08:47;0.000;0.000;4.801;658.986;668.46;1076.410;31.983;70.324;0.000;52.576;263.528;4.608;666.397;666.091;1076.410;31.753;70.188;0.000;52.578;
26/08/26 08:48;0.000;0.000;4.407;683.294;679.456;1076.410;31.925;70.324;0.000;53.278;263.528;3.938;675.45;682.756;1076.410;31.617;70.188;0.000;52.725;
26/08/26 08:49;0.000;0.000;4.452;684.983;683.179;1076.410;31.712;70.324;0.000;53.118;263.528;3.68;676.478;675.953;1076.410;31.89;70.188;0.000;53.03;
26/08/26 08:50;0.000;0.000;3.044;667.11;651.152;1076.410;32.013;70.324;0.000;52.86;263.528;3.849;676.05;664.688;1076.410;32.07;70.188;0.000;53.197;
26/08/26 08:51;0.000;0.000;5.316;692.347;677.795;1076.410;31.846;70.324;0.000;53.482;263.528;4.045;680.448;691.85;1076.410;32.228;70.188;0.000;53.492;
26/08/26 08:52;0.000;0.000;5.335;683.957;667.207;1076.410;31.941;70.324;0.000;53.315;263.528;5.401;696.288;669.737;1076.410;32.032;70.188;0.000;53.791;
26/08/26 08:53;0.000;0.000;4.323;687.956;687.059;1076.410;32.246;70.324;0.000;53.745;263.528;4.701;678.544;688.041;1076.410;31.973;70.188;0.000;53.177;
26/08/26 08:54;0.000;0.000;4.89;692.208;698.732;1076.410;31.708;70.324;0.000;53.34;263.528;3.294;686.622;686.394;1076.410;32.095;70.188;0.000;53.552;
26/08/26 08:55;0.000;0.000;4.395;708.409;662.965;1076.410;31.944;70.324;0.000;54.082;263.528;6.291;699.791;697.74;1076.410;31.849;70.188;0.000;53.717;
26/08/26 08:56;0.000;0.000;4.18;696.263;704.471;1076.410;32.251;70.324;0.000;54.009;263.528;3.628;691.121;700.702;1076.410;31.82;70.188;0.000;53.418;
26/08/26 08:57;0.000;0.000;3.785;691.608;673.195;1076.410;31.906;70.324;0.000;53.519;263.528;5.067;712.414;682.343;1076.410;32.165;70.188;0.000;54.428;
26/08/26 08:58;0.000;0.000;4.497;689.204;711.632;1076.410;32.307;70.324;0.000;53.845;263.528;4.189;701.203;688.135;1076.410;32.048;70.188;0.000;53.961;
26/08/26 08:59;0.000;0.000;2.631;703.067;718.676;1076.410;32.097;70.324;0.000;54.068;263.528;4.123;722.593;688.829;1076.410;32.107;70.188;0.000;54.688;
26/08/26 09:00;0.000;0.000;4.305;707.616;713.296;1076.410;32.32;70.324;0.000;54.433;263.528;4.117;706.635;716.421;1076.410;32.214;70.188;0.000;54.296;
26/08/26 09:01;0.000;0.000;5.148;692.038;695.609;1076.410;31.871;70.324;0.000;53.497;263.528;5.814;700.19;717.949;1076.410;32.348;70.188;0.000;54.229;
26/08/26 09:02;0.000;0.000;5.277;709.232;701.544;1076.410;32.172;70.324;0.000;54.335;263.528;2.373;699.542;698.638;1076.410;32.239;70.188;0.000;54.1;
26/08/26 09:03;0.000;0.000;4.254;721.084;713.712;1076.410;32.218;70.324;0.000;54.752;263.528;5.467;713.637;730.08;1076.410;32.056;70.188;0.000;54.357;
26/08/26 09:04;0.000;0.000;6.25;721.313;719.951;1076.410;32.145;70.324;0.000;54.686;263.528;4.792;723.265;724.768;1076.410;32.484;70.188;0.000;55.086;
26/08/26 09:05;0.000;0.000;4.417;721.149;726.892;1076.410;32.403;70.324;0.000;54.939;263.528;3.445;732.338;740.002;1076.410;32.363;70.188;0.000;55.249;
26/08/26 09:06;0.000;0.000;4.61;749.081;734.574;1076.410;32.474;70.324;0.000;55.883;263.528;3.529;710.412;722.624;1076.410;32.228;70.188;0.000;54.428;
26/08/26 09:07;0.000;0.000;3.22;738.229;728.062;1076.410;32.238;70.324;0.000;55.308;263.528;2.309;718.567;720.012;1076.410;32.425;70.188;0.000;54.88;
26/08/26 09:08;0.000;0.000;6.845;731.664;731.816;1076.410;32.269;70.324;0.000;55.134;263.528;4.456;742.685;731.275;1076.410;32.552;70.188;0.000;55.761;
26/08/26 09:09;0.000;0.000;3.693;725.524;736.093;1076.410;32.507;70.324;0.000;55.18;263.528;3.227;750.751;721.703;1076.410;32.168;70.188;0.000;55.629;
26/08/26 09:10;0.000;0.000;4.926;750.025;742.825;1076.410;32.572;70.324;0.000;56.01;263.528;3.606;732.816;734.025;1076.410;32.66;70.188;0.000;55.56;
26/08/26 09:11;0.000;0.000;4.096;743.81;754.19;1076.410;32.552;70.324;0.000;55.796;263.528;3.501;752.648;729.021;1076.410;32.353;70.188;0.000;55.873;
26/08/26 09:12;0.000;0.000;4.781;751.672;739.655;1076.410;32.462;70.324;0.000;55.952;263.528;3.237;764.272;751.787;1076.410;31.987;70.188;0.000;55.87;
26/08/26 09:13;0.000;0.000;3.896;764.663;755.56;1076.410;32.402;70.324;0.000;56.298;263.528;4.311;764.005;729.959;1076.410;32.495;70.188;0.000;56.37;
26/08/26 09:14;0.000;0.000;4.626;737.533;764.284;1076.410;32.807;70.324;0.000;55.855;263.528;3.677;762.556;742.39;1076.410;32.673;70.188;0.000;56.503;
26/08/26 09:15;0.000;0.000;5.395;745.163;752.709;1076.410;32.69;70.324;0.000;55.976;263.528;3.794;752.942;755.522;1076.410;32.629;70.188;0.000;56.158;
26/08/26 09:16;0.000;0.000;5.454;758.197;760.792;1076.410;32.263;70.324;0.000;55.957;263.528;3.742;760.115;755.362;1076.410;32.34;70.188;0.000;56.094;
26/08/26 09:17;0.000;0.000;3.525;761.847;764.66;1076.410;32.863;70.324;0.000;56.671;263.528;3.597;761.924;756.902;1076.410;32.641;70.188;0.000;56.451;
26/08/26 09:18;0.000;0.000;4.943;766.232;772.094;1076.410;32.48;70.324;0.000;56.425;263.528;4.689;766.39;765.548;1076.410;32.647;70.188;0.000;56.597;
26/08/26 09:19;0.000;0.000;4.409;770.986;754.87;1076.410;32.827;70.324;0.000;56.92;263.528;3.897;777.629;756.53;1076.410;32.159;70.188;0.000;56.46;
26/08/26 09:20;0.000;0.000;4.621;790.927;742.809;1076.410;32.687;70.324;0.000;57.403;263.528;2.571;768.637;777.609;1076.410;32.755;70.188;0.000;56.775;
26/08/26 09:21;0.000;0.000;4.26;790.744;774.522;1076.410;32.904;70.324;0.000;57.615;263.528;3.383;792.634;794.004;1076.410;32.594;70.188;0.000;57.364;
26/08/26 09:22;0.000;0.000;4.537;783.84;772.981;1076.410;32.962;70.324;0.000;57.457;263.528;4.137;772.781;781.889;1076.410;32.449;70.188;0.000;56.598;
26/08/26 09:23;0.000;0.000;5.248;777.464;767.157;1076.410;32.367;70.324;0.000;56.663;263.528;3.668;777.087;763.93;1076.410;32.812;70.188;0.000;57.096;
26/08/26 09:24;0.000;0.000;2.053;784.981;778.445;1076.410;32.907;70.324;0.000;57.438;263.528;5.668;788.37;777.165;1076.410;32.924;70.188;0.000;57.561;
26/08/26 09:25;0.000;0.000;4.128;785.329;772.279;1076.410;32.672;70.324;0.000;57.214;263.528;3.458;785.186;784.015;1076.410;33.076;70.188;0.000;57.613;
26/08/26 09:26;0.000;0.000;4.462;789.731;782.388;1076.410;32.935;70.324;0.000;57.614;263.528;3.69;790.523;778.63;1076.410;32.662;70.188;0.000;57.366;
26/08/26 09:27;0.000;0.000;3.196;794.061;792.068;1076.410;32.732;70.324;0.000;57.546;263.528;3.571;794.615;785.48;1076.410;32.823;70.188;0.000;57.655;
26/08/26 09:28;0.000;0.000;2.974;791.362;768.373;1076.410;32.681;70.324;0.000;57.411;263.528;3.838;786.387;781.979;1076.410;32.638;70.188;0.000;57.213;
26/08/26 09:29;0.000;0.000;2.353;811.319;786.174;1076.410;32.682;70.324;0.000;58.036;263.528;3.578;795.354;785.268;1076.410;32.692;70.188;0.000;57.547;
26/08/26 09:30;0.000;0.000;3.573;801.58;793.901;1076.410;32.919;70.324;0.000;57.968;263.528;5.316;826.499;787.13;1076.410;33.065;70.188;0.000;58.893;
26/08/26 09:31;0.000;0.000;5.903;793.758;798.729;1076.410;33.438;70.324;0.000;58.243;263.528;2.358;810.645;814.608;1076.410;32.761;70.188;0.000;58.094;
26/08/26 09:32;0.000;0.000;4.115;794.635;804.902;1076.410;33.056;70.324;0.000;57.888;263.528;4.248;779.674;802.702;1076.410;32.973;70.188;0.000;57.338;
26/08/26 09:33;0.000;0.000;2.637;811.054;795.081;1076.410;32.722;70.324;0.000;58.067;263.528;3.585;801.005;805.589;1076.410;33.106;70.188;0.000;58.137;
26/08/26 09:34;0.000;0.000;4.482;810.62;787.56;1076.410;32.819;70.324;0.000;58.151;263.528;4.843;829.507;787.883;1076.410;32.82;70.188;0.000;58.742;
26/08/26 09:35;0.000;0.000;3.438;805.898;816.522;1076.410;33.262;70.324;0.000;58.446;263.528;3.755;825.943;802.075;1076.410;32.913;70.188;0.000;58.724;
26/08/26 09:36;0.000;0.000;4.739;812.315;812.891;1076.410;32.93;70.324;0.000;58.315;263.528;5.536;814.045;812.926;1076.410;32.826;70.188;0.000;58.265;
26/08/26 09:37;0.000;0.000;5.834;810.081;806.496;1076.410;32.89;70.324;0.000;58.205;263.528;4.648;841.62;820.424;1076.410;32.733;70.188;0.000;59.034;
26/08/26 09:38;0.000;0.000;4.849;799.739;809.215;1076.410;32.728;70.324;0.000;57.72;263.528;4.783;818.891;815.669;1076.410;32.839;70.188;0.000;58.429;
26/08/26 09:39;0.000;0.000;6.536;826.903;810.001;1076.410;33.08;70.324;0.000;58.921;263.528;4.317;828.391;831.014;1076.410;33.024;70.188;0.000;58.911;
26/08/26 09:40;0.000;0.000;3.536;821.091;805.222;1076.410;33.283;70.324;0.000;58.942;263.528;4.942;821.458;840.733;1076.410;32.564;70.188;0.000;58.235;
26/08/26 09:41;0.000;0.000;4.294;809.003;834.206;1076.410;33.138;70.324;0.000;58.419;263.528;5.104;832.876;816.382;1076.410;32.999;70.188;0.000;59.026;
26/08/26 09:42;0.000;0.000;2.913;819.359;834.335;1076.410;33.05;70.324;0.000;58.655;263.528;4.791;825.097;820.831;1076.410;32.973;70.188;0.000;58.757;
26/08/26 09:43;0.000;0.000;5.764;839.735;822.389;1076.410;32.812;70.324;0.000;59.054;263.528;4.182;844.775;847.972;1076.410;32.756;70.188;0.000;59.155;
26/08/26 09:44;0.000;0.000;3.08;843.58;820.271;1076.410;32.948;70.324;0.000;59.31;263.528;4.517;837.584;818.725;1076.410;33.287;70.188;0.000;59.462;
26/08/26 09:45;0.000;0.000;3.442;844.529;870.228;1076.410;33.492;70.324;0.000;59.884;263.528;3.898;843.395;861.534;1076.410;33.107;70.188;0.000;59.463;
26/08/26 09:46;0.000;0.000;5.746;840.018;826.892;1076.410;33.216;70.324;0.000;59.467;263.528;3.907;856.861;841.138;1076.410;33.04;70.188;0.000;59.817;
26/08/26 09:47;0.000;0.000;3.844;829.048;837.237;1076.410;33.204;70.324;0.000;59.112;263.528;3.438;865.94;834.626;1076.410;33.244;70.188;0.000;60.305;
26/08/26 09:48;0.000;0.000;4.729;846.855;834.463;1076.410;33.175;70.324;0.000;59.639;263.528;3.697;840.624;845.447;1076.410;33.043;70.188;0.000;59.312;
26/08/26 09:49;0.000;0.000;3.858;842.914;824.85;1076.410;33.632;70.324;0.000;59.973;263.528;5.455;867.55;825.761;1076.410;33.352;70.188;0.000;60.463;
26/08/26 09:50;0.000;0.000;5.052;850.989;867.262;1076.410;33.52;70.324;0.000;60.113;263.528;3.448;863.86;852.337;1076.410;33.545;70.188;0.000;60.541;
26/08/26 09:51;0.000;0.000;4.147;867.998;865.451;1076.410;33.532;70.324;0.000;60.657;263.528;2.682;855.447;865.259;1076.410;33.193;70.188;0.000;59.926;
26/08/26 09:52;0.000;0.000;5.242;861.619;844.276;1076.410;33.423;70.324;0.000;60.349;263.528;4.444;855.961;851.12;1076.410;33.413;70.188;0.000;60.162;
26/08/26 09:53;0.000;0.000;7.233;856.743;868.9;1076.410;32.884;70.324;0.000;59.657;263.528;4.102;870.826;862.891;1076.410;33.441;70.188;0.000;60.654;
26/08/26 09:54;0.000;0.000;3.714;849.745;848.27;1076.410;33.209;70.324;0.000;59.764;263.528;4.004;851.326;871.541;1076.410;33.235;70.188;0.000;59.839;
26/08/26 09:55;0.000;0.000;5.586;883.641;877.086;1076.410;33.339;70.324;0.000;60.953;263.528;4.292;874.662;862.34;1076.410;33.015;70.188;0.000;60.348;
26/08/26 09:56;0.000;0.000;5.014;877.857;874.829;1076.410;33.403;70.324;0.000;60.836;263.528;4.661;873.02;870.664;1076.410;33.226;70.188;0.000;60.508;
26/08/26 09:57;0.000;0.000;5.346;861.005;844.012;1076.410;33.352;70.324;0.000;60.258;263.528;3.306;864.454;874.002;1076.410;33.273;70.188;0.000;60.287;
26/08/26 09:58;0.000;0.000;6.084;872.054;858.092;1076.410;33.628;70.324;0.000;60.88;263.528;4.851;869.641;896.826;1076.410;33.238;70.188;0.000;60.414;
26/08/26 09:59;0.000;0.000;5.632;885.886;891.371;1076.410;33.58;70.324;0.000;61.264;263.528;5.107;872.82;860.44;1076.410;33.475;70.188;0.000;60.751;
26/08/26 10:00;0.000;0.000;3.903;884.022;882.703;1076.410;32.863;70.324;0.000;60.489;263.528;4.651;886.034;865.505;1076.410;33.83;70.188;0.000;61.519;
26/08/26 10:01;0.000;0.000;2.459;870.951;870.032;1076.410;33.347;70.324;0.000;60.564;263.528;5.187;886.835;885.889;1076.410;33.275;70.188;0.000;60.989;
26/08/26 10:02;0.000;0.000;4.307;867.748;860.453;1076.410;33.74;70.324;0.000;60.857;263.528;3.976;868.067;874.07;1076.410;33.71;70.188;0.000;60.837;
26/08/26 10:03;0.000;0.000;4.759;896.792;852.111;1076.410;33.502;70.324;0.000;61.527;263.528;3.952;888.046;887.43;1076.410;33.583;70.188;0.000;61.334;
26/08/26 10:04;0.000;0.000;5.282;895.525;872.177;1076.410;33.357;70.324;0.000;61.342;263.528;4.729;886.928;891.348;1076.410;33.312;70.188;0.000;61.028;
26/08/26 10:05;0.000;0.000;6.163;888.759;890.954;1076.410;33.809;70.324;0.000;61.583;263.528;3.717;902.144;876.594;1076.410;33.596;70.188;0.000;61.788;
26/08/26 10:06;0.000;0.000;3.93;872.347;906.212;1076.410;33.81;70.324;0.000;61.071;263.528;3.255;910.374;890.666;1076.410;33.668;70.188;0.000;62.117;
26/08/26 10:07;0.000;0.000;4.469;863.869;875.119;1076.410;33.611;70.324;0.000;60.607;263.528;3.477;889.37;900.551;1076.410;33.595;70.188;0.000;61.388;
26/08/26 10:08;0.000;0.000;3.671;881.439;880.888;1076.410;33.622;70.324;0.000;61.167;263.528;4.833;904.95;906.641;1076.410;33.118;70.188;0.000;61.398;
26/08/26 10:09;0.000;0.000;3.868;910.354;886.87;1076.410;33.893;70.324;0.000;62.342;263.528;3.054;911.674;902.313;1076.410;33.34;70.188;0.000;61.83;
26/08/26 10:10;0.000;0.000;5.139;907.849;899.058;1076.410;33.708;70.324;0.000;62.078;263.528;3.316;914.507;910.566;1076.410;33.523;70.188;0.000;62.101;
26/08/26 10:11;0.000;0.000;5.217;899.819;903.077;1076.410;33.899;70.324;0.000;62.018;263.528;3.679;916.808;890.466;1076.410;33.5;70.188;0.000;62.15;
26/08/26 10:12;0.000;0.000;2.806;897.41;881.551;1076.410;33.917;70.324;0.000;61.961;263.528;5.365;908.812;909.941;1076.410;33.499;70.188;0.000;61.899;
26/08/26 10:13;0.000;0.000;4.543;922.259;898.979;1076.410;33.412;70.324;0.000;62.233;263.528;4.405;925.868;901.499;1076.410;33.918;70.188;0.000;62.851;
26/08/26 10:14;0.000;0.000;4.041;908.929;892.867;1076.410;33.422;70.324;0.000;61.826;263.528;4.765;925.671;913.675;1076.410;33.613;70.188;0.000;62.54;
26/08/26 10:15;0.000;0.000;5.781;908.205;896.915;1076.410;33.727;70.324;0.000;62.108;263.528;4.173;908.223;914.812;1076.410;33.739;70.188;0.000;62.121;
26/08/26 10:16;0.000;0.000;4.473;897.624;908.358;1076.410;33.551;70.324;0.000;61.602;263.528;3.813;928.159;920.27;1076.410;33.774;70.188;0.000;62.779;
26/08/26 10:17;0.000;0.000;5.443;916.428;896.662;1076.410;33.421;70.324;0.000;62.059;263.528;3.513;911.097;913.248;1076.410;33.898;70.188;0.000;62.37;
26/08/26 10:18;0.000;0.000;4.84;916.443;918.127;1076.410;33.846;70.324;0.000;62.485;263.528;2.794;937.938;911.534;1076.410;33.689;70.188;0.000;63.0;
26/08/26 10:19;0.000;0.000;2.906;910.329;903.976;1076.410;33.56;70.324;0.000;62.008;263.528;5.846;906.283;906.242;1076.410;33.592;70.188;0.000;61.913;
26/08/26 10:20;0.000;0.000;4.823;932.007;929.793;1076.410;33.555;70.324;0.000;62.68;263.528;3.812;930.708;902.504;1076.410;33.691;70.188;0.000;62.776;
26/08/26 10:21;0.000;0.000;4.862;929.638;907.673;1076.410;34.111;70.324;0.000;63.162;263.528;5.344;927.564;922.78;1076.410;33.903;70.188;0.000;62.889;
26/08/26 10:22;0.000;0.000;3.884;921.888;911.189;1076.410;33.719;70.324;0.000;62.528;263.528;5.22;941.173;924.22;1076.410;33.723;70.188;0.000;63.135;
26/08/26 10:23;0.000;0.000;3.91;927.534;914.064;1076.410;33.95;70.324;0.000;62.935;263.528;3.924;933.338;920.182;1076.410;33.685;70.188;0.000;62.852;
26/08/26 10:24;0.000;0.000;5.156;914.728;923.489;1076.410;33.876;70.324;0.000;62.461;263.528;4.148;918.235;931.308;1076.410;33.756;70.188;0.000;62.451;
26/08/26 10:25;0.000;0.000;4.377;939.708;910.184;1076.410;33.934;70.324;0.000;63.3;263.528;4.817;926.753;907.993;1076.410;33.839;70.188;0.000;62.8;
26/08/26 10:26;0.000;0.000;4.745;934.832;921.462;1076.410;33.973;70.324;0.000;63.186;263.528;2.586;939.43;937.917;1076.410;33.407;70.188;0.000;62.764;
26/08/26 10:27;0.000;0.000;3.535;929.666;937.46;1076.410;34.008;70.324;0.000;63.06;263.528;5.105;942.112;930.887;1076.410;33.561;70.188;0.000;63.002;
26/08/26 10:28;0.000;0.000;6.752;955.682;941.817;1076.410;33.848;70.324;0.000;63.713;263.528;5.192;940.252;924.055;1076.410;33.858;70.188;0.000;63.241;
26/08/26 10:29;0.000;0.000;3.974;943.103;916.516;1076.410;34.311;70.324;0.000;63.783;263.528;3.74;934.447;930.995;1076.410;33.591;70.188;0.000;62.792;
26/08/26 10:30;0.000;0.000;5.191;943.096;935.837;1076.410;34.039;70.324;0.000;63.511;263.528;5.189;926.757;932.24;1076.410;33.841;70.188;0.000;62.802;
26/08/26 10:31;0.000;0.000;4.79;931.682;922.635;1076.410;34.053;70.324;0.000;63.168;263.528;3.024;949.663;933.685;1076.410;33.812;70.188;0.000;63.489;
26/08/26 10:32;0.000;0.000;3.947;939.965;944.205;1076.410;33.872;70.324;0.000;63.246;263.528;2.753;942.026;919.388;1076.410;34.188;70.188;0.000;63.626;
26/08/26 10:33;0.000;0.000;5.18;943.377;948.491;1076.410;33.848;70.324;0.000;63.329;263.528;3.063;957.174;932.917;1076.410;34.167;70.188;0.000;64.079;
26/08/26 10:34;0.000;0.000;2.388;957.401;955.41;1076.410;33.889;70.324;0.000;63.808;263.528;3.43;954.034;943.968;1076.410;33.849;70.188;0.000;63.663;
26/08/26 10:35;0.000;0.000;3.16;942.54;934.762;1076.410;33.806;70.324;0.000;63.26;263.528;3.205;976.835;942.616;1076.410;34.097;70.188;0.000;64.623;
26/08/26 10:36;0.000;0.000;6.525;962.912;953.5;1076.410;34.293;70.324;0.000;64.384;263.528;3.396;927.364;934.389;1076.410;34.07;70.188;0.000;63.05;
26/08/26 10:37;0.000;0.000;3.175;971.189;943.543;1076.410;34.112;70.324;0.000;64.462;263.528;4.387;935.96;950.153;1076.410;33.75;70.188;0.000;62.999;
26/08/26 10:38;0.000;0.000;4.489;946.081;943.356;1076.410;34.056;70.324;0.000;63.621;263.528;3.933;947.011;958.21;1076.410;34.291;70.188;0.000;63.885;
26/08/26 10:39;0.000;0.000;4.744;943.627;954.407;1076.410;34.063;70.324;0.000;63.551;263.528;3.141;950.187;937.893;1076.410;33.949;70.188;0.000;63.642;
26/08/26 10:40;0.000;0.000;3.156;950.43;952.589;1076.410;33.962;70.324;0.000;63.663;263.528;4.435;961.527;942.999;1076.410;34.024;70.188;0.000;64.072;
26/08/26 10:41;0.000;0.000;3.043;951.132;963.485;1076.410;34.311;70.324;0.000;64.034;263.528;3.682;962.689;950.17;1076.410;34.124;70.188;0.000;64.208;
26/08/26 10:42;0.000;0.000;3.145;950.273;947.812;1076.410;34.089;70.324;0.000;63.785;263.528;4.168;962.266;936.97;1076.410;34.215;70.188;0.000;64.286;
26/08/26 10:43;0.000;0.000;4.977;956.61;953.892;1076.410;33.998;70.324;0.000;63.892;263.528;4.55;953.649;964.015;1076.410;33.919;70.188;0.000;63.721;
26/08/26 10:44;0.000;0.000;3.588;970.15;963.079;1076.410;33.952;70.324;0.000;64.269;263.528;3.671;967.356;968.921;1076.410;33.967;70.188;0.000;64.197;
26/08/26 10:45;0.000;0.000;2.077;965.923;952.707;1076.410;34.324;70.324;0.000;64.509;263.528;4.802;971.807;968.996;1076.410;33.972;70.188;0.000;64.341;
26/08/26 10:46;0.000;0.000;6.054;961.355;986.787;1076.410;34.131;70.324;0.000;64.173;263.528;4.956;980.823;962.323;1076.410;34.168;70.188;0.000;64.819;
26/08/26 10:47;0.000;0.000;3.251;978.898;939.237;1076.410;34.357;70.324;0.000;64.948;263.528;3.174;960.808;942.571;1076.410;34.185;70.188;0.000;64.21;
26/08/26 10:48;0.000;0.000;3.904;969.944;981.34;1076.410;34.15;70.324;0.000;64.461;263.528;2.591;976.147;957.963;1076.410;34.241;70.188;0.000;64.746;
26/08/26 10:49;0.000;0.000;4.11;979.606;966.612;1076.410;34.004;70.324;0.000;64.617;263.528;5.257;981.879;968.131;1076.410;34.039;70.188;0.000;64.723;
26/08/26 10:50;0.000;0.000;4.98;971.775;982.27;1076.410;34.285;70.324;0.000;64.653;263.528;5.86;971.095;956.267;1076.410;34.281;70.188;0.000;64.628;
26/08/26 10:51;0.000;0.000;3.424;979.829;966.328;1076.410;34.258;70.324;0.000;64.878;263.528;2.565;983.126;975.231;1076.410;34.06;70.188;0.000;64.783;
26/08/26 10:52;0.000;0.000;5.187;955.5;960.362;1076.410;34.196;70.324;0.000;64.055;263.528;6.4;977.624;982.78;1076.410;34.312;70.188;0.000;64.863;
26/08/26 10:53;0.000;0.000;5.257;985.297;974.383;1076.410;34.317;70.324;0.000;65.108;263.528;3.676;972.17;981.101;1076.410;34.24;70.188;0.000;64.62;
26/08/26 10:54;0.000;0.000;6.013;971.126;954.701;1076.410;34.321;70.324;0.000;64.669;263.528;4.53;976.684;973.608;1076.410;34.094;70.188;0.000;64.615;
26/08/26 10:55;0.000;0.000;3.679;963.201;970.623;1076.410;34.372;70.324;0.000;64.472;263.528;4.884;987.602;948.569;1076.410;34.294;70.188;0.000;65.157;
26/08/26 10:56;0.000;0.000;4.405;972.057;971.67;1076.410;34.334;70.324;0.000;64.711;263.528;3.139;989.297;989.661;1076.410;34.111;70.188;0.000;65.027;
26/08/26 10:57;0.000;0.000;3.901;956.797;988.445;1076.410;34.227;70.324;0.000;64.127;263.528;5.155;989.859;984.578;1076.410;34.54;70.188;0.000;65.473;
26/08/26 10:58;0.000;0.000;3.193;982.045;974.611;1076.410;34.048;70.324;0.000;64.737;263.528;5.984;985.4;983.292;1076.410;34.016;70.188;0.000;64.81;
26/08/26 10:59;0.000;0.000;5.162;1001.648;982.86;1076.410;34.511;70.324;0.000;65.812;263.528;4.496;992.392;979.377;1076.410;34.376;70.188;0.000;65.388;
26/08/26 11:00;0.000;0.000;2.765;971.529;963.234;1076.410;34.442;70.324;0.000;64.802;263.528;4.454;994.844;968.22;1076.410;34.39;70.188;0.000;65.479;
26/08/26 11:01;0.000;0.000;5.131;993.849;975.286;1076.410;34.404;70.324;0.000;65.462;263.528;2.777;990.788;989.561;1076.410;34.195;70.188;0.000;65.157;
26/08/26 11:02;0.000;0.000;4.175;990.588;964.512;1076.410;34.205;70.324;0.000;65.161;263.528;3.967;992.139;979.803;1076.410;34.43;70.188;0.000;65.434;
26/08/26 11:03;0.000;0.000;4.502;990.254;985.202;1076.410;34.398;70.324;0.000;65.343;263.528;4.11;983.222;997.105;1076.410;34.393;70.188;0.000;65.119;
26/08/26 11:04;0.000;0.000;3.88;980.219;997.584;1076.410;33.978;70.324;0.000;64.61;263.528;4.027;996.177;984.246;1076.410;33.98;70.188;0.000;65.111;
26/08/26 11:05;0.000;0.000;4.894;993.141;976.831;1076.410;34.274;70.324;0.000;65.31;263.528;5.13;1001.964;988.19;1076.410;34.455;70.188;0.000;65.766;
26/08/26 11:06;0.000;0.000;7.367;986.782;985.536;1076.410;34.098;70.324;0.000;64.935;263.528;4.164;995.239;995.208;1076.410;34.327;70.188;0.000;65.428;
26/08/26 11:07;0.000;0.000;3.339;997.232;979.461;1076.410;34.399;70.324;0.000;65.562;263.528;3.193;1014.408;994.27;1076.410;34.34;70.188;0.000;66.04;
26/08/26 11:08;0.000;0.000;3.574;994.302;984.999;1076.410;34.07;70.324;0.000;65.142;263.528;3.867;1003.995;995.487;1076.410;34.079;70.188;0.000;65.454;
26/08/26 11:09;0.000;0.000;4.751;996.199;1008.362;1076.410;34.282;70.324;0.000;65.413;263.528;3.44;995.234;1005.234;1076.410;34.392;70.188;0.000;65.493;
26/08/26 11:10;0.000;0.000;3.54;992.161;977.72;1076.410;34.294;70.324;0.000;65.299;263.528;2.423;988.544;985.806;1076.410;34.168;70.188;0.000;65.06;
26/08/26 11:11;0.000;0.000;7.239;987.15;994.423;1076.410;34.317;70.324;0.000;65.165;263.528;3.685;1004.988;1011.327;1076.410;33.785;70.188;0.000;65.191;
26/08/26 11:12;0.000;0.000;3.354;995.32;991.269;1076.410;34.398;70.324;0.000;65.502;263.528;4.528;1004.08;991.386;1076.410;34.163;70.188;0.000;65.54;
26/08/26 11:13;0.000;0.000;3.305;995.548;997.951;1076.410;34.623;70.324;0.000;65.734;263.528;4.708;991.236;984.722;1076.410;34.39;70.188;0.000;65.366;
26/08/26 11:14;0.000;0.000;4.896;992.142;998.65;1076.410;34.339;70.324;0.000;65.343;263.528;3.327;1007.716;1008.49;1076.410;34.209;70.188;0.000;65.7;
26/08/26 11:15;0.000;0.000;3.276;974.282;1005.012;1076.410;34.301;70.324;0.000;64.747;263.528;2.896;1012.92;978.578;1076.410;34.313;70.188;0.000;65.967;
26/08/26 11:16;0.000;0.000;4.77;992.875;994.039;1076.410;34.385;70.324;0.000;65.412;263.528;4.679;987.497;989.11;1076.410;34.585;70.188;0.000;65.444;
26/08/26 11:17;0.000;0.000;4.565;999.044;994.877;1076.410;34.417;70.324;0.000;65.637;263.528;3.327;1006.373;984.538;1076.410;34.638;70.188;0.000;66.087;
26/08/26 11:18;0.000;0.000;6.538;1006.045;996.534;1076.410;34.445;70.324;0.000;65.884;263.528;4.874;1010.276;1014.927;1076.410;34.559;70.188;0.000;66.13;
26/08/26 11:19;0.000;0.000;3.223;1009.477;1012.756;1076.410;34.175;70.324;0.000;65.721;263.528;4.683;1013.426;1012.744;1076.410;34.538;70.188;0.000;66.208;
26/08/26 11:20;0.000;0.000;3.212;989.239;1004.839;1076.410;34.575;70.324;0.000;65.489;263.528;4.245;1011.069;996.74;1076.410;34.631;70.188;0.000;66.227;
26/08/26 11:21;0.000;0.000;4.645;995.177;990.381;1076.410;34.329;70.324;0.000;65.428;263.528;3.794;1027.558;1013.551;1076.410;34.457;70.188;0.000;66.568;
26/08/26 11:22;0.000;0.000;3.223;1016.64;1013.972;1076.410;34.296;70.324;0.000;66.066;263.528;4.695;1030.884;993.24;1076.410;34.269;70.188;0.000;66.484;
26/08/26 11:23;0.000;0.000;4.087;1003.462;1021.127;1076.410;34.375;70.324;0.000;65.733;263.528;3.463;1017.057;1026.208;1076.410;34.278;70.188;0.000;66.061;
26/08/26 11:24;0.000;0.000;4.178;993.981;1003.299;1076.410;34.61;70.324;0.000;65.672;263.528;5.153;1025.408;1003.399;1076.410;33.957;70.188;0.000;66.001;
26/08/26 11:25;0.000;0.000;2.201;1015.665;1011.283;1076.410;34.422;70.324;0.000;66.162;263.528;5.476;1007.491;1007.934;1076.410;34.741;70.188;0.000;66.225;
26/08/26 11:26;0.000;0.000;4.804;1004.422;988.7;1076.410;34.644;70.324;0.000;66.032;263.528;3.786;1001.695;1013.816;1076.410;34.585;70.188;0.000;65.888;
26/08/26 11:27;0.000;0.000;4.661;1004.426;1008.917;1076.410;34.288;70.324;0.000;65.676;263.528;4.223;1004.544;1013.451;1076.410;34.403;70.188;0.000;65.795;
26/08/26 11:28;0.000;0.000;5.415;1034.971;1006.0;1076.410;34.429;70.324;0.000;66.772;263.528;1.353;1006.213;1000.11;1076.410;34.074;70.188;0.000;65.518;
26/08/26 11:29;0.000;0.000;5.84;1018.716;1022.03;1076.410;34.046;70.324;0.000;65.881;263.528;3.274;1007.618;1009.291;1076.410;34.684;70.188;0.000;66.172;
26/08/26 11:30;0.000;0.000;4.973;1008.95;1013.021;1076.410;34.155;70.324;0.000;65.685;263.528;3.98;1018.917;1006.176;1076.410;34.512;70.188;0.000;66.353;
26/08/26 11:31;0.000;0.000;2.423;987.397;1023.324;1076.410;34.182;70.324;0.000;65.038;263.528;3.277;1007.51;1011.299;1076.410;34.595;70.188;0.000;66.08;
26/08/26 11:32;0.000;0.000;3.82;1023.534;1012.809;1076.410;34.407;70.324;0.000;66.392;263.528;5.165;1015.073;1010.304;1076.410;34.227;70.188;0.000;65.948;
26/08/26 11:33;0.000;0.000;4.571;1002.615;1011.08;1076.410;34.649;70.324;0.000;65.981;263.528;3.82;1011.659;1003.179;1076.410;34.334;70.188;0.000;65.948;
26/08/26 11:34;0.000;0.000;4.427;1013.512;1015.355;1076.410;34.569;70.324;0.000;66.241;263.528;4.977;1034.099;1022.819;1076.410;34.315;70.188;0.000;66.631;
26/08/26 11:35;0.000;0.000;4.428;1003.568;1018.224;1076.410;34.356;70.324;0.000;65.718;263.528;5.96;1022.459;1004.136;1076.410;34.7;70.188;0.000;66.652;
26/08/26 11:36;0.000;0.000;4.411;1000.401;1024.769;1076.410;34.367;70.324;0.000;65.63;263.528;4.792;1039.548;1026.676;1076.410;34.63;70.188;0.000;67.116;
26/08/26 11:37;0.000;0.000;5.301;1008.826;1007.549;1076.410;34.449;70.324;0.000;65.975;263.528;4.094;1023.159;1012.854;1076.410;34.744;70.188;0.000;66.718;
26/08/26 11:38;0.000;0.000;5.071;1005.488;1002.523;1076.410;33.922;70.324;0.000;65.344;263.528;3.949;998.618;1017.003;1076.410;34.664;70.188;0.000;65.871;
26/08/26 11:39;0.000;0.000;3.924;1010.405;1007.705;1076.410;34.73;70.324;0.000;66.305;263.528;4.537;1008.144;1018.883;1076.410;34.664;70.188;0.000;66.168;
26/08/26 11:40;0.000;0.000;4.593;992.849;1000.315;1076.410;34.273;70.324;0.000;65.3;263.528;4.617;1006.592;994.92;1076.410;34.533;70.188;0.000;65.989;
26/08/26 11:41;0.000;0.000;3.886;1022.403;1009.569;1076.410;34.388;70.324;0.000;66.338;263.528;4.498;1039.97;1007.351;1076.410;34.331;70.188;0.000;66.83;
26/08/26 11:42;0.000;0.000;3.626;1021.194;1014.798;1076.410;34.397;70.324;0.000;66.309;263.528;4.865;1006.6;1028.667;1076.410;34.532;70.188;0.000;65.988;
26/08/26 11:43;0.000;0.000;3.756;993.219;998.596;1076.410;34.324;70.324;0.000;65.362;263.528;3.836;1018.41;998.625;1076.410;34.244;70.188;0.000;66.069;
26/08/26 11:44;0.000;0.000;4.382;1009.163;1015.229;1076.410;34.741;70.324;0.000;66.277;263.528;3.204;1024.688;1020.268;1076.410;34.152;70.188;0.000;66.174;
26/08/26 11:45;0.000;0.000;5.01;1008.637;1003.022;1076.410;34.288;70.324;0.000;65.808;263.528;4.341;1031.145;1005.269;1076.410;34.503;70.188;0.000;66.726;
26/08/26 11:46;0.000;0.000;5.359;1013.134;1017.195;1076.410;34.321;70.324;0.000;65.981;263.528;5.391;1022.928;1025.017;1076.410;34.534;70.188;0.000;66.5;
26/08/26 11:47;0.000;0.000;4.209;1021.877;1021.403;1076.410;34.58;70.324;0.000;66.514;263.528;4.452;1030.998;1013.661;1076.410;34.335;70.188;0.000;66.554;
26/08/26 11:48;0.000;0.000;3.764;1027.948;1004.229;1076.410;34.531;70.324;0.000;66.654;263.528;3.126;1020.14;1014.461;1076.410;34.232;70.188;0.000;66.111;
26/08/26 11:49;0.000;0.000;2.552;1023.235;1028.273;1076.410;34.618;70.324;0.000;66.594;263.528;4.982;1024.089;1001.725;1076.410;34.734;70.188;0.000;66.737;
26/08/26 11:50;0.000;0.000;3.907;1013.062;995.097;1076.410;34.578;70.324;0.000;66.236;263.528;4.457;1032.441;1022.762;1076.410;34.581;70.188;0.000;66.845;
26/08/26 11:51;0.000;0.000;4.975;1020.659;1013.201;1076.410;34.649;70.324;0.000;66.545;263.528;4.16;1021.059;1030.671;1076.410;34.308;70.188;0.000;66.216;
26/08/26 11:52;0.000;0.000;3.87;1017.085;1031.205;1076.410;34.541;70.324;0.000;66.325;263.528;4.376;1029.126;1007.458;1076.410;34.15;70.188;0.000;66.31;
26/08/26 11:53;0.000;0.000;3.23;1037.582;1021.73;1076.410;34.503;70.324;0.000;66.927;263.528;4.458;992.828;1020.827;1076.410;34.814;70.188;0.000;65.84;
26/08/26 11:54;0.000;0.000;3.349;1024.37;996.699;1076.410;34.453;70.324;0.000;66.465;263.528;5.373;1019.141;1020.538;1076.410;34.701;70.188;0.000;66.549;
26/08/26 11:55;0.000;0.000;3.547;1033.92;1013.649;1076.410;34.859;70.324;0.000;67.169;263.528;4.643;1015.225;1012.305;1076.410;34.326;70.188;0.000;66.052;
26/08/26 11:56;0.000;0.000;4.121;1017.777;1021.385;1076.410;34.465;70.324;0.000;66.271;263.528;3.784;1042.547;1014.948;1076.410;34.276;70.188;0.000;66.856;
26/08/26 11:57;0.000;0.000;4.804;1033.09;1014.341;1076.410;34.379;70.324;0.000;66.663;263.528;3.964;1022.881;1011.008;1076.410;34.114;70.188;0.000;66.079;
26/08/26 11:58;0.000;0.000;6.611;1023.367;1018.564;1076.410;34.713;70.324;0.000;66.693;263.528;4.368;1030.1;1022.791;1076.410;34.362;70.188;0.000;66.553;
26/08/26 11:59;0.000;0.000;4.831;1027.374;1011.245;1076.410;34.298;70.324;0.000;66.403;263.528;1.459;1005.784;1023.306;1076.410;34.773;70.188;0.000;66.204;
26/08/26 12:00;0.000;0.000;4.994;1040.567;1014.826;1076.410;34.213;70.324;0.000;66.731;263.528;4.525;1023.599;1020.308;1076.410;34.382;70.188;0.000;66.369;
26/08/26 12:01;0.000;0.000;4.814;1028.784;991.524;1076.410;34.407;70.324;0.000;66.556;263.528;3.748;1022.459;1004.102;1076.410;34.412;70.188;0.000;66.364;
26/08/26 12:02;0.000;0.000;3.81;1022.613;998.898;1076.410;34.4;70.324;0.000;66.357;263.528;3.687;1024.133;1039.603;1076.410;34.394;70.188;0.000;66.398;
26/08/26 12:03;0.000;0.000;5.018;1019.585;1012.46;1076.410;34.541;70.324;0.000;66.403;263.528;3.744;1018.855;1021.621;1076.410;34.724;70.188;0.000;66.563;
26/08/26 12:04;0.000;0.000;4.618;998.099;1001.443;1076.410;34.641;70.324;0.000;65.832;263.528;2.351;1007.956;1011.574;1076.410;34.426;70.188;0.000;65.925;
26/08/26 12:05;0.000;0.000;5.708;1043.44;1027.89;1076.410;34.375;70.324;0.000;66.982;263.528;4.467;1022.453;1023.131;1076.410;34.655;70.188;0.000;66.607;
26/08/26 12:06;0.000;0.000;3.911;1018.148;990.395;1076.410;34.662;70.324;0.000;66.479;263.528;3.761;1020.041;1000.058;1076.410;34.868;70.188;0.000;66.744;
26/08/26 12:07;0.000;0.000;3.34;1001.254;1019.484;1076.410;34.457;70.324;0.000;65.746;263.528;3.975;1039.303;1015.718;1076.410;34.898;70.188;0.000;67.376;
26/08/26 12:08;0.000;0.000;4.743;1020.294;1033.946;1076.410;34.568;70.324;0.000;66.452;263.528;3.084;1023.661;1013.636;1076.410;34.632;70.188;0.000;66.621;
26/08/26 12:09;0.000;0.000;4.183;1010.005;1013.894;1076.410;34.611;70.324;0.000;66.174;263.528;4.838;1021.118;1018.649;1076.410;34.379;70.188;0.000;66.289;
26/08/26 12:10;0.000;0.000;4.12;1035.157;1015.299;1076.410;34.554;70.324;0.000;66.903;263.528;3.863;1029.374;1021.579;1076.410;34.711;70.188;0.000;66.879;
26/08/26 12:11;0.000;0.000;3.958;1032.394;987.77;1076.410;34.356;70.324;0.000;66.618;263.528;4.549;1043.96;1030.769;1076.410;34.563;70.188;0.000;67.187;
26/08/26 12:12;0.000;0.000;5.851;1037.344;1009.198;1076.410;34.676;70.324;0.000;67.093;263.528;3.407;1030.119;1015.338;1076.410;34.47;70.188;0.000;66.661;
26/08/26 12:13;0.000;0.000;3.454;1031.704;1026.356;1076.410;34.707;70.324;0.000;66.948;263.528;4.221;1022.19;1026.911;1076.410;34.552;70.188;0.000;66.495;
26/08/26 12:14;0.000;0.000;3.863;1013.934;1031.986;1076.410;34.235;70.324;0.000;65.92;263.528;4.037;1019.157;1011.252;1076.410;34.52;70.188;0.000;66.369;
26/08/26 12:15;0.000;0.000;2.909;1028.704;1004.897;1076.410;34.643;70.324;0.000;66.79;263.528;4.445;1017.63;1013.68;1076.410;35.024;70.188;0.000;66.825;
26/08/26 12:16;0.000;0.000;6.133;1005.8;1031.61;1076.410;34.677;70.324;0.000;66.108;263.528;3.67;1016.75;1015.896;1076.410;34.192;70.188;0.000;65.965;
26/08/26 12:17;0.000;0.000;4.137;1029.433;1013.706;1076.410;34.457;70.324;0.000;66.627;263.528;4.501;1028.484;997.366;1076.410;34.444;70.188;0.000;66.584;
26/08/26 12:18;0.000;0.000;4.75;1025.523;1025.368;1076.410;34.806;70.324;0.000;66.854;263.528;4.378;1042.26;1021.127;1076.410;34.286;70.188;0.000;66.857;
26/08/26 12:19;0.000;0.000;4.636;1019.153;1002.488;1076.410;34.629;70.324;0.000;66.478;263.528;3.593;1016.443;1025.818;1076.410;34.325;70.188;0.000;66.089;
26/08/26 12:20;0.000;0.000;3.505;1017.222;1034.669;1076.410;34.505;70.324;0.000;66.293;263.528;5.707;1018.914;1001.216;1076.410;34.443;70.188;0.000;66.284;
26/08/26 12:21;0.000;0.000;3.148;1023.087;1018.314;1076.410;34.438;70.324;0.000;66.409;263.528;4.731;1021.044;1014.237;1076.410;34.945;70.188;0.000;66.853;
26/08/26 12:22;0.000;0.000;3.607;1002.719;1021.926;1076.410;34.773;70.324;0.000;66.108;263.528;4.344;1028.081;1030.063;1076.410;34.569;70.188;0.000;66.697;
26/08/26 12:23;0.000;0.000;4.129;1011.923;998.711;1076.410;34.369;70.324;0.000;65.992;263.528;4.528;1021.019;1012.102;1076.410;34.54;70.188;0.000;66.447;
26/08/26 12:24;0.000;0.000;6.34;1028.097;1019.709;1076.410;33.98;70.324;0.000;66.108;263.528;4.169;1019.358;1013.995;1076.410;34.291;70.188;0.000;66.146;
26/08/26 12:25;0.000;0.000;5.326;1005.635;1012.535;1076.410;34.521;70.324;0.000;65.947;263.528;4.217;1017.042;997.946;1076.410;34.577;70.188;0.000;66.36;
26/08/26 12:26;0.000;0.000;2.845;1013.603;999.428;1076.410;34.634;70.324;0.000;66.309;263.528;3.554;1018.11;993.728;1076.410;34.535;70.188;0.000;66.351;
26/08/26 12:27;0.000;0.000;5.84;1013.557;1022.289;1076.410;34.572;70.324;0.000;66.246;263.528;4.545;1021.117;1017.593;1076.410;34.317;70.188;0.000;66.227;
26/08/26 12:28;0.000;0.000;5.774;1016.264;1000.286;1076.410;34.558;70.324;0.000;66.316;263.528;4.107;1005.73;1018.643;1076.410;34.562;70.188;0.000;65.991;
26/08/26 12:29;0.000;0.000;4.82;1015.223;994.727;1076.410;34.557;70.324;0.000;66.283;263.528;4.154;1017.767;1017.899;1076.410;34.378;70.188;0.000;66.183;
26/08/26 12:30;0.000;0.000;4.95;1018.719;1003.102;1076.410;34.49;70.324;0.000;66.325;263.528;5.031;1026.169;1003.673;1076.410;34.583;70.188;0.000;66.651;
26/08/26 12:31;0.000;0.000;4.318;1013.904;988.943;1076.410;34.042;70.324;0.000;65.726;263.528;3.523;1026.574;1014.102;1076.410;34.564;70.188;0.000;66.644;
26/08/26 12:32;0.000;0.000;3.983;1010.595;997.143;1076.410;34.235;70.324;0.000;65.816;263.528;4.246;1011.621;1004.159;1076.410;34.558;70.188;0.000;66.171;
26/08/26 12:33;0.000;0.000;4.364;995.192;987.542;1076.410;34.372;70.324;0.000;65.472;263.528;5.026;1021.098;991.622;1076.410;34.413;70.188;0.000;66.322;
26/08/26 12:34;0.000;0.000;4.795;996.797;1012.831;1076.410;34.281;70.324;0.000;65.431;263.528;3.845;996.448;1013.747;1076.410;34.437;70.188;0.000;65.576;
26/08/26 12:35;0.000;0.000;3.69;1015.675;1018.104;1076.410;34.285;70.324;0.000;66.025;263.528;5.452;1016.466;1015.552;1076.410;34.578;70.188;0.000;66.343;
26/08/26 12:36;0.000;0.000;4.947;998.952;1002.363;1076.410;34.411;70.324;0.000;65.628;263.528;4.111;1002.568;1012.927;1076.410;34.733;70.188;0.000;66.063;
26/08/26 12:37;0.000;0.000;5.462;1016.897;999.713;1076.410;34.207;70.324;0.000;65.985;263.528;4.615;1003.615;1010.405;1076.410;34.621;70.188;0.000;65.984;
26/08/26 12:38;0.000;0.000;4.717;997.776;999.438;1076.410;34.213;70.324;0.000;65.394;263.528;4.005;992.613;1000.581;1076.410;34.442;70.188;0.000;65.461;
26/08/26 12:39;0.000;0.000;3.69;1011.021;1010.799;1076.410;34.663;70.324;0.000;66.257;263.528;5.198;1009.545;1006.322;1076.410;33.973;70.188;0.000;65.521;
26/08/26 12:40;0.000;0.000;4.904;1009.651;1008.041;1076.410;34.38;70.324;0.000;65.932;263.528;4.322;989.236;994.862;1076.410;34.751;70.188;0.000;65.665;
26/08/26 12:41;0.000;0.000;3.795;995.036;997.713;1076.410;34.248;70.324;0.000;65.343;263.528;4.829;1005.087;990.589;1076.410;34.526;70.188;0.000;65.935;
26/08/26 12:42;0.000;0.000;3.755;1015.316;1008.077;1076.410;34.186;70.324;0.000;65.915;263.528;4.725;1005.0;1010.651;1076.410;34.068;70.188;0.000;65.474;
26/08/26 12:43;0.000;0.000;3.357;1017.496;999.587;1076.410;34.284;70.324;0.000;66.081;263.528;4.132;1021.741;1013.782;1076.410;34.564;70.188;0.000;66.493;
26/08/26 12:44;0.000;0.000;5.073;1010.115;996.579;1076.410;34.557;70.324;0.000;66.123;263.528;4.464;1007.169;1003.426;1076.410;34.324;70.188;0.000;65.798;
26/08/26 12:45;0.000;0.000;5.514;1004.659;981.033;1076.410;34.171;70.324;0.000;65.567;263.528;3.58;1004.052;985.561;1076.410;34.286;70.188;0.000;65.663;
26/08/26 12:46;0.000;0.000;6.65;989.081;1001.326;1076.410;34.353;70.324;0.000;65.262;263.528;4.605;992.92;995.158;1076.410;34.301;70.188;0.000;65.33;
26/08/26 12:47;0.000;0.000;3.408;1005.096;1005.768;1076.410;34.212;70.324;0.000;65.621;263.528;2.37;998.352;1003.062;1076.410;34.393;70.188;0.000;65.592;
26/08/26 12:48;0.000;0.000;3.494;992.881;994.274;1076.410;34.504;70.324;0.000;65.532;263.528;5.208;1019.277;987.413;1076.410;34.327;70.188;0.000;66.179;
26/08/26 12:49;0.000;0.000;4.269;1022.494;976.211;1076.410;34.428;70.324;0.000;66.381;263.528;4.796;999.567;987.651;1076.410;34.053;70.188;0.000;65.289;
26/08/26 12:50;0.000;0.000;4.562;992.925;1005.83;1076.410;34.199;70.324;0.000;65.228;263.528;3.941;1011.948;989.894;1076.410;34.07;70.188;0.000;65.693;
26/08/26 12:51;0.000;0.000;5.77;994.331;994.329;1076.410;34.077;70.324;0.000;65.15;263.528;2.96;979.311;993.379;1076.410;34.477;70.188;0.000;65.08;
26/08/26 12:52;0.000;0.000;3.89;983.125;988.426;1076.410;34.272;70.324;0.000;64.995;263.528;3.907;1002.986;1013.881;1076.410;34.434;70.188;0.000;65.777;
26/08/26 12:53;0.000;0.000;4.817;994.092;1017.098;1076.410;34.122;70.324;0.000;65.187;263.528;4.769;983.436;977.603;1076.410;34.199;70.188;0.000;64.931;
26/08/26 12:54;0.000;0.000;6.406;988.327;980.194;1076.410;34.032;70.324;0.000;64.917;263.528;4.896;989.79;1002.22;1076.410;34.471;70.188;0.000;65.402;
26/08/26 12:55;0.000;0.000;4.769;988.676;995.571;1076.410;34.194;70.324;0.000;65.09;263.528;2.99;991.382;992.13;1076.410;34.1;70.188;0.000;65.081;
26/08/26 12:56;0.000;0.000;3.645;971.812;982.55;1076.410;34.556;70.324;0.000;64.925;263.528;6.685;995.818;998.733;1076.410;34.66;70.188;0.000;65.779;
26/08/26 12:57;0.000;0.000;5.215;972.048;975.977;1076.410;34.3;70.324;0.000;64.677;263.528;4.505;982.138;977.306;1076.410;34.023;70.188;0.000;64.715;
26/08/26 12:58;0.000;0.000;3.118;972.999;971.35;1076.410;34.352;70.324;0.000;64.758;263.528;3.972;992.711;970.296;1076.410;34.143;70.188;0.000;65.165;
26/08/26 12:59;0.000;0.000;5.701;979.44;969.833;1076.410;34.128;70.324;0.000;64.736;263.528;4.146;990.57;997.272;1076.410;34.32;70.188;0.000;65.275;
26/08/26 13:00;0.000;0.000;5.387;981.918;964.152;1076.410;34.46;70.324;0.000;65.145;263.528;4.404;993.868;962.254;1076.410;34.058;70.188;0.000;65.116;
26/08/26 13:01;0.000;0.000;4.252;985.847;969.581;1076.410;34.255;70.324;0.000;65.063;263.528;3.575;967.493;985.283;1076.410;34.06;70.188;0.000;64.294;
26/08/26 13:02;0.000;0.000;4.476;969.342;997.515;1076.410;34.273;70.324;0.000;64.565;263.528;2.643;978.857;981.031;1076.410;34.241;70.188;0.000;64.83;
26/08/26 13:03;0.000;0.000;3.569;970.583;965.038;1076.410;34.477;70.324;0.000;64.808;263.528;4.463;982.328;969.312;1076.410;34.424;70.188;0.000;65.122;
26/08/26 13:04;0.000;0.000;5.854;981.838;983.912;1076.410;34.12;70.324;0.000;64.802;263.528;4.706;992.998;966.667;1076.410;33.877;70.188;0.000;64.908;
26/08/26 13:05;0.000;0.000;5.22;988.626;991.302;1076.410;33.92;70.324;0.000;64.815;263.528;4.552;985.238;969.631;1076.410;34.323;70.188;0.000;65.112;
26/08/26 13:06;0.000;0.000;4.767;960.452;968.584;1076.410;33.841;70.324;0.000;63.855;263.528;4.317;961.386;973.146;1076.410;34.389;70.188;0.000;64.432;
26/08/26 13:07;0.000;0.000;4.689;994.918;962.492;1076.410;34.174;70.324;0.000;65.265;263.528;3.538;979.627;967.92;1076.410;34.21;70.188;0.000;64.823;
26/08/26 13:08;0.000;0.000;6.241;969.284;957.576;1076.410;34.143;70.324;0.000;64.433;263.528;3.664;974.811;992.851;1076.410;34.154;70.188;0.000;64.617;
26/08/26 13:09;0.000;0.000;4.856;971.94;970.327;1076.410;34.169;70.324;0.000;64.542;263.528;4.908;971.581;967.33;1076.410;34.26;70.188;0.000;64.622;
26/08/26 13:10;0.000;0.000;4.06;963.502;965.34;1076.410;34.222;70.324;0.000;64.331;263.528;4.434;970.79;977.401;1076.410;34.074;70.188;0.000;64.411;
26/08/26 13:11;0.000;0.000;3.298;977.681;964.323;1076.410;34.493;70.324;0.000;65.046;263.528;4.512;978.646;973.643;1076.410;34.257;70.188;0.000;64.84;
26/08/26 13:12;0.000;0.000;4.501;963.793;975.246;1076.410;33.739;70.324;0.000;63.858;263.528;2.796;981.696;985.637;1076.410;33.98;70.188;0.000;64.658;
26/08/26 13:13;0.000;0.000;3.941;952.215;962.209;1076.410;34.302;70.324;0.000;64.059;263.528;4.409;975.916;963.492;1076.410;33.765;70.188;0.000;64.262;
26/08/26 13:14;0.000;0.000;5.715;959.505;959.347;1076.410;33.851;70.324;0.000;63.836;263.528;4.165;968.84;951.745;1076.410;33.894;70.188;0.000;64.17;
26/08/26 13:15;0.000;0.000;4.268;973.344;937.162;1076.410;33.674;70.324;0.000;64.091;263.528;3.521;965.105;966.605;1076.410;33.899;70.188;0.000;64.059;
26/08/26 13:16;0.000;0.000;4.256;955.228;960.423;1076.410;34.124;70.324;0.000;63.975;263.528;3.858;961.013;973.889;1076.410;34.209;70.188;0.000;64.241;
26/08/26 13:17;0.000;0.000;3.462;956.316;958.529;1076.410;34.216;70.324;0.000;64.101;263.528;2.749;953.723;967.102;1076.410;34.196;70.188;0.000;64.0;
26/08/26 13:18;0.000;0.000;4.742;972.241;966.967;1076.410;33.85;70.324;0.000;64.233;263.528;4.75;963.04;936.8;1076.410;34.556;70.188;0.000;64.651;
26/08/26 13:19;0.000;0.000;3.712;964.914;967.801;1076.410;34.285;70.324;0.000;64.439;263.528;3.535;942.589;968.357;1076.410;33.708;70.188;0.000;63.164;
26/08/26 13:20;0.000;0.000;3.587;956.053;944.106;1076.410;33.689;70.324;0.000;63.566;263.528;4.44;958.861;961.255;1076.410;34.141;70.188;0.000;64.105;
26/08/26 13:21;0.000;0.000;3.304;957.726;953.633;1076.410;34.137;70.324;0.000;64.066;263.528;4.712;956.854;957.308;1076.410;33.832;70.188;0.000;63.734;
26/08/26 13:22;0.000;0.000;4.828;948.578;948.019;1076.410;33.902;70.324;0.000;63.545;263.528;4.849;961.759;971.723;1076.410;34.002;70.188;0.000;64.057;
26/08/26 13:23;0.000;0.000;5.362;961.483;943.848;1076.410;34.184;70.324;0.000;64.23;263.528;4.924;965.178;938.732;1076.410;33.946;70.188;0.000;64.108;
26/08/26 13:24;0.000;0.000;3.709;944.049;943.724;1076.410;33.761;70.324;0.000;63.263;263.528;5.083;946.2;936.095;1076.410;33.71;70.188;0.000;63.279;
26/08/26 13:25;0.000;0.000;3.533;930.785;945.854;1076.410;34.308;70.324;0.000;63.395;263.528;3.527;938.562;940.245;1076.410;33.874;70.188;0.000;63.204;
26/08/26 13:26;0.000;0.000;4.931;966.852;935.451;1076.410;33.895;70.324;0.000;64.109;263.528;4.566;945.096;935.544;1076.410;34.132;70.188;0.000;63.666;
26/08/26 13:27;0.000;0.000;3.713;944.962;945.944;1076.410;33.729;70.324;0.000;63.259;263.528;4.243;938.993;943.199;1076.410;34.38;70.188;0.000;63.724;
26/08/26 13:28;0.000;0.000;4.74;963.001;921.726;1076.410;33.697;70.324;0.000;63.791;263.528;3.982;954.784;955.526;1076.410;33.886;70.188;0.000;63.723;
26/08/26 13:29;0.000;0.000;5.566;937.845;926.947;1076.410;34.31;70.324;0.000;63.618;263.528;4.571;952.375;935.713;1076.410;33.657;70.188;0.000;63.419;
26/08/26 13:30;0.000;0.000;4.632;938.573;933.379;1076.410;34.105;70.324;0.000;63.435;263.528;4.608;953.96;936.453;1076.410;33.939;70.188;0.000;63.75;
26/08/26 13:31;0.000;0.000;3.747;954.068;921.789;1076.410;34.076;70.324;0.000;63.891;263.528;4.77;947.859;928.251;1076.410;33.705;70.188;0.000;63.326;
26/08/26 13:32;0.000;0.000;4.774;936.379;942.364;1076.410;33.835;70.324;0.000;63.097;263.528;3.37;943.427;935.688;1076.410;34.032;70.188;0.000;63.514;
26/08/26 13:33;0.000;0.000;3.994;943.516;934.299;1076.410;34.135;70.324;0.000;63.62;263.528;6.134;931.604;921.276;1076.410;33.734;70.188;0.000;62.847;
26/08/26 13:34;0.000;0.000;5.141;932.052;903.817;1076.410;33.915;70.324;0.000;63.042;263.528;4.647;934.274;922.524;1076.410;33.803;70.188;0.000;62.999;
26/08/26 13:35;0.000;0.000;5.177;909.561;914.934;1076.410;33.88;70.324;0.000;62.304;263.528;6.226;946.783;927.675;1076.410;33.588;70.188;0.000;63.175;
26/08/26 13:36;0.000;0.000;4.272;927.902;935.959;1076.410;33.647;70.324;0.000;62.644;263.528;5.92;915.388;929.256;1076.410;33.662;70.188;0.000;62.268;
26/08/26 13:37;0.000;0.000;5.867;916.053;925.798;1076.410;33.591;70.324;0.000;62.218;263.528;3.895;938.078;929.611;1076.410;33.832;70.188;0.000;63.147;
26/08/26 13:38;0.000;0.000;5.472;906.754;928.301;1076.410;33.951;70.324;0.000;62.287;263.528;4.447;921.188;939.961;1076.410;33.946;70.188;0.000;62.733;
26/08/26 13:39;0.000;0.000;5.102;931.582;914.83;1076.410;33.568;70.324;0.000;62.68;263.528;4.813;935.102;918.48;1076.410;33.415;70.188;0.000;62.637;
26/08/26 13:40;0.000;0.000;3.618;909.841;910.296;1076.410;33.632;70.324;0.000;62.065;263.528;3.502;937.372;908.366;1076.410;34.035;70.188;0.000;63.328;
26/08/26 13:41;0.000;0.000;2.206;906.931;917.097;1076.410;33.626;70.324;0.000;61.968;263.528;4.172;914.285;936.474;1076.410;33.972;70.188;0.000;62.543;
26/08/26 13:42;0.000;0.000;4.385;911.289;904.786;1076.410;33.747;70.324;0.000;62.225;263.528;5.258;908.626;909.96;1076.410;33.643;70.188;0.000;62.038;
26/08/26 13:43;0.000;0.000;5.694;916.659;895.207;1076.410;33.615;70.324;0.000;62.261;263.528;4.343;903.501;908.81;1076.410;33.676;70.188;0.000;61.91;
26/08/26 13:44;0.000;0.000;4.086;896.221;904.7;1076.410;33.818;70.324;0.000;61.825;263.528;2.363;907.06;916.857;1076.410;33.741;70.188;0.000;62.087;
26/08/26 13:45;0.000;0.000;5.593;899.887;923.745;1076.410;33.855;70.324;0.000;61.976;263.528;4.608;915.145;901.452;1076.410;33.409;70.188;0.000;62.007;
26/08/26 13:46;0.000;0.000;5.182;912.554;909.501;1076.410;33.642;70.324;0.000;62.159;263.528;4.288;922.231;904.662;1076.410;33.69;70.188;0.000;62.51;
26/08/26 13:47;0.000;0.000;2.921;925.441;905.777;1076.410;34.042;70.324;0.000;62.962;263.528;4.259;922.169;910.861;1076.410;33.408;70.188;0.000;62.226;
26/08/26 13:48;0.000;0.000;3.895;901.21;887.696;1076.410;33.6;70.324;0.000;61.763;263.528;3.628;892.676;889.916;1076.410;33.77;70.188;0.000;61.666;
26/08/26 13:49;0.000;0.000;2.399;882.298;917.888;1076.410;33.51;70.324;0.000;61.082;263.528;3.8;902.589;899.185;1076.410;33.582;70.188;0.000;61.788;
26/08/26 13:50;0.000;0.000;2.94;889.923;912.622;1076.410;33.54;70.324;0.000;61.35;263.528;4.599;908.312;904.995;1076.410;33.616;70.188;0.000;62.001;
26/08/26 13:51;0.000;0.000;4.797;901.037;908.078;1076.410;33.587;70.324;0.000;61.744;263.528;3.802;897.508;888.162;1076.410;33.81;70.188;0.000;61.857;
26/08/26 13:52;0.000;0.000;6.088;896.774;878.486;1076.410;33.554;70.324;0.000;61.578;263.528;3.655;900.508;914.997;1076.410;33.69;70.188;0.000;61.831;
26/08/26 13:53;0.000;0.000;4.125;906.793;876.795;1076.410;33.687;70.324;0.000;62.024;263.528;2.755;906.08;895.061;1076.410;33.53;70.188;0.000;61.845;
26/08/26 13:54;0.000;0.000;5.148;888.736;882.761;1076.410;33.358;70.324;0.000;61.131;263.528;6.141;894.091;880.418;1076.410;33.721;70.188;0.000;61.661;
26/08/26 13:55;0.000;0.000;4.439;868.033;879.601;1076.410;33.523;70.324;0.000;60.649;263.528;4.164;908.808;886.094;1076.410;33.593;70.188;0.000;61.993;
26/08/26 13:56;0.000;0.000;5.337;882.371;900.076;1076.410;33.402;70.324;0.000;60.976;263.528;4.657;901.281;887.735;1076.410;33.346;70.188;0.000;61.511;
26/08/26 13:57;0.000;0.000;4.158;891.105;871.867;1076.410;33.498;70.324;0.000;61.345;263.528;3.264;895.604;896.347;1076.410;33.686;70.188;0.000;61.674;
26/08/26 13:58;0.000;0.000;5.023;892.354;895.14;1076.410;33.487;70.324;0.000;61.373;263.528;4.007;864.626;887.487;1076.410;33.531;70.188;0.000;60.551;
26/08/26 13:59;0.000;0.000;3.708;898.432;860.672;1076.410;33.171;70.324;0.000;61.247;263.528;3.454;879.615;874.02;1076.410;33.461;70.188;0.000;60.949;
26/08/26 14:00;0.000;0.000;4.013;888.658;889.739;1076.410;33.763;70.324;0.000;61.534;263.528;3.856;881.239;879.264;1076.410;33.561;70.188;0.000;61.1;
26/08/26 14:01;0.000;0.000;3.551;861.858;855.1;1076.410;33.211;70.324;0.000;60.144;263.528;4.723;883.828;885.391;1076.410;33.707;70.188;0.000;61.327;
26/08/26 14:02;0.000;0.000;3.998;872.22;862.946;1076.410;33.434;70.324;0.000;60.691;263.528;3.842;874.796;875.003;1076.410;33.495;70.188;0.000;60.832;
26/08/26 14:03;0.000;0.000;5.178;879.857;855.034;1076.410;33.058;70.324;0.000;60.554;263.528;4.111;891.393;873.506;1076.410;33.332;70.188;0.000;61.188;
26/08/26 14:04;0.000;0.000;2.944;882.908;864.643;1076.410;33.499;70.324;0.000;61.09;263.528;3.514;861.62;872.952;1076.410;33.56;70.188;0.000;60.486;
26/08/26 14:05;0.000;0.000;4.858;871.682;865.621;1076.410;33.053;70.324;0.000;60.293;263.528;4.649;868.744;855.884;1076.410;33.514;70.188;0.000;60.662;
26/08/26 14:06;0.000;0.000;4.078;861.351;866.041;1076.410;33.095;70.324;0.000;60.012;263.528;4.73;865.981;876.839;1076.410;33.068;70.188;0.000;60.13;
26/08/26 14:07;0.000;0.000;5.501;849.144;859.603;1076.410;33.536;70.324;0.000;60.072;263.528;5.967;872.572;853.084;1076.410;33.299;70.188;0.000;60.567;
26/08/26 14:08;0.000;0.000;4.489;847.961;838.201;1076.410;33.82;70.324;0.000;60.319;263.528;3.966;864.017;854.336;1076.410;33.673;70.188;0.000;60.674;
26/08/26 14:09;0.000;0.000;5.378;858.657;843.384;1076.410;33.825;70.324;0.000;60.658;263.528;3.817;873.773;852.227;1076.410;33.339;70.188;0.000;60.644;
26/08/26 14:10;0.000;0.000;3.313;839.767;852.589;1076.410;33.602;70.324;0.000;59.845;263.528;4.97;835.736;836.816;1076.410;32.924;70.188;0.000;59.041;
26/08/26 14:11;0.000;0.000;4.158;856.124;834.836;1076.410;33.453;70.324;0.000;60.207;263.528;4.539;847.526;866.798;1076.410;33.407;70.188;0.000;59.892;
26/08/26 14:12;0.000;0.000;5.112;850.181;848.468;1076.410;32.911;70.324;0.000;59.479;263.528;3.094;850.876;846.673;1076.410;33.4;70.188;0.000;59.99;
26/08/26 14:13;0.000;0.000;4.107;838.393;834.411;1076.410;33.143;70.324;0.000;59.343;263.528;4.843;863.36;843.133;1076.410;32.85;70.188;0.000;59.83;
26/08/26 14:14;0.000;0.000;5.133;847.78;816.661;1076.410;33.234;70.324;0.000;59.727;263.528;2.804;824.359;829.348;1076.410;32.869;70.188;0.000;58.63;
26/08/26 14:15;0.000;0.000;3.731;837.991;845.06;1076.410;33.148;70.324;0.000;59.335;263.528;4.503;842.556;821.5;1076.410;33.014;70.188;0.000;59.344;
26/08/26 14:16;0.000;0.000;5.707;825.216;858.06;1076.410;32.94;70.324;0.000;58.728;263.528;4.764;851.161;831.676;1076.410;33.126;70.188;0.000;59.725;
26/08/26 14:17;0.000;0.000;3.241;843.856;829.363;1076.410;33.124;70.324;0.000;59.494;263.528;4.317;842.109;824.948;1076.410;33.178;70.188;0.000;59.494;
26/08/26 14:18;0.000;0.000;2.733;826.082;836.498;1076.410;33.13;70.324;0.000;58.945;263.528;2.593;844.669;832.295;1076.410;33.131;70.188;0.000;59.527;
26/08/26 14:19;0.000;0.000;5.301;826.994;847.534;1076.410;32.813;70.324;0.000;58.657;263.528;3.731;837.538;814.804;1076.410;33.352;70.188;0.000;59.525;
26/08/26 14:20;0.000;0.000;2.041;818.896;830.253;1076.410;32.999;70.324;0.000;58.59;263.528;3.045;836.488;822.267;1076.410;32.86;70.188;0.000;59.0;
26/08/26 14:21;0.000;0.000;3.227;819.58;827.213;1076.410;32.842;70.324;0.000;58.454;263.528;3.88;832.068;826.404;1076.410;33.041;70.188;0.000;59.043;
26/08/26 14:22;0.000;0.000;4.54;829.448;802.944;1076.410;33.102;70.324;0.000;59.022;263.528;4.918;848.475;817.723;1076.410;32.761;70.188;0.000;59.276;
26/08/26 14:23;0.000;0.000;5.909;824.979;794.498;1076.410;33.032;70.324;0.000;58.813;263.528;4.928;834.352;803.634;1076.410;32.851;70.188;0.000;58.924;
26/08/26 14:24;0.000;0.000;5.893;820.269;810.645;1076.410;33.062;70.324;0.000;58.695;263.528;4.183;835.297;826.726;1076.410;32.604;70.188;0.000;58.707;
26/08/26 14:25;0.000;0.000;3.881;831.412;822.402;1076.410;32.531;70.324;0.000;58.513;263.528;3.881;827.445;816.633;1076.410;33.008;70.188;0.000;58.866;
26/08/26 14:26;0.000;0.000;3.918;791.859;803.291;1076.410;33.245;70.324;0.000;57.991;263.528;4.784;826.243;809.374;1076.410;33.156;70.188;0.000;58.976;
26/08/26 14:27;0.000;0.000;5.797;813.948;800.472;1076.410;33.009;70.324;0.000;58.445;263.528;3.103;810.182;815.603;1076.410;32.941;70.188;0.000;58.259;
26/08/26 14:28;0.000;0.000;3.941;811.894;782.845;1076.410;33.0;70.324;0.000;58.372;263.528;4.208;819.584;786.413;1076.410;32.937;70.188;0.000;58.549;
26/08/26 14:29;0.000;0.000;6.17;797.271;800.506;1076.410;33.122;70.324;0.000;58.037;263.528;5.363;815.766;784.21;1076.410;32.948;70.188;0.000;58.441;
26/08/26 14:30;0.000;0.000;4.486;790.52;785.896;1076.410;32.836;70.324;0.000;57.54;263.528;4.221;801.041;779.377;1076.410;33.181;70.188;0.000;58.214;
26/08/26 14:31;0.000;0.000;3.249;815.015;797.247;1076.410;32.855;70.324;0.000;58.324;263.528;4.324;805.11;762.909;1076.410;33.025;70.188;0.000;58.185;
26/08/26 14:32;0.000;0.000;5.388;798.681;790.247;1076.410;32.536;70.324;0.000;57.495;263.528;3.481;769.03;794.214;1076.410;32.471;70.188;0.000;56.503;
26/08/26 14:33;0.000;0.000;2.727;803.037;798.67;1076.410;33.052;70.324;0.000;58.147;263.528;4.823;790.703;761.648;1076.410;32.74;70.188;0.000;57.449;
26/08/26 14:34;0.000;0.000;3.807;795.903;783.601;1076.410;32.825;70.324;0.000;57.697;263.528;3.147;783.637;774.734;1076.410;32.86;70.188;0.000;57.349;
26/08/26 14:35;0.000;0.000;5.257;790.087;766.373;1076.410;32.856;70.324;0.000;57.546;263.528;4.637;773.502;784.381;1076.410;32.903;70.188;0.000;57.075;
26/08/26 14:36;0.000;0.000;3.839;788.258;779.208;1076.410;32.6;70.324;0.000;57.233;263.528;3.407;800.248;771.89;1076.410;32.509;70.188;0.000;57.517;
26/08/26 14:37;0.000;0.000;4.217;784.037;787.62;1076.410;32.883;70.324;0.000;57.384;263.528;4.698;785.041;781.92;1076.410;32.807;70.188;0.000;57.34;
26/08/26 14:38;0.000;0.000;4.06;769.138;776.607;1076.410;32.751;70.324;0.000;56.787;263.528;3.197;782.627;779.168;1076.410;32.596;70.188;0.000;57.053;
26/08/26 14:39;0.000;0.000;4.538;770.944;766.593;1076.410;32.827;70.324;0.000;56.919;263.528;2.944;794.795;765.592;1076.410;32.651;70.188;0.000;57.488;
26/08/26 14:40;0.000;0.000;4.538;779.385;771.494;1076.410;32.765;70.324;0.000;57.121;263.528;3.432;768.592;779.576;1076.410;32.38;70.188;0.000;56.398;
26/08/26 14:41;0.000;0.000;5.513;753.279;770.685;1076.410;32.567;70.324;0.000;56.107;263.528;4.217;779.046;763.163;1076.410;32.682;70.188;0.000;57.027;
26/08/26 14:42;0.000;0.000;2.555;760.36;773.986;1076.410;32.764;70.324;0.000;56.525;263.528;3.758;785.188;761.432;1076.410;32.466;70.188;0.000;57.003;
26/08/26 14:43;0.000;0.000;4.167;762.887;748.862;1076.410;32.577;70.324;0.000;56.417;263.528;4.091;775.483;762.103;1076.410;32.469;70.188;0.000;56.703;
26/08/26 14:44;0.000;0.000;5.311;755.595;764.0;1076.410;32.64;70.324;0.000;56.252;263.528;3.428;751.421;754.348;1076.410;32.712;70.188;0.000;56.194;
26/08/26 14:45;0.000;0.000;4.427;743.241;755.915;1076.410;32.846;70.324;0.000;56.072;263.528;4.637;753.486;758.006;1076.410;32.532;70.188;0.000;56.078;
26/08/26 14:46;0.000;0.000;3.82;740.864;720.4;1076.410;32.664;70.324;0.000;55.816;263.528;4.035;735.191;755.504;1076.410;32.455;70.188;0.000;55.43;
26/08/26 14:47;0.000;0.000;2.587;768.308;751.611;1076.410;32.085;70.324;0.000;56.095;263.528;4.58;765.763;750.384;1076.410;32.326;70.188;0.000;56.256;
26/08/26 14:48;0.000;0.000;3.481;747.152;750.526;1076.410;32.473;70.324;0.000;55.822;263.528;4.339;750.899;730.576;1076.410;32.089;70.188;0.000;55.555;
26/08/26 14:49;0.000;0.000;6.194;736.371;763.95;1076.410;32.528;70.324;0.000;55.54;263.528;4.268;743.447;730.438;1076.410;32.964;70.188;0.000;56.197;
26/08/26 14:50;0.000;0.000;4.422;746.074;742.081;1076.410;32.746;70.324;0.000;56.061;263.528;4.341;740.961;730.939;1076.410;32.607;70.188;0.000;55.762;
26/08/26 14:51;0.000;0.000;3.434;715.854;735.251;1076.410;32.201;70.324;0.000;54.571;263.528;3.39;739.72;738.958;1076.410;32.413;70.188;0.000;55.529;
26/08/26 14:52;0.000;0.000;4.901;731.865;766.934;1076.410;32.218;70.324;0.000;55.089;263.528;2.226;743.913;713.189;1076.410;32.209;70.188;0.000;55.456;
26/08/26 14:53;0.000;0.000;5.197;725.81;708.572;1076.410;32.255;70.324;0.000;54.937;263.528;5.378;717.418;709.963;1076.410;32.467;70.188;0.000;54.886;
26/08/26 14:54;0.000;0.000;4.594;732.809;734.5;1076.410;32.015;70.324;0.000;54.915;263.528;4.464;720.227;713.679;1076.410;32.2;70.188;0.000;54.707;
26/08/26 14:55;0.000;0.000;3.953;725.196;727.027;1076.410;32.388;70.324;0.000;55.05;263.528;3.227;712.997;703.772;1076.410;32.211;70.188;0.000;54.492;
26/08/26 14:56;0.000;0.000;2.607;739.692;711.184;1076.410;32.143;70.324;0.000;55.258;263.528;4.236;724.509;725.623;1076.410;32.517;70.188;0.000;55.158;
26/08/26 14:57;0.000;0.000;4.204;716.365;731.303;1076.410;31.806;70.324;0.000;54.192;263.528;4.15;720.802;716.446;1076.410;32.478;70.188;0.000;55.003;
26/08/26 14:58;0.000;0.000;4.716;729.503;717.527;1076.410;32.22;70.324;0.000;55.017;263.528;5.276;709.619;715.096;1076.410;31.753;70.188;0.000;53.929;
26/08/26 14:59;0.000;0.000;4.372;713.032;706.303;1076.410;32.04;70.324;0.000;54.322;263.528;4.87;714.998;715.37;1076.410;32.169;70.188;0.000;54.513;
26/08/26 15:00;0.000;0.000;3.381;703.45;726.63;1076.410;32.415;70.324;0.000;54.398;263.528;3.822;713.395;705.891;1076.410;31.965;70.188;0.000;54.259;
26/08/26 15:01;0.000;0.000;2.808;708.775;711.588;1076.410;32.176;70.324;0.000;54.325;263.528;2.691;705.676;706.389;1076.410;32.166;70.188;0.000;54.218;
26/08/26 15:02;0.000;0.000;4.404;711.3;691.987;1076.410;31.986;70.324;0.000;54.214;263.528;4.734;699.679;685.964;1076.410;32.08;70.188;0.000;53.945;
26/08/26 15:03;0.000;0.000;3.331;699.708;701.324;1076.410;31.883;70.324;0.000;53.749;263.528;5.17;692.069;704.113;1076.410;31.701;70.188;0.000;53.328;
26/08/26 15:04;0.000;0.000;5.151;678.039;676.114;1076.410;32.477;70.324;0.000;53.666;263.528;4.776;685.989;702.489;1076.410;32.149;70.188;0.000;53.586;
26/08/26 15:05;0.000;0.000;4.572;700.769;690.759;1076.410;32.293;70.324;0.000;54.192;263.528;3.615;684.5;675.8;1076.410;31.965;70.188;0.000;53.356;
26/08/26 15:06;0.000;0.000;6.021;691.525;690.978;1076.410;32.367;70.324;0.000;53.977;263.528;4.338;689.027;678.098;1076.410;32.008;70.188;0.000;53.54;
26/08/26 15:07;0.000;0.000;1.932;694.176;662.188;1076.410;31.959;70.324;0.000;53.652;263.528;2.449;701.456;679.795;1076.410;32.415;70.188;0.000;54.335;
26/08/26 15:08;0.000;0.000;6.073;681.477;669.503;1076.410;32.057;70.324;0.000;53.353;263.528;5.394;692.718;669.519;1076.410;31.938;70.188;0.000;53.585;
26/08/26 15:09;0.000;0.000;4.321;679.553;677.565;1076.410;32.016;70.324;0.000;53.252;263.528;4.009;676.09;677.393;1076.410;31.964;70.188;0.000;53.092;
26/08/26 15:10;0.000;0.000;5.772;662.277;681.362;1076.410;31.506;70.324;0.000;52.202;263.528;4.104;677.238;684.403;1076.410;32.185;70.188;0.000;53.349;
26/08/26 15:11;0.000;0.000;4.827;667.514;666.621;1076.410;32.212;70.324;0.000;53.072;263.528;5.788;660.398;670.955;1076.410;31.81;70.188;0.000;52.447;
26/08/26 15:12;0.000;0.000;2.903;694.152;648.219;1076.410;32.167;70.324;0.000;53.859;263.528;5.111;664.566;650.403;1076.410;32.206;70.188;0.000;52.974;
26/08/26 15:13;0.000;0.000;4.036;675.096;671.507;1076.410;31.403;70.324;0.000;52.5;263.528;3.995;683.538;665.346;1076.410;31.962;70.188;0.000;53.323;
26/08/26 15:14;0.000;0.000;5.302;681.44;656.382;1076.410;31.607;70.324;0.000;52.902;263.528;3.67;679.038;670.052;1076.410;31.656;70.188;0.000;52.876;
26/08/26 15:15;0.000;0.000;5.448;663.629;635.442;1076.410;31.683;70.324;0.000;52.421;263.528;4.325;655.596;655.17;1076.410;31.499;70.188;0.000;51.986;
26/08/26 15:16;0.000;0.000;4.712;660.41;649.521;1076.410;32.075;70.324;0.000;52.713;263.528;3.846;656.653;650.613;1076.410;31.896;70.188;0.000;52.416;
26/08/26 15:17;0.000;0.000;2.219;644.535;635.547;1076.410;31.952;70.324;0.000;52.094;263.528;4.524;644.172;655.28;1076.410;31.695;70.188;0.000;51.825;
26/08/26 15:18;0.000;0.000;2.837;647.625;644.657;1076.410;32.232;70.324;0.000;52.47;263.528;4.753;672.552;644.88;1076.410;31.637;70.188;0.000;52.654;
26/08/26 15:19;0.000;0.000;4.218;653.443;644.758;1076.410;31.838;70.324;0.000;52.258;263.528;3.963;634.549;636.563;1076.410;32.134;70.188;0.000;51.964;
26/08/26 15:20;0.000;0.000;3.477;650.293;635.036;1076.410;32.046;70.324;0.000;52.368;263.528;2.896;643.563;656.808;1076.410;31.935;70.188;0.000;52.046;
26/08/26 15:21;0.000;0.000;4.005;634.995;644.346;1076.410;31.191;70.324;0.000;51.035;263.528;5.028;633.118;654.994;1076.410;31.703;70.188;0.000;51.488;
26/08/26 15:22;0.000;0.000;5.192;615.932;643.051;1076.410;31.281;70.324;0.000;50.529;263.528;4.504;645.541;619.524;1076.410;31.822;70.188;0.000;51.995;
26/08/26 15:23;0.000;0.000;3.523;642.921;646.418;1076.410;31.585;70.324;0.000;51.676;263.528;4.317;619.947;646.624;1076.410;31.44;70.188;0.000;50.813;
26/08/26 15:24;0.000;0.000;4.3;623.235;631.364;1076.410;31.57;70.324;0.000;51.046;263.528;4.576;634.589;634.761;1076.410;31.665;70.188;0.000;51.496;
26/08/26 15:25;0.000;0.000;5.113;644.11;610.454;1076.410;31.677;70.324;0.000;51.805;263.528;4.95;611.217;612.96;1076.410;31.352;70.188;0.000;50.453;
26/08/26 15:26;0.000;0.000;4.428;640.257;639.747;1076.410;31.555;70.324;0.000;51.563;263.528;3.908;626.53;624.889;1076.410;31.223;70.188;0.000;50.802;
26/08/26 15:27;0.000;0.000;3.416;610.0;611.324;1076.410;31.486;70.324;0.000;50.549;263.528;5.504;610.124;612.559;1076.410;31.33;70.188;0.000;50.396;
26/08/26 15:28;0.000;0.000;5.12;610.035;626.792;1076.410;31.441;70.324;0.000;50.505;263.528;4.501;623.896;610.114;1076.410;32.012;70.188;0.000;51.509;
26/08/26 15:29;0.000;0.000;4.921;611.669;600.381;1076.410;31.545;70.324;0.000;50.66;263.528;3.449;604.725;610.788;1076.410;31.531;70.188;0.000;50.429;
26/08/26 15:30;0.000;0.000;5.703;613.01;601.981;1076.410;31.414;70.324;0.000;50.571;263.528;4.347;603.032;606.163;1076.410;31.326;70.188;0.000;50.171;
26/08/26 15:31;0.000;0.000;2.456;607.785;593.666;1076.410;31.135;70.324;0.000;50.128;263.528;5.49;615.308;614.573;1076.410;31.102;70.188;0.000;50.33;
26/08/26 15:32;0.000;0.000;4.075;605.922;593.471;1076.410;31.277;70.324;0.000;50.212;263.528;3.282;600.972;590.928;1076.410;31.442;70.188;0.000;50.222;
26/08/26 15:33;0.000;0.000;3.842;602.53;606.797;1076.410;31.689;70.324;0.000;50.518;263.528;3.156;609.237;600.161;1076.410;31.118;70.188;0.000;50.157;
26/08/26 15:34;0.000;0.000;4.981;569.006;592.439;1076.410;31.222;70.324;0.000;49.003;263.528;4.531;584.957;603.207;1076.410;31.209;70.188;0.000;49.489;
26/08/26 15:35;0.000;0.000;3.198;601.938;575.937;1076.410;30.943;70.324;0.000;49.754;263.528;4.585;591.68;580.594;1076.410;31.093;70.188;0.000;49.583;
26/08/26 15:36;0.000;0.000;5.049;584.017;588.375;1076.410;31.264;70.324;0.000;49.515;263.528;4.841;573.602;582.421;1076.410;31.123;70.188;0.000;49.048;
26/08/26 15:37;0.000;0.000;3.652;590.598;570.783;1076.410;31.08;70.324;0.000;49.536;263.528;3.497;575.621;608.031;1076.410;31.186;70.188;0.000;49.174;
26/08/26 15:38;0.000;0.000;5.529;577.134;568.0;1076.410;31.253;70.324;0.000;49.288;263.528;4.152;585.279;596.022;1076.410;30.937;70.188;0.000;49.227;
26/08/26 15:39;0.000;0.000;4.016;571.424;550.208;1076.410;31.128;70.324;0.000;48.985;263.528;4.549;589.244;576.732;1076.410;31.361;70.188;0.000;49.775;
26/08/26 15:40;0.000;0.000;5.829;564.886;571.836;1076.410;31.468;70.324;0.000;49.121;263.528;4.018;567.787;586.353;1076.410;30.855;70.188;0.000;48.598;
26/08/26 15:41;0.000;0.000;4.86;571.304;563.612;1076.410;30.95;70.324;0.000;48.803;263.528;5.836;566.342;584.644;1076.410;31.087;70.188;0.000;48.785;
26/08/26 15:42;0.000;0.000;4.507;565.356;554.643;1076.410;31.008;70.324;0.000;48.675;263.528;5.501;569.322;558.316;1076.410;31.054;70.188;0.000;48.845;
26/08/26 15:43;0.000;0.000;4.957;553.73;572.063;1076.410;31.129;70.324;0.000;48.433;263.528;3.756;582.255;549.599;1076.410;31.065;70.188;0.000;49.26;
26/08/26 15:44;0.000;0.000;5.411;571.776;568.051;1076.410;31.079;70.324;0.000;48.947;263.528;4.182;553.988;569.044;1076.410;30.732;70.188;0.000;48.044;
26/08/26 15:45;0.000;0.000;4.53;539.238;545.093;1076.410;31.384;70.324;0.000;48.235;263.528;4.029;572.94;587.682;1076.410;31.251;70.188;0.000;49.155;
26/08/26 15:46;0.000;0.000;3.523;550.765;547.149;1076.410;31.012;70.324;0.000;48.223;263.528;3.216;550.243;527.528;1076.410;30.989;70.188;0.000;48.184;
26/08/26 15:47;0.000;0.000;4.632;543.113;540.21;1076.410;30.68;70.324;0.000;47.652;263.528;3.845;558.221;540.787;1076.410;30.74;70.188;0.000;48.184;
26/08/26 15:48;0.000;0.000;4.971;531.78;537.28;1076.410;31.042;70.324;0.000;47.66;263.528;4.15;553.809;533.257;1076.410;30.75;70.188;0.000;48.057;
26/08/26 15:49;0.000;0.000;6.754;540.781;540.45;1076.410;30.666;70.324;0.000;47.565;263.528;2.106;543.009;537.588;1076.410;30.982;70.188;0.000;47.951;
26/08/26 15:50;0.000;0.000;4.938;532.046;532.237;1076.410;31.002;70.324;0.000;47.628;263.528;4.496;549.798;538.123;1076.410;30.839;70.188;0.000;48.02;
26/08/26 15:51;0.000;0.000;3.441;522.84;523.115;1076.410;30.797;70.324;0.000;47.136;263.528;4.291;513.281;526.52;1076.410;31.119;70.188;0.000;47.159;
26/08/26 15:52;0.000;0.000;3.422;534.349;539.958;1076.410;30.583;70.324;0.000;47.281;263.528;3.809;522.208;520.849;1076.410;30.836;70.188;0.000;47.155;
26/08/26 15:53;0.000;0.000;5.123;511.572;514.559;1076.410;31.104;70.324;0.000;47.091;263.528;4.348;526.662;542.738;1076.410;30.693;70.188;0.000;47.151;
26/08/26 15:54;0.000;0.000;5.764;509.046;529.572;1076.410;30.533;70.324;0.000;46.441;263.528;4.325;515.23;539.889;1076.410;30.611;70.188;0.000;46.712;
26/08/26 15:55;0.000;0.000;4.962;517.835;511.511;1076.410;31.058;70.324;0.000;47.24;263.528;4.702;525.847;521.262;1076.410;30.817;70.188;0.000;47.25;
26/08/26 15:56;0.000;0.000;5.398;516.663;530.993;1076.410;31.038;70.324;0.000;47.184;263.528;4.761;498.713;518.506;1076.410;30.263;70.188;0.000;45.848;
26/08/26 15:57;0.000;0.000;3.913;520.835;501.897;1076.410;30.312;70.324;0.000;46.588;263.528;4.403;517.469;502.714;1076.410;30.275;70.188;0.000;46.446;
26/08/26 15:58;0.000;0.000;5.808;509.133;519.217;1076.410;30.734;70.324;0.000;46.644;263.528;4.231;508.467;517.925;1076.410;30.578;70.188;0.000;46.468;
26/08/26 15:59;0.000;0.000;4.649;498.67;508.099;1076.410;30.485;70.324;0.000;46.068;263.528;4.642;505.164;512.713;1076.410;30.779;70.188;0.000;46.565;
26/08/26 16:00;0.000;0.000;4.889;473.722;498.332;1076.410;30.372;70.324;0.000;45.176;263.528;4.59;486.494;490.746;1076.410;30.286;70.188;0.000;45.489;
26/08/26 16:01;0.000;0.000;3.943;498.99;495.527;1076.410;30.679;70.324;0.000;46.272;263.528;3.279;489.368;490.322;1076.410;30.39;70.188;0.000;45.683;
26/08/26 16:02;0.000;0.000;4.862;484.649;501.637;1076.410;30.409;70.324;0.000;45.554;263.528;3.784;505.828;506.022;1076.410;30.617;70.188;0.000;46.424;
26/08/26 16:03;0.000;0.000;4.201;488.826;476.451;1076.410;30.974;70.324;0.000;46.25;263.528;4.272;494.593;476.17;1076.410;30.481;70.188;0.000;45.937;
26/08/26 16:04;0.000;0.000;4.024;491.769;490.909;1076.410;30.519;70.324;0.000;45.887;263.528;4.567;487.362;477.963;1076.410;30.262;70.188;0.000;45.492;
26/08/26 16:05;0.000;0.000;4.116;463.983;485.467;1076.410;30.613;70.324;0.000;45.112;263.528;4.823;486.387;493.723;1076.410;30.705;70.188;0.000;45.905;
26/08/26 16:06;0.000;0.000;3.611;489.903;463.935;1076.410;30.582;70.324;0.000;45.891;263.528;2.872;468.126;463.183;1076.410;30.419;70.188;0.000;45.048;
26/08/26 16:07;0.000;0.000;3.7;469.655;453.305;1076.410;30.37;70.324;0.000;45.047;263.528;4.695;474.96;471.642;1076.410;30.679;70.188;0.000;45.521;
26/08/26 16:08;0.000;0.000;4.324;473.45;489.112;1076.410;30.622;70.324;0.000;45.417;263.528;5.087;478.463;437.846;1076.410;30.286;70.188;0.000;45.238;
26/08/26 16:09;0.000;0.000;4.07;466.148;461.315;1076.410;30.217;70.324;0.000;44.784;263.528;4.219;484.342;465.802;1076.410;30.209;70.188;0.000;45.345;
26/08/26 16:10;0.000;0.000;4.675;465.466;464.38;1076.410;30.243;70.324;0.000;44.789;263.528;4.357;457.975;464.256;1076.410;29.992;70.188;0.000;44.304;
26/08/26 16:11;0.000;0.000;4.857;467.381;429.332;1076.410;30.483;70.324;0.000;45.089;263.528;3.842;455.384;451.563;1076.410;30.601;70.188;0.000;44.832;
26/08/26 16:12;0.000;0.000;4.422;464.704;471.698;1076.410;30.254;70.324;0.000;44.776;263.528;4.911;446.291;462.978;1076.410;29.911;70.188;0.000;43.858;
26/08/26 16:13;0.000;0.000;5.609;440.44;448.583;1076.410;30.103;70.324;0.000;43.867;263.528;4.99;456.202;445.186;1076.410;30.495;70.188;0.000;44.751;
26/08/26 16:14;0.000;0.000;7.137;441.71;445.288;1076.410;30.287;70.324;0.000;44.09;263.528;3.634;443.602;434.829;1076.410;29.922;70.188;0.000;43.785;
26/08/26 16:15;0.000;0.000;5.652;432.905;433.162;1076.410;30.158;70.324;0.000;43.686;263.528;4.423;434.485;447.486;1076.410;30.151;70.188;0.000;43.729;
26/08/26 16:16;0.000;0.000;2.666;438.347;447.962;1076.410;30.001;70.324;0.000;43.699;263.528;4.377;453.863;414.113;1076.410;30.12;70.188;0.000;44.303;
26/08/26 16:17;0.000;0.000;3.822;451.434;430.381;1076.410;30.003;70.324;0.000;44.11;263.528;4.207;428.075;415.16;1076.410;29.742;70.188;0.000;43.119;
26/08/26 16:18;0.000;0.000;4.276;425.787;427.54;1076.410;29.931;70.324;0.000;43.237;263.528;4.15;429.929;429.773;1076.410;30.013;70.188;0.000;43.448;
26/08/26 16:19;0.000;0.000;4.519;439.046;422.101;1076.410;29.862;70.324;0.000;43.582;263.528;4.093;432.263;417.495;1076.410;29.936;70.188;0.000;43.444;
26/08/26 16:20;0.000;0.000;3.908;419.826;420.151;1076.410;30.147;70.324;0.000;43.267;263.528;3.69;438.084;455.728;1076.410;29.739;70.188;0.000;43.429;
26/08/26 16:21;0.000;0.000;5.691;405.19;441.555;1076.410;29.578;70.324;0.000;42.24;263.528;4.704;424.889;425.252;1076.410;30.024;70.188;0.000;43.302;
26/08/26 16:22;0.000;0.000;4.247;415.768;395.761;1076.410;29.989;70.324;0.000;42.982;263.528;5.309;411.242;393.709;1076.410;29.835;70.188;0.000;42.686;
26/08/26 16:23;0.000;0.000;3.721;412.029;384.797;1076.410;29.981;70.324;0.000;42.857;263.528;3.754;411.706;399.93;1076.410;29.772;70.188;0.000;42.638;
26/08/26 16:24;0.000;0.000;3.779;394.419;402.849;1076.410;29.465;70.324;0.000;41.791;263.528;5.101;400.841;398.462;1076.410;30.089;70.188;0.000;42.615;
26/08/26 16:25;0.000;0.000;4.647;382.81;395.253;1076.410;29.97;70.324;0.000;41.933;263.528;4.581;404.008;400.833;1076.410;29.7;70.188;0.000;42.325;
26/08/26 16:26;0.000;0.000;6.021;393.385;381.508;1076.410;29.676;70.324;0.000;41.969;263.528;4.097;395.64;411.04;1076.410;29.635;70.188;0.000;41.999;
26/08/26 16:27;0.000;0.000;3.934;408.098;376.555;1076.410;30.025;70.324;0.000;42.778;263.528;5.369;406.679;387.082;1076.410;29.642;70.188;0.000;42.351;
26/08/26 16:28;0.000;0.000;5.291;369.225;412.123;1076.410;29.661;70.324;0.000;41.199;263.528;4.34;391.592;394.307;1076.410;29.632;70.188;0.000;41.869;
26/08/26 16:29;0.000;0.000;6.632;397.854;401.252;1076.410;29.53;70.324;0.000;41.963;263.528;3.106;366.754;361.694;1076.410;29.525;70.188;0.000;40.986;
26/08/26 16:30;0.000;0.000;5.218;385.477;377.619;1076.410;29.82;70.324;0.000;41.866;263.528;4.157;389.941;375.313;1076.410;29.502;70.188;0.000;41.688;
26/08/26 16:31;0.000;0.000;5.756;369.642;384.91;1076.410;29.705;70.324;0.000;41.256;263.528;3.61;383.444;375.852;1076.410;29.374;70.188;0.000;41.357;
26/08/26 16:32;0.000;0.000;5.752;369.239;383.751;1076.410;29.799;70.324;0.000;41.338;263.528;4.698;370.286;390.082;1076.410;29.851;70.188;0.000;41.422;
26/08/26 16:33;0.000;0.000;5.159;361.2;366.875;1076.410;29.306;70.324;0.000;40.594;263.528;4.808;371.074;366.954;1076.410;29.689;70.188;0.000;41.285;
26/08/26 16:34;0.000;0.000;5.449;360.776;357.514;1076.410;29.701;70.324;0.000;40.975;263.528;4.319;371.97;367.885;1076.410;29.325;70.188;0.000;40.949;
26/08/26 16:35;0.000;0.000;5.103;372.548;365.36;1076.410;29.515;70.324;0.000;41.157;263.528;4.96;369.759;381.564;1076.410;29.397;70.188;0.000;40.952;
26/08/26 16:36;0.000;0.000;6.053;342.739;356.516;1076.410;29.401;70.324;0.000;40.112;263.528;3.984;364.466;379.577;1076.410;29.569;70.188;0.000;40.959;
26/08/26 16:37;0.000;0.000;5.422;349.902;334.758;1076.410;28.991;70.324;0.000;39.925;263.528;3.014;352.01;349.245;1076.410;29.253;70.188;0.000;40.253;
26/08/26 16:38;0.000;0.000;1.616;342.963;358.717;1076.410;29.211;70.324;0.000;39.929;263.528;2.787;352.967;348.937;1076.410;29.421;70.188;0.000;40.451;
26/08/26 16:39;0.000;0.000;3.559;334.128;320.775;1076.410;29.397;70.324;0.000;39.838;263.528;2.787;350.985;327.575;1076.410;29.508;70.188;0.000;40.476;
26/08/26 16:40;0.000;0.000;7.019;329.525;328.527;1076.410;29.018;70.324;0.000;39.316;263.528;4.816;349.992;340.487;1076.410;29.43;70.188;0.000;40.367;
26/08/26 16:41;0.000;0.000;5.088;340.972;329.338;1076.410;29.38;70.324;0.000;40.035;263.528;4.451;328.05;350.255;1076.410;29.185;70.188;0.000;39.437;
26/08/26 16:42;0.000;0.000;4.537;347.824;321.696;1076.410;29.432;70.324;0.000;40.302;263.528;5.437;339.598;336.255;1076.410;29.274;70.188;0.000;39.886;
26/08/26 16:43;0.000;0.000;4.202;326.459;339.994;1076.410;29.545;70.324;0.000;39.747;263.528;2.744;324.648;313.205;1076.410;28.813;70.188;0.000;38.958;
26/08/26 16:44;0.000;0.000;3.989;325.078;317.893;1076.410;28.963;70.324;0.000;39.122;263.528;5.002;313.32;339.293;1076.410;29.092;70.188;0.000;38.883;
26/08/26 16:45;0.000;0.000;5.105;335.98;315.738;1076.410;28.862;70.324;0.000;39.361;263.528;3.297;338.062;331.047;1076.410;29.197;70.188;0.000;39.761;
26/08/26 16:46;0.000;0.000;2.732;322.617;311.925;1076.410;29.023;70.324;0.000;39.105;263.528;4.808;324.788;296.554;1076.410;29.221;70.188;0.000;39.371;
26/08/26 16:47;0.000;0.000;3.289;305.299;308.319;1076.410;29.284;70.324;0.000;38.825;263.528;3.711;309.803;310.51;1076.410;28.766;70.188;0.000;38.447;
26/08/26 16:48;0.000;0.000;5.47;337.307;285.136;1076.410;29.116;70.324;0.000;39.657;263.528;4.973;308.877;297.385;1076.410;28.677;70.188;0.000;38.329;
26/08/26 16:49;0.000;0.000;4.597;303.999;319.097;1076.410;29.046;70.324;0.000;38.546;263.528;3.134;308.418;309.738;1076.410;29.147;70.188;0.000;38.785;
26/08/26 16:50;0.000;0.000;6.674;295.933;322.739;1076.410;28.605;70.324;0.000;37.853;263.528;3.412;311.511;310.272;1076.410;29.174;70.188;0.000;38.909;
26/08/26 16:51;0.000;0.000;4.327;317.978;301.636;1076.410;28.835;70.324;0.000;38.772;263.528;4.143;296.931;303.777;1076.410;28.678;70.188;0.000;37.957;
26/08/26 16:52;0.000;0.000;3.54;274.054;288.208;1076.410;29.225;70.324;0.000;37.789;263.528;3.816;292.497;290.794;1076.410;28.771;70.188;0.000;37.912;
26/08/26 16:53;0.000;0.000;4.164;295.357;302.749;1076.410;28.889;70.324;0.000;38.119;263.528;4.944;299.464;280.618;1076.410;28.407;70.188;0.000;37.765;
26/08/26 16:54;0.000;0.000;5.729;291.366;277.101;1076.410;28.555;70.324;0.000;37.66;263.528;4.099;307.068;302.139;1076.410;28.533;70.188;0.000;38.129;
26/08/26 16:55;0.000;0.000;4.578;279.21;295.023;1076.410;28.602;70.324;0.000;37.327;263.528;3.577;287.127;286.903;1076.410;28.986;70.188;0.000;37.959;
26/08/26 16:56;0.000;0.000;4.815;301.047;268.859;1076.410;29.0;70.324;0.000;38.408;263.528;6.515;282.862;292.727;1076.410;29.027;70.188;0.000;37.866;
26/08/26 16:57;0.000;0.000;5.709;284.656;272.575;1076.410;28.837;70.324;0.000;37.732;263.528;3.061;285.099;267.585;1076.410;28.536;70.188;0.000;37.445;
26/08/26 16:58;0.000;0.000;4.606;272.73;250.674;1076.410;28.916;70.324;0.000;37.439;263.528;4.474;273.375;273.675;1076.410;28.75;70.188;0.000;37.293;
26/08/26 16:59;0.000;0.000;4.215;272.43;273.747;1076.410;28.657;70.324;0.000;37.17;263.528;3.453;260.774;269.533;1076.410;28.869;70.188;0.000;37.018;
26/08/26 17:00;0.000;0.000;2.658;271.597;262.961;1076.410;28.796;70.324;0.000;37.283;263.528;4.898;273.516;273.165;1076.410;28.97;70.188;0.000;37.517;
26/08/26 17:01;0.000;0.000;5.473;267.35;263.916;1076.410;28.716;70.324;0.000;37.071;263.528;2.826;273.981;265.211;1076.410;28.513;70.188;0.000;37.075;
26/08/26 17:02;0.000;0.000;5.097;251.299;258.027;1076.410;28.893;70.324;0.000;36.746;263.528;4.505;262.304;247.853;1076.410;28.54;70.188;0.000;36.737;
26/08/26 17:03;0.000;0.000;3.501;245.143;271.003;1076.410;28.165;70.324;0.000;35.826;263.528;5.104;244.345;263.343;1076.410;28.552;70.188;0.000;36.188;
26/08/26 17:04;0.000;0.000;3.28;246.329;257.225;1076.410;28.227;70.324;0.000;35.925;263.528;5.015;239.424;262.334;1076.410;28.467;70.188;0.000;35.949;
26/08/26 17:05;0.000;0.000;5.153;255.173;230.601;1076.410;28.559;70.324;0.000;36.533;263.528;3.426;245.435;245.348;1076.410;28.345;70.188;0.000;36.015;
26/08/26 17:06;0.000;0.000;4.459;224.082;236.626;1076.410;28.456;70.324;0.000;35.459;263.528;5.928;266.026;256.398;1076.410;27.968;70.188;0.000;36.281;
26/08/26 17:07;0.000;0.000;4.995;239.726;228.772;1076.410;28.228;70.324;0.000;35.719;263.528;4.349;240.567;250.22;1076.410;28.502;70.188;0.000;36.02;
26/08/26 17:08;0.000;0.000;4.308;248.263;232.536;1076.410;28.274;70.324;0.000;36.032;263.528;4.566;232.952;221.89;1076.410;28.318;70.188;0.000;35.598;
26/08/26 17:09;0.000;0.000;4.82;213.894;235.308;1076.410;28.265;70.324;0.000;34.949;263.528;5.623;245.362;217.694;1076.410;28.173;70.188;0.000;35.841;
26/08/26 17:10;0.000;0.000;5.056;239.152;227.864;1076.410;27.858;70.324;0.000;35.332;263.528;4.542;239.875;215.778;1076.410;28.285;70.188;0.000;35.781;
26/08/26 17:11;0.000;0.000;5.376;214.06;207.278;1076.410;28.194;70.324;0.000;34.883;263.528;3.553;219.577;214.733;1076.410;28.071;70.188;0.000;34.933;
26/08/26 17:12;0.000;0.000;4.159;229.68;226.353;1076.410;28.166;70.324;0.000;35.344;263.528;4.233;223.982;218.183;1076.410;27.92;70.188;0.000;34.919;
26/08/26 17:13;0.000;0.000;4.926;201.053;203.975;1076.410;28.016;70.324;0.000;34.299;263.528;4.23;210.894;227.367;1076.410;28.262;70.188;0.000;34.852;
26/08/26 17:14;0.000;0.000;5.858;222.157;203.31;1076.410;28.002;70.324;0.000;34.944;263.528;4.845;226.844;204.602;1076.410;27.897;70.188;0.000;34.986;
26/08/26 17:15;0.000;0.000;4.456;202.636;198.855;1076.410;28.114;70.324;0.000;34.446;263.528;4.849;208.561;204.181;1076.410;28.316;70.188;0.000;34.834;
26/08/26 17:16;0.000;0.000;5.511;210.552;193.868;1076.410;28.24;70.324;0.000;34.82;263.528;2.932;188.345;208.232;1076.410;28.309;70.188;0.000;34.195;
26/08/26 17:17;0.000;0.000;6.36;200.825;182.631;1076.410;28.304;70.324;0.000;34.58;263.528;4.311;211.767;208.365;1076.410;28.037;70.188;0.000;34.655;
26/08/26 17:18;0.000;0.000;1.132;189.481;208.167;1076.410;27.804;70.324;0.000;33.725;263.528;5.424;205.01;190.653;1076.410;28.173;70.188;0.000;34.58;
26/08/26 17:19;0.000;0.000;4.297;199.829;189.768;1076.410;28.287;70.324;0.000;34.532;263.528;4.508;191.41;191.612;1076.410;28.012;70.188;0.000;33.994;
26/08/26 17:20;0.000;0.000;5.741;168.078;178.831;1076.410;27.605;70.324;0.000;32.857;263.528;4.363;185.415;215.343;1076.410;27.6;70.188;0.000;33.394;
26/08/26 17:21;0.000;0.000;3.483;185.508;175.651;1076.410;28.425;70.324;0.000;34.222;263.528;4.802;193.708;181.435;1076.410;27.823;70.188;0.000;33.876;
26/08/26 17:22;0.000;0.000;3.667;166.157;188.265;1076.410;27.64;70.324;0.000;32.832;263.528;3.829;165.899;176.745;1076.410;27.884;70.188;0.000;33.068;
26/08/26 17:23;0.000;0.000;4.268;179.02;170.6;1076.410;27.548;70.324;0.000;33.142;263.528;5.647;160.406;191.635;1076.410;27.537;70.188;0.000;32.55;
26/08/26 17:24;0.000;0.000;4.946;170.103;186.002;1076.410;27.966;70.324;0.000;33.282;263.528;4.076;174.977;183.554;1076.410;27.592;70.188;0.000;33.06;
26/08/26 17:25;0.000;0.000;4.095;176.011;163.565;1076.410;27.575;70.324;0.000;33.075;263.528;5.388;163.587;144.77;1076.410;27.581;70.188;0.000;32.693;
26/08/26 17:26;0.000;0.000;5.0;158.166;172.749;1076.410;27.747;70.324;0.000;32.69;263.528;5.89;139.269;166.747;1076.410;27.633;70.188;0.000;31.985;
26/08/26 17:27;0.000;0.000;4.714;170.235;137.712;1076.410;27.628;70.324;0.000;32.948;263.528;3.515;154.964;168.094;1076.410;27.618;70.188;0.000;32.461;
26/08/26 17:28;0.000;0.000;4.986;164.842;156.45;1076.410;27.624;70.324;0.000;32.775;263.528;4.406;163.099;163.06;1076.410;27.68;70.188;0.000;32.777;
26/08/26 17:29;0.000;0.000;6.102;155.266;134.279;1076.410;27.802;70.324;0.000;32.654;263.528;4.982;165.55;143.739;1076.410;27.487;70.188;0.000;32.66;
26/08/26 17:30;0.000;0.000;6.473;130.164;143.674;1076.410;27.603;70.324;0.000;31.671;263.528;4.185;147.014;128.566;1076.410;27.553;70.188;0.000;32.147;
26/08/26 17:31;0.000;0.000;5.809;151.294;134.501;1076.410;27.391;70.324;0.000;32.119;263.528;4.489;145.328;137.04;1076.410;28.02;70.188;0.000;32.562;
26/08/26 17:32;0.000;0.000;5.095;147.387;145.565;1076.410;27.743;70.324;0.000;32.349;263.528;4.32;145.608;146.638;1076.410;27.641;70.188;0.000;32.191;
26/08/26 17:33;0.000;0.000;3.808;140.561;140.137;1076.410;27.631;70.324;0.000;32.024;263.528;2.598;115.054;136.487;1076.410;27.547;70.188;0.000;31.142;
26/08/26 17:34;0.000;0.000;3.872;151.136;131.945;1076.410;27.126;70.324;0.000;31.849;263.528;3.348;143.784;132.975;1076.410;27.401;70.188;0.000;31.894;
26/08/26 17:35;0.000;0.000;4.488;139.315;152.842;1076.410;27.111;70.324;0.000;31.465;263.528;4.59;132.716;131.807;1076.410;27.251;70.188;0.000;31.398;
26/08/26 17:36;0.000;0.000;4.168;141.117;132.466;1076.410;27.246;70.324;0.000;31.656;263.528;4.25;123.238;127.653;1076.410;27.194;70.188;0.000;31.045;
26/08/26 17:37;0.000;0.000;3.713;119.422;132.435;1076.410;27.599;70.324;0.000;31.331;263.528;4.064;129.916;110.011;1076.410;27.156;70.188;0.000;31.216;
26/08/26 17:38;0.000;0.000;4.699;103.55;128.017;1076.410;26.693;70.324;0.000;29.929;263.528;3.169;134.132;127.616;1076.410;27.205;70.188;0.000;31.397;
26/08/26 17:39;0.000;0.000;4.201;123.585;86.188;1076.410;27.008;70.324;0.000;30.87;263.528;4.255;118.808;115.289;1076.410;27.207;70.188;0.000;30.92;
26/08/26 17:40;0.000;0.000;3.199;116.031;109.864;1076.410;27.403;70.324;0.000;31.029;263.528;3.254;124.973;107.244;1076.410;26.957;70.188;0.000;30.862;
26/08/26 17:41;0.000;0.000;3.907;113.887;90.378;1076.410;27.206;70.324;0.000;30.765;263.528;5.798;88.126;97.769;1076.410;27.091;70.188;0.000;29.845;
26/08/26 17:42;0.000;0.000;4.592;92.52;74.069;1076.410;27.168;70.324;0.000;30.059;263.528;3.462;99.391;104.692;1076.410;27.233;70.188;0.000;30.339;
26/08/26 17:43;0.000;0.000;4.577;100.037;84.203;1076.410;26.981;70.324;0.000;30.107;263.528;3.256;104.073;101.887;1076.410;27.178;70.188;0.000;30.43;
26/08/26 17:44;0.000;0.000;4.705;94.014;89.997;1076.410;27.156;70.324;0.000;30.094;263.528;4.994;82.198;95.114;1076.410;27.102;70.188;0.000;29.671;
26/08/26 17:45;0.000;0.000;4.584;77.159;97.213;1076.410;27.125;70.324;0.000;29.536;263.528;2.725;90.625;69.96;1076.410;26.764;70.188;0.000;29.596;
26/08/26 17:46;0.000;0.000;5.911;75.508;100.615;1076.410;27.011;70.324;0.000;29.371;263.528;4.432;112.507;82.622;1076.410;26.777;70.188;0.000;30.293;
26/08/26 17:47;0.000;0.000;6.019;83.271;58.761;1076.410;27.239;70.324;0.000;29.841;263.528;3.301;81.446;72.415;1076.410;26.987;70.188;0.000;29.532;
26/08/26 17:48;0.000;0.000;2.916;71.382;71.431;1076.410;26.826;70.324;0.000;29.057;263.528;2.627;72.124;95.013;1076.410;26.824;70.188;0.000;29.078;
26/08/26 17:49;0.000;0.000;5.573;85.906;82.647;1076.410;26.593;70.324;0.000;29.278;263.528;4.843;74.516;93.803;1076.410;26.861;70.188;0.000;29.19;
26/08/26 17:50;0.000;0.000;3.655;57.985;53.104;1076.410;26.831;70.324;0.000;28.643;263.528;3.828;84.065;69.143;1076.410;27.078;70.188;0.000;29.705;
26/08/26 17:51;0.000;0.000;4.287;81.173;76.641;1076.410;27.134;70.324;0.000;29.671;263.528;4.076;98.653;77.273;1076.410;26.681;70.188;0.000;29.764;
26/08/26 17:52;0.000;0.000;4.213;56.485;79.798;1076.410;26.843;70.324;0.000;28.608;263.528;4.181;78.403;60.975;1076.410;26.712;70.188;0.000;29.162;
26/08/26 17:53;0.000;0.000;4.254;36.679;72.13;1076.410;26.819;70.324;0.000;27.965;263.528;4.462;65.771;51.75;1076.410;26.783;70.188;0.000;28.838;
26/08/26 17:54;0.000;0.000;3.59;63.02;54.383;1076.410;26.75;70.324;0.000;28.719;263.528;3.527;72.627;64.44;1076.410;26.659;70.188;0.000;28.929;
26/08/26 17:55;0.000;0.000;4.521;33.256;39.91;1076.410;26.636;70.324;0.000;27.675;263.528;4.374;51.516;39.434;1076.410;26.265;70.188;0.000;27.875;
26/08/26 17:56;0.000;0.000;3.762;34.075;51.387;1076.410;26.582;70.324;0.000;27.647;263.528;2.683;65.8;53.928;1076.410;26.442;70.188;0.000;28.498;
26/08/26 17:57;0.000;0.000;1.812;59.318;50.249;1076.410;26.645;70.324;0.000;28.499;263.528;4.172;53.938;48.779;1076.410;26.312;70.188;0.000;27.998;
26/08/26 17:58;0.000;0.000;4.971;36.121;20.95;1076.410;27.08;70.324;0.000;28.209;263.528;2.605;48.193;60.934;1076.410;26.533;70.188;0.000;28.039;
26/08/26 17:59;0.000;0.000;4.268;41.531;40.554;1076.410;26.645;70.324;0.000;27.943;263.528;4.118;56.065;46.39;1076.410;26.501;70.188;0.000;28.253;
26/08/26 18:00;0.000;0.000;5.232;41.46;70.222;1076.410;26.605;70.324;0.000;27.901;263.528;2.29;33.624;56.616;1076.410;26.175;70.188;0.000;27.226;
26/08/26 18:01;0.000;0.000;5.284;26.405;35.455;1076.410;26.162;70.324;0.000;26.987;263.528;4.671;47.341;37.444;1076.410;26.236;70.188;0.000;27.715;
26/08/26 18:02;0.000;0.000;5.524;21.237;22.315;1076.410;26.391;70.324;0.000;27.055;263.528;2.695;38.891;37.12;1076.410;26.399;70.188;0.000;27.614;
26/08/26 18:03;0.000;0.000;3.513;32.08;47.507;1076.410;26.346;70.324;0.000;27.348;263.528;3.378;28.784;29.971;1076.410;26.387;70.188;0.000;27.286;
26/08/26 18:04;0.000;0.000;4.863;42.949;38.306;1076.410;26.845;70.324;0.000;28.187;263.528;4.57;21.088;10.539;1076.410;26.212;70.188;0.000;26.871;
26/08/26 18:05;0.000;0.000;4.726;28.366;24.759;1076.410;26.174;70.324;0.000;27.06;263.528;4.038;34.587;18.163;1076.410;26.542;70.188;0.000;27.623;
26/08/26 18:06;0.000;0.000;4.232;35.265;4.866;1076.410;25.787;70.324;0.000;26.889;263.528;4.973;20.956;29.57;1076.410;26.473;70.188;0.000;27.128;
26/08/26 18:07;0.000;0.000;4.273;2.717;39.652;1076.410;26.166;70.324;0.000;26.251;263.528;3.628;2.385;26.148;1076.410;26.482;70.188;0.000;26.557;
26/08/26 18:08;0.000;0.000;3.749;31.816;13.929;1076.410;26.536;70.324;0.000;27.53;263.528;4.671;31.33;8.986;1076.410;26.172;70.188;0.000;27.151;
26/08/26 18:09;0.000;0.000;5.791;21.071;0.279;1076.410;26.098;70.324;0.000;26.756;263.528;3.924;0.0;11.005;1076.410;26.112;70.188;0.000;26.112;
26/08/26 18:10;0.000;0.000;6.05;12.015;2.886;1076.410;26.05;70.324;0.000;26.425;263.528;4.289;18.154;10.034;1076.410;26.302;70.188;0.000;26.869;
26/08/26 18:11;0.000;0.000;5.273;10.028;14.875;1076.410;26.181;70.324;0.000;26.494;263.528;4.279;4.691;20.709;1076.410;25.917;70.188;0.000;26.064;
26/08/26 18:12;0.000;0.000;5.392;13.89;0.0;1076.410;25.92;70.324;0.000;26.354;263.528;4.84;6.626;13.111;1076.410;26.096;70.188;0.000;26.303;
26/08/26 18:13;0.000;0.000;4.734;26.691;2.639;1076.410;26.009;70.324;0.000;26.843;263.528;4.548;0.0;6.108;1076.410;25.757;70.188;0.000;25.757;
26/08/26 18:14;0.000;0.000;3.64;0.0;5.902;1076.410;26.111;70.324;0.000;26.111;263.528;3.572;0.0;12.147;1076.410;25.685;70.188;0.000;25.685;
26/08/26 18:15;0.000;0.000;4.197;0.0;0.0;1076.410;26.214;70.324;0.000;26.214;263.528;4.496;6.541;8.347;1076.410;26.191;70.188;0.000;26.395;
26/08/26 18:16;0.000;0.000;2.975;-0.022;0.036;1076.410;25.464;70.324;0.000;25.464;263.528;1.65;0.021;0.043;1076.410;25.487;70.188;0.000;25.487;
26/08/26 18:17;0.000;0.000;2.798;-0.04;0.017;1076.410;25.432;70.324;0.000;25.432;263.528;2.804;-0.037;-0.028;1076.410;25.475;70.188;0.000;25.475;
26/08/26 18:18;0.000;0.000;3.262;0.024;0.021;1076.410;25.622;70.324;0.000;25.622;263.528;2.707;0.02;0.01;1076.410;25.483;70.188;0.000;25.483;
26/08/26 18:19;0.000;0.000;2.541;-0.021;-0.041;1076.410;25.469;70.324;0.000;25.469;263.528;1.581;0.043;0.004;1076.410;25.424;70.188;0.000;25.424;
26/08/26 18:20;0.000;0.000;2.393;0.04;-0.049;1076.410;25.418;70.324;0.000;25.418;263.528;1.443;-0.012;-0.009;1076.410;25.504;70.188;0.000;25.504;
26/08/26 18:21;0.000;0.000;2.702;-0.048;0.049;1076.410;25.526;70.324;0.000;25.526;263.528;2.067;-0.036;-0.027;1076.410;25.589;70.188;0.000;25.589;
26/08/26 18:22;0.000;0.000;2.732;-0.049;-0.021;1076.410;25.502;70.324;0.000;25.502;263.528;2.011;0.034;0.035;1076.410;25.418;70.188;0.000;25.418;
26/08/26 18:23;0.000;0.000;2.946;0.004;0.042;1076.410;25.362;70.324;0.000;25.362;263.528;2.312;-0.019;-0.016;1076.410;25.392;70.188;0.000;25.392;
26/08/26 18:24;0.000;0.000;1.849;0.035;0.049;1076.410;25.523;70.324;0.000;25.523;263.528;1.727;0.028;-0.009;1076.410;25.395;70.188;0.000;25.395;
26/08/26 18:25;0.000;0.000;2.071;-0.005;-0.034;1076.410;25.532;70.324;0.000;25.532;263.528;2.594;0.026;0.006;1076.410;25.252;70.188;0.000;25.252;
26/08/26 18:26;0.000;0.000;2.605;-0.014;-0.014;1076.410;25.474;70.324;0.000;25.474;263.528;2.487;-0.019;-0.044;1076.410;25.351;70.188;0.000;25.351;
26/08/26 18:27;0.000;0.000;1.862;-0.045;0.034;1076.410;25.646;70.324;0.000;25.646;263.528;2.457;0.05;0.029;1076.410;25.321;70.188;0.000;25.321;
26/08/26 18:28;0.000;0.000;1.927;-0.007;0.029;1076.410;25.293;70.324;0.000;25.293;263.528;2.223;-0.02;-0.003;1076.410;25.326;70.188;0.000;25.326;
26/08/26 18:29;0.000;0.000;2.87;-0.035;0.022;1076.410;25.634;70.324;0.000;25.634;263.528;2.051;-0.004;0.032;1076.410;25.489;70.188;0.000;25.489;
26/08/26 18:30;0.000;0.000;2.886;0.0;0.003;1076.410;25.578;70.324;0.000;25.578;263.528;1.565;-0.04;0.006;1076.410;25.375;70.188;0.000;25.375;
26/08/26 18:31;0.000;0.000;2.434;0.028;-0.039;1076.410;25.436;70.324;0.000;25.436;263.528;2.229;-0.008;-0.015;1076.410;25.345;70.188;0.000;25.345;
26/08/26 18:32;0.000;0.000;1.213;-0.023;0.016;1076.410;25.744;70.324;0.000;25.744;263.528;1.783;-0.019;0.046;1076.410;25.41;70.188;0.000;25.41;
26/08/26 18:33;0.000;0.000;2.117;-0.042;-0.025;1076.410;25.435;70.324;0.000;25.435;263.528;2.116;-0.02;-0.005;1076.410;25.48;70.188;0.000;25.48;
26/08/26 18:34;0.000;0.000;2.1;-0.018;-0.003;1076.410;25.416;70.324;0.000;25.416;263.528;2.756;-0.046;-0.029;1076.410;25.472;70.188;0.000;25.472;
26/08/26 18:35;0.000;0.000;1.594;-0.028;-0.008;1076.410;25.498;70.324;0.000;25.498;263.528;2.036;-0.014;0.016;1076.410;25.383;70.188;0.000;25.383;
26/08/26 18:36;0.000;0.000;2.144;0.046;0.048;1076.410;25.454;70.324;0.000;25.454;263.528;2.546;-0.001;0.018;1076.410;25.292;70.188;0.000;25.292;
26/08/26 18:37;0.000;0.000;2.731;-0.012;0.005;1076.410;25.415;70.324;0.000;25.415;263.528;1.952;0.015;-0.005;1076.410;25.307;70.188;0.000;25.307;
26/08/26 18:38;0.000;0.000;3.351;-0.008;0.046;1076.410;25.742;70.324;0.000;25.742;263.528;1.653;-0.023;-0.02;1076.410;25.359;70.188;0.000;25.359;
26/08/26 18:39;0.000;0.000;2.645;-0.017;-0.042;1076.410;25.434;70.324;0.000;25.434;263.528;2.798;-0.0;-0.024;1076.410;25.427;70.188;0.000;25.427;
26/08/26 18:40;0.000;0.000;2.179;0.04;0.008;1076.410;25.326;70.324;0.000;25.326;263.528;2.262;0.012;-0.008;1076.410;25.312;70.188;0.000;25.312;
26/08/26 18:41;0.000;0.000;2.373;-0.033;0.031;1076.410;25.49;70.324;0.000;25.49;263.528;2.788;-0.008;-0.044;1076.410;25.292;70.188;0.000;25.292;
26/08/26 18:42;0.000;0.000;1.931;-0.05;0.014;1076.410;25.495;70.324;0.000;25.495;263.528;2.519;-0.013;0.029;1076.410;25.44;70.188;0.000;25.44;
26/08/26 18:43;0.000;0.000;2.099;0.047;0.003;1076.410;25.333;70.324;0.000;25.333;263.528;2.634;-0.001;0.021;1076.410;25.418;70.188;0.000;25.418;
26/08/26 18:44;0.000;0.000;2.337;0.047;-0.031;1076.410;25.575;70.324;0.000;25.575;263.528;3.248;0.007;-0.029;1076.410;25.37;70.188;0.000;25.37;
26/08/26 18:45;0.000;0.000;2.131;0.036;-0.008;1076.410;25.54;70.324;0.000;25.54;263.528;1.778;0.043;0.02;1076.410;25.336;70.188;0.000;25.336;
26/08/26 18:46;0.000;0.000;3.209;0.036;-0.034;1076.410;25.626;70.324;0.000;25.626;263.528;1.583;0.007;0.005;1076.410;25.341;70.188;0.000;25.341;
26/08/26 18:47;0.000;0.000;2.553;0.021;-0.037;1076.410;25.443;70.324;0.000;25.443;263.528;1.898;0.043;-0.029;1076.410;25.453;70.188;0.000;25.453;
26/08/26 18:48;0.000;0.000;1.916;0.022;0.016;1076.410;25.428;70.324;0.000;25.428;263.528;2.646;0.02;0.036;1076.410;25.474;70.188;0.000;25.474;
26/08/26 18:49;0.000;0.000;1.899;0.016;-0.0;1076.410;25.545;70.324;0.000;25.545;263.528;2.136;-0.022;0.011;1076.410;25.346;70.188;0.000;25.346;
26/08/26 18:50;0.000;0.000;2.929;-0.004;-0.022;1076.410;25.392;70.324;0.000;25.392;263.528;2.513;-0.044;-0.05;1076.410;25.431;70.188;0.000;25.431;
26/08/26 18:51;0.000;0.000;2.513;-0.032;0.011;1076.410;25.51;70.324;0.000;25.51;263.528;2.201;-0.014;0.004;1076.410;25.607;70.188;0.000;25.607;
26/08/26 18:52;0.000;0.000;2.014;0.011;-0.03;1076.410;25.509;70.324;0.000;25.509;263.528;3.061;0.029;-0.03;1076.410;25.513;70.188;0.000;25.513;
26/08/26 18:53;0.000;0.000;2.008;0.021;0.014;1076.410;25.49;70.324;0.000;25.49;263.528;2.232;-0.041;0.001;1076.410;25.382;70.188;0.000;25.382;
26/08/26 18:54;0.000;0.000;2.16;-0.001;-0.014;1076.410;25.518;70.324;0.000;25.518;263.528;2.291;0.007;-0.026;1076.410;25.387;70.188;0.000;25.387;
26/08/26 18:55;0.000;0.000;2.484;0.038;-0.032;1076.410;25.438;70.324;0.000;25.438;263.528;1.576;0.003;-0.018;1076.410;25.294;70.188;0.000;25.294;
26/08/26 18:56;0.000;0.000;2.437;0.043;-0.012;1076.410;25.53;70.324;0.000;25.53;263.528;2.124;-0.039;-0.014;1076.410;25.427;70.188;0.000;25.427;
26/08/26 18:57;0.000;0.000;3.143;-0.044;-0.037;1076.410;25.541;70.324;0.000;25.541;263.528;2.436;0.006;0.044;1076.410;25.48;70.188;0.000;25.48;
26/08/26 18:58;0.000;0.000;2.349;-0.032;0.04;1076.410;25.752;70.324;0.000;25.752;263.528;2.642;0.012;0.024;1076.410;25.352;70.188;0.000;25.352;
26/08/26 18:59;0.000;0.000;2.131;0.039;0.013;1076.410;25.68;70.324;0.000;25.68;263.528;2.067;0.046;0.001;1076.410;25.21;70.188;0.000;25.21;
26/08/26 19:00;0.000;0.000;2.413;-0.007;-0.03;1076.410;25.518;70.324;0.000;25.518;263.528;2.761;-0.001;0.042;1076.410;25.404;70.188;0.000;25.404;
26/08/26 19:01;0.000;0.000;2.127;-0.022;0.045;1076.410;25.645;70.324;0.000;25.645;263.528;2.33;-0.022;0.028;1076.410;25.475;70.188;0.000;25.475;
26/08/26 19:02;0.000;0.000;2.566;-0.049;0.003;1076.410;25.532;70.324;0.000;25.532;263.528;2.043;-0.014;-0.005;1076.410;25.43;70.188;0.000;25.43;
26/08/26 19:03;0.000;0.000;2.595;0.019;0.0;1076.410;25.483;70.324;0.000;25.483;263.528;1.791;0.049;0.033;1076.410;25.332;70.188;0.000;25.332;
26/08/26 19:04;0.000;0.000;1.919;0.008;-0.03;1076.410;25.481;70.324;0.000;25.481;263.528;3.136;-0.01;-0.041;1076.410;25.285;70.188;0.000;25.285;
26/08/26 19:05;0.000;0.000;1.146;0.049;0.012;1076.410;25.454;70.324;0.000;25.454;263.528;2.718;0.016;0.039;1076.410;25.527;70.188;0.000;25.527;
26/08/26 19:06;0.000;0.000;3.074;-0.044;0.015;1076.410;25.531;70.324;0.000;25.531;263.528;2.205;0.047;-0.04;1076.410;25.397;70.188;0.000;25.397;
26/08/26 19:07;0.000;0.000;2.662;-0.031;-0.021;1076.410;25.426;70.324;0.000;25.426;263.528;1.988;-0.005;-0.016;1076.410;25.392;70.188;0.000;25.392;
26/08/26 19:08;0.000;0.000;2.343;-0.031;0.006;1076.410;25.36;70.324;0.000;25.36;263.528;2.734;0.043;-0.015;1076.410;25.37;70.188;0.000;25.37;
26/08/26 19:09;0.000;0.000;2.959;-0.017;0.043;1076.410;25.644;70.324;0.000;25.644;263.528;1.678;-0.027;0.047;1076.410;25.584;70.188;0.000;25.584;
26/08/26 19:10;0.000;0.000;2.071;0.001;0.015;1076.410;25.522;70.324;0.000;25.522;263.528;1.491;-0.039;-0.002;1076.410;25.444;70.188;0.000;25.444;
26/08/26 19:11;0.000;0.000;2.108;-0.007;-0.036;1076.410;25.367;70.324;0.000;25.367;263.528;2.318;-0.036;-0.032;1076.410;25.397;70.188;0.000;25.397;
26/08/26 19:12;0.000;0.000;2.551;-0.02;0.044;1076.410;25.659;70.324;0.000;25.659;263.528;2.764;0.03;-0.011;1076.410;25.43;70.188;0.000;25.43;
26/08/26 19:13;0.000;0.000;3.002;-0.012;0.043;1076.410;25.431;70.324;0.000;25.431;263.528;2.719;-0.002;0.021;1076.410;25.483;70.188;0.000;25.483;
26/08/26 19:14;0.000;0.000;2.616;0.021;0.012;1076.410;25.549;70.324;0.000;25.549;263.528;2.933;-0.019;0.043;1076.410;25.371;70.188;0.000;25.371;
26/08/26 19:15;0.000;0.000;2.38;0.026;0.039;1076.410;25.333;70.324;0.000;25.333;263.528;1.763;0.048;0.033;1076.410;25.414;70.188;0.000;25.414;
26/08/26 19:16;0.000;0.000;1.526;-0.047;-0.034;1076.410;25.713;70.324;0.000;25.713;263.528;2.81;0.005;-0.003;1076.410;25.437;70.188;0.000;25.437;
26/08/26 19:17;0.000;0.000;2.523;-0.049;0.049;1076.410;25.444;70.324;0.000;25.444;263.528;2.625;0.039;-0.032;1076.410;25.32;70.188;0.000;25.32;
26/08/26 19:18;0.000;0.000;2.364;0.01;0.043;1076.410;25.56;70.324;0.000;25.56;263.528;0.774;-0.01;0.05;1076.410;25.527;70.188;0.000;25.527;
26/08/26 19:19;0.000;0.000;2.939;0.023;0.033;1076.410;25.369;70.324;0.000;25.369;263.528;1.083;0.014;-0.007;1076.410;25.42;70.188;0.000;25.42;
26/08/26 19:20;0.000;0.000;2.67;-0.022;-0.024;1076.410;25.446;70.324;0.000;25.446;263.528;2.259;-0.018;-0.025;1076.410;25.435;70.188;0.000;25.435;
26/08/26 19:21;0.000;0.000;2.354;0.034;0.046;1076.410;25.588;70.324;0.000;25.588;263.528;2.764;-0.035;0.019;1076.410;25.39;70.188;0.000;25.39;
26/08/26 19:22;0.000;0.000;2.785;0.016;-0.036;1076.410;25.695;70.324;0.000;25.695;263.528;2.43;-0.036;-0.033;1076.410;25.641;70.188;0.000;25.641;
26/08/26 19:23;0.000;0.000;2.736;-0.007;0.014;1076.410;25.478;70.324;0.000;25.478;263.528;1.825;-0.04;0.019;1076.410;25.349;70.188;0.000;25.349;
26/08/26 19:24;0.000;0.000;3.193;0.043;-0.046;1076.410;25.57;70.324;0.000;25.57;263.528;2.613;-0.045;0.024;1076.410;25.386;70.188;0.000;25.386;
26/08/26 19:25;0.000;0.000;3.515;0.01;-0.049;1076.410;25.586;70.324;0.000;25.586;263.528;2.63;-0.011;-0.033;1076.410;25.313;70.188;0.000;25.313;
26/08/26 19:26;0.000;0.000;2.335;-0.015;0.042;1076.410;25.305;70.324;0.000;25.305;263.528;2.003;-0.04;-0.003;1076.410;25.369;70.188;0.000;25.369;
26/08/26 19:27;0.000;0.000;2.055;0.045;-0.033;1076.410;25.434;70.324;0.000;25.434;263.528;2.08;-0.025;0.008;1076.410;25.469;70.188;0.000;25.469;
26/08/26 19:28;0.000;0.000;2.74;0.045;-0.035;1076.410;25.543;70.324;0.000;25.543;263.528;2.419;-0.009;-0.035;1076.410;25.421;70.188;0.000;25.421;
26/08/26 19:29;0.000;0.000;2.807;-0.013;0.016;1076.410;25.482;70.324;0.000;25.482;263.528;1.597;0.049;0.028;1076.410;25.368;70.188;0.000;25.368;
26/08/26 19:30;0.000;0.000;2.798;-0.015;-0.002;1076.410;25.268;70.324;0.000;25.268;263.528;3.027;0.006;0.007;1076.410;25.557;70.188;0.000;25.557;
26/08/26 19:31;0.000;0.000;3.901;-0.033;0.019;1076.410;25.45;70.324;0.000;25.45;263.528;2.529;-0.026;0.017;1076.410;25.2;70.188;0.000;25.2;
26/08/26 19:32;0.000;0.000;1.877;-0.011;-0.02;1076.410;25.597;70.324;0.000;25.597;263.528;1.619;-0.033;0.021;1076.410;25.529;70.188;0.000;25.529;
26/08/26 19:33;0.000;0.000;2.678;0.042;0.011;1076.410;25.337;70.324;0.000;25.337;263.528;3.131;0.001;-0.045;1076.410;25.443;70.188;0.000;25.443;
26/08/26 19:34;0.000;0.000;1.655;0.038;-0.022;1076.410;25.518;70.324;0.000;25.518;263.528;1.949;-0.004;-0.043;1076.410;25.486;70.188;0.000;25.486;
26/08/26 19:35;0.000;0.000;2.632;0.015;-0.003;1076.410;25.443;70.324;0.000;25.443;263.528;3.076;-0.038;-0.026;1076.410;25.291;70.188;0.000;25.291;
26/08/26 19:36;0.000;0.000;2.844;0.039;-0.046;1076.410;25.602;70.324;0.000;25.602;263.528;2.545;-0.0;-0.02;1076.410;25.478;70.188;0.000;25.478;
26/08/26 19:37;0.000;0.000;2.816;0.048;-0.017;1076.410;25.346;70.324;0.000;25.346;263.528;2.473;0.026;-0.012;1076.410;25.3;70.188;0.000;25.3;
26/08/26 19:38;0.000;0.000;2.099;0.004;-0.049;1076.410;25.579;70.324;0.000;25.579;263.528;2.448;0.033;0.033;1076.410;25.481;70.188;0.000;25.481;
26/08/26 19:39;0.000;0.000;2.182;-0.033;0.045;1076.410;25.535;70.324;0.000;25.535;263.528;1.86;0.04;-0.022;1076.410;25.413;70.188;0.000;25.413;
26/08/26 19:40;0.000;0.000;3.234;0.027;-0.002;1076.410;25.631;70.324;0.000;25.631;263.528;1.78;-0.026;0.022;1076.410;25.244;70.188;0.000;25.244;
26/08/26 19:41;0.000;0.000;1.868;0.022;-0.023;1076.410;25.51;70.324;0.000;25.51;263.528;2.59;0.029;-0.018;1076.410;25.443;70.188;0.000;25.443;
26/08/26 19:42;0.000;0.000;2.271;0.042;0.033;1076.410;25.637;70.324;0.000;25.637;263.528;2.341;0.02;0.027;1076.410;25.575;70.188;0.000;25.575;
26/08/26 19:43;0.000;0.000;2.77;0.042;-0.003;1076.410;25.453;70.324;0.000;25.453;263.528;2.217;0.018;-0.045;1076.410;25.361;70.188;0.000;25.361;
26/08/26 19:44;0.000;0.000;3.241;-0.049;0.04;1076.410;25.571;70.324;0.000;25.571;263.528;2.409;-0.021;-0.003;1076.410;25.466;70.188;0.000;25.466;
26/08/26 19:45;0.000;0.000;2.53;-0.032;0.027;1076.410;25.827;70.324;0.000;25.827;263.528;2.326;0.046;0.026;1076.410;25.336;70.188;0.000;25.336;
26/08/26 19:46;0.000;0.000;2.444;0.01;0.024;1076.410;25.507;70.324;0.000;25.507;263.528;2.384;-0.011;0.019;1076.410;25.414;70.188;0.000;25.414;
26/08/26 19:47;0.000;0.000;2.382;-0.023;0.04;1076.410;25.467;70.324;0.000;25.467;263.528;2.494;0.015;0.02;1076.410;25.559;70.188;0.000;25.559;
26/08/26 19:48;0.000;0.000;2.288;0.023;0.048;1076.410;25.55;70.324;0.000;25.55;263.528;2.043;-0.003;-0.017;1076.410;25.466;70.188;0.000;25.466;
26/08/26 19:49;0.000;0.000;2.657;0.043;-0.048;1076.410;25.628;70.324;0.000;25.628;263.528;1.594;-0.034;-0.001;1076.410;25.418;70.188;0.000;25.418;
26/08/26 19:50;0.000;0.000;2.076;0.016;0.022;1076.410;25.54;70.324;0.000;25.54;263.528;2.903;0.046;-0.019;1076.410;25.378;70.188;0.000;25.378;
26/08/26 19:51;0.000;0.000;1.652;-0.03;-0.006;1076.410;25.325;70.324;0.000;25.325;263.528;2.123;-0.05;0.01;1076.410;25.402;70.188;0.000;25.402;
26/08/26 19:52;0.000;0.000;1.174;-0.044;-0.005;1076.410;25.55;70.324;0.000;25.55;263.528;2.949;-0.042;0.001;1076.410;25.526;70.188;0.000;25.526;
26/08/26 19:53;0.000;0.000;2.813;0.039;-0.027;1076.410;25.533;70.324;0.000;25.533;263.528;2.456;-0.027;-0.003;1076.410;25.454;70.188;0.000;25.454;
26/08/26 19:54;0.000;0.000;2.554;0.042;-0.027;1076.410;25.32;70.324;0.000;25.32;263.528;2.55;-0.028;0.024;1076.410;25.411;70.188;0.000;25.411;
26/08/26 19:55;0.000;0.000;1.91;-0.034;0.024;1076.410;25.405;70.324;0.000;25.405;263.528;2.038;-0.041;0.037;1076.410;25.445;70.188;0.000;25.445;
26/08/26 19:56;0.000;0.000;2.612;-0.015;0.036;1076.410;25.607;70.324;0.000;25.607;263.528;2.34;0.035;-0.037;1076.410;25.361;70.188;0.000;25.361;
26/08/26 19:57;0.000;0.000;2.465;-0.037;-0.012;1076.410;25.483;70.324;0.000;25.483;263.528;1.794;0.021;0.001;1076.410;25.523;70.188;0.000;25.523;
26/08/26 19:58;0.000;0.000;3.119;-0.02;-0.048;1076.410;25.612;70.324;0.000;25.612;263.528;3.178;0.035;-0.03;1076.410;25.292;70.188;0.000;25.292;
26/08/26 19:59;0.000;0.000;2.321;-0.028;-0.041;1076.410;25.597;70.324;0.000;25.597;263.528;1.825;-0.034;-0.032;1076.410;25.446;70.188;0.000;25.446;
26/08/26 20:00;0.000;0.000;2.899;-0.045;0.04;1076.410;25.419;70.324;0.000;25.419;263.528;2.435;-0.029;0.031;1076.410;25.601;70.188;0.000;25.601;
26/08/26 20:01;0.000;0.000;2.569;-0.048;0.023;1076.410;25.363;70.324;0.000;25.363;263.528;2.355;0.042;0.021;1076.410;25.388;70.188;0.000;25.388;
26/08/26 20:02;0.000;0.000;1.88;-0.04;0.012;1076.410;25.392;70.324;0.000;25.392;263.528;2.447;-0.034;0.048;1076.410;25.256;70.188;0.000;25.256;
26/08/26 20:03;0.000;0.000;1.57;-0.017;-0.016;1076.410;25.521;70.324;0.000;25.521;263.528;2.512;0.023;0.041;1076.410;25.295;70.188;0.000;25.295;
26/08/26 20:04;0.000;0.000;2.328;-0.036;0.017;1076.410;25.511;70.324;0.000;25.511;263.528;2.008;-0.044;-0.021;1076.410;25.482;70.188;0.000;25.482;
26/08/26 20:05;0.000;0.000;2.878;-0.033;-0.014;1076.410;25.711;70.324;0.000;25.711;263.528;1.915;-0.046;0.032;1076.410;25.41;70.188;0.000;25.41;
26/08/26 20:06;0.000;0.000;2.124;-0.048;0.029;1076.410;25.463;70.324;0.000;25.463;263.528;2.626;0.041;-0.027;1076.410;25.35;70.188;0.000;25.35;
26/08/26 20:07;0.000;0.000;2.985;-0.004;0.002;1076.410;25.657;70.324;0.000;25.657;263.528;1.911;0.036;0.027;1076.410;25.603;70.188;0.000;25.603;
26/08/26 20:08;0.000;0.000;2.901;0.018;-0.002;1076.410;25.522;70.324;0.000;25.522;263.528;2.537;-0.033;0.045;1076.410;25.274;70.188;0.000;25.274;
26/08/26 20:09;0.000;0.000;2.573;-0.018;-0.049;1076.410;25.586;70.324;0.000;25.586;263.528;2.565;0.002;-0.05;1076.410;25.458;70.188;0.000;25.458;
26/08/26 20:10;0.000;0.000;2.402;0.049;0.032;1076.410;25.556;70.324;0.000;25.556;263.528;2.886;0.038;-0.033;1076.410;25.351;70.188;0.000;25.351;
26/08/26 20:11;0.000;0.000;2.738;0.043;-0.017;1076.410;25.665;70.324;0.000;25.665;263.528;2.206;0.003;-0.037;1076.410;25.352;70.188;0.000;25.352;
26/08/26 20:12;0.000;0.000;2.354;0.0;-0.032;1076.410;25.439;70.324;0.000;25.439;263.528;1.821;-0.03;-0.008;1076.410;25.346;70.188;0.000;25.346;
26/08/26 20:13;0.000;0.000;2.67;-0.021;-0.029;1076.410;25.575;70.324;0.000;25.575;263.528;2.26;-0.037;0.046;1076.410;25.615;70.188;0.000;25.615;
26/08/26 20:14;0.000;0.000;3.045;-0.026;0.007;1076.410;25.58;70.324;0.000;25.58;263.528;2.501;-0.016;0.047;1076.410;25.268;70.188;0.000;25.268;
26/08/26 20:15;0.000;0.000;2.571;-0.034;0.038;1076.410;25.623;70.324;0.000;25.623;263.528;2.435;-0.006;-0.041;1076.410;25.306;70.188;0.000;25.306;
26/08/26 20:16;0.000;0.000;2.308;-0.011;-0.044;1076.410;25.614;70.324;0.000;25.614;263.528;1.863;0.022;0.022;1076.410;25.391;70.188;0.000;25.391;
26/08/26 20:17;0.000;0.000;2.396;-0.005;-0.004;1076.410;25.372;70.324;0.000;25.372;263.528;2.357;0.039;-0.021;1076.410;25.531;70.188;0.000;25.531;
26/08/26 20:18;0.000;0.000;2.873;0.012;-0.018;1076.410;25.637;70.324;0.000;25.637;263.528;2.354;-0.02;-0.025;1076.410;25.375;70.188;0.000;25.375;
26/08/26 20:19;0.000;0.000;1.014;0.025;-0.043;1076.410;25.495;70.324;0.000;25.495;263.528;2.887;0.014;0.049;1076.410;25.334;70.188;0.000;25.334;
26/08/26 20:20;0.000;0.000;2.224;0.029;0.003;1076.410;25.624;70.324;0.000;25.624;263.528;2.834;0.032;0.016;1076.410;25.355;70.188;0.000;25.355;
26/08/26 20:21;0.000;0.000;2.303;-0.044;-0.045;1076.410;25.551;70.324;0.000;25.551;263.528;2.058;-0.001;-0.009;1076.410;25.51;70.188;0.000;25.51;
26/08/26 20:22;0.000;0.000;2.625;-0.003;-0.017;1076.410;25.484;70.324;0.000;25.484;263.528;2.466;-0.041;0.009;1076.410;25.607;70.188;0.000;25.607;
26/08/26 20:23;0.000;0.000;2.237;0.044;-0.022;1076.410;25.48;70.324;0.000;25.48;263.528;1.771;0.031;-0.019;1076.410;25.443;70.188;0.000;25.443;
26/08/26 20:24;0.000;0.000;1.857;0.04;0.038;1076.410;25.591;70.324;0.000;25.591;263.528;2.898;-0.048;-0.038;1076.410;25.464;70.188;0.000;25.464;
26/08/26 20:25;0.000;0.000;3.402;-0.033;0.032;1076.410;25.684;70.324;0.000;25.684;263.528;2.366;-0.027;0.024;1076.410;25.362;70.188;0.000;25.362;
26/08/26 20:26;0.000;0.000;3.243;-0.05;0.032;1076.410;25.618;70.324;0.000;25.618;263.528;1.832;0.008;-0.001;1076.410;25.398;70.188;0.000;25.398;
26/08/26 20:27;0.000;0.000;1.844;0.047;-0.019;1076.410;25.599;70.324;0.000;25.599;263.528;2.027;-0.003;-0.016;1076.410;25.319;70.188;0.000;25.319;
26/08/26 20:28;0.000;0.000;2.392;0.037;0.017;1076.410;25.512;70.324;0.000;25.512;263.528;2.199;0.036;-0.013;1076.410;25.367;70.188;0.000;25.367;
26/08/26 20:29;0.000;0.000;1.431;-0.043;-0.023;1076.410;25.218;70.324;0.000;25.218;263.528;2.603;0.013;-0.028;1076.410;25.413;70.188;0.000;25.413;
26/08/26 20:30;0.000;0.000;2.226;-0.014;-0.01;1076.410;25.51;70.324;0.000;25.51;263.528;2.111;-0.006;-0.011;1076.410;25.466;70.188;0.000;25.466;
26/08/26 20:31;0.000;0.000;2.388;-0.048;0.018;1076.410;25.465;70.324;0.000;25.465;263.528;2.245;-0.001;-0.03;1076.410;25.47;70.188;0.000;25.47;
26/08/26 20:32;0.000;0.000;2.376;-0.014;0.022;1076.410;25.553;70.324;0.000;25.553;263.528;2.088;0.041;-0.04;1076.410;25.401;70.188;0.000;25.401;
26/08/26 20:33;0.000;0.000;2.663;-0.038;-0.007;1076.410;25.543;70.324;0.000;25.543;263.528;2.346;-0.023;-0.009;1076.410;25.519;70.188;0.000;25.519;
26/08/26 20:34;0.000;0.000;2.436;-0.024;0.011;1076.410;25.314;70.324;0.000;25.314;263.528;2.037;-0.027;-0.003;1076.410;25.467;70.188;0.000;25.467;
26/08/26 20:35;0.000;0.000;1.771;0.007;0.035;1076.410;25.593;70.324;0.000;25.593;263.528;2.945;0.037;0.025;1076.410;25.395;70.188;0.000;25.395;
26/08/26 20:36;0.000;0.000;2.989;0.032;-0.007;1076.410;25.44;70.324;0.000;25.44;263.528;2.256;0.042;-0.033;1076.410;25.495;70.188;0.000;25.495;
26/08/26 20:37;0.000;0.000;3.146;0.005;0.009;1076.410;25.534;70.324;0.000;25.534;263.528;1.809;-0.017;-0.008;1076.410;25.418;70.188;0.000;25.418;
26/08/26 20:38;0.000;0.000;2.78;-0.002;0.045;1076.410;25.446;70.324;0.000;25.446;263.528;2.266;0.002;-0.041;1076.410;25.46;70.188;0.000;25.46;
26/08/26 20:39;0.000;0.000;2.603;-0.017;-0.049;1076.410;25.604;70.324;0.000;25.604;263.528;2.375;-0.046;-0.018;1076.410;25.344;70.188;0.000;25.344;
26/08/26 20:40;0.000;0.000;1.875;-0.045;0.021;1076.410;25.506;70.324;0.000;25.506;263.528;2.315;-0.037;-0.046;1076.410;25.493;70.188;0.000;25.493;
26/08/26 20:41;0.000;0.000;3.157;-0.046;0.014;1076.410;25.527;70.324;0.000;25.527;263.528;2.164;0.035;0.01;1076.410;25.319;70.188;0.000;25.319;
26/08/26 20:42;0.000;0.000;2.398;0.028;0.023;1076.410;25.719;70.324;0.000;25.719;263.528;2.273;0.048;-0.006;1076.410;25.277;70.188;0.000;25.277;
26/08/26 20:43;0.000;0.000;2.284;-0.006;-0.024;1076.410;25.704;70.324;0.000;25.704;263.528;2.693;-0.038;-0.014;1076.410;25.331;70.188;0.000;25.331;
26/08/26 20:44;0.000;0.000;2.089;0.042;0.001;1076.410;25.411;70.324;0.000;25.411;263.528;1.636;0.019;0.045;1076.410;25.474;70.188;0.000;25.474;
26/08/26 20:45;0.000;0.000;3.194;0.049;0.028;1076.410;25.494;70.324;0.000;25.494;263.528;2.028;0.037;-0.015;1076.410;25.355;70.188;0.000;25.355;
26/08/26 20:46;0.000;0.000;2.5;0.013;-0.006;1076.410;25.69;70.324;0.000;25.69;263.528;2.174;-0.009;-0.03;1076.410;25.289;70.188;0.000;25.289;
26/08/26 20:47;0.000;0.000;2.039;0.032;0.049;1076.410;25.438;70.324;0.000;25.438;263.528;2.8;-0.016;-0.017;1076.410;25.346;70.188;0.000;25.346;
26/08/26 20:48;0.000;0.000;2.947;-0.048;0.039;1076.410;25.478;70.324;0.000;25.478;263.528;1.498;-0.047;-0.026;1076.410;25.237;70.188;0.000;25.237;
26/08/26 20:49;0.000;0.000;3.287;0.013;0.007;1076.410;25.514;70.324;0.000;25.514;263.528;2.126;-0.005;-0.002;1076.410;25.286;70.188;0.000;25.286;
26/08/26 20:50;0.000;0.000;2.666;0.006;0.009;1076.410;25.5;70.324;0.000;25.5;263.528;2.387;0.03;0.02;1076.410;25.424;70.188;0.000;25.424;
26/08/26 20:51;0.000;0.000;2.122;0.029;-0.031;1076.410;25.539;70.324;0.000;25.539;263.528;1.729;0.019;-0.003;1076.410;25.295;70.188;0.000;25.295;
26/08/26 20:52;0.000;0.000;2.132;0.026;0.03;1076.410;25.637;70.324;0.000;25.637;263.528;1.781;0.028;0.037;1076.410;25.379;70.188;0.000;25.379;
26/08/26 20:53;0.000;0.000;2.157;0.04;-0.04;1076.410;25.316;70.324;0.000;25.316;263.528;2.871;0.002;-0.039;1076.410;25.551;70.188;0.000;25.551;
26/08/26 20:54;0.000;0.000;2.388;-0.019;0.026;1076.410;25.285;70.324;0.000;25.285;263.528;2.412;0.011;-0.026;1076.410;25.461;70.188;0.000;25.461;
26/08/26 20:55;0.000;0.000;2.445;-0.018;-0.021;1076.410;25.274;70.324;0.000;25.274;263.528;3.289;0.007;0.046;1076.410;25.349;70.188;0.000;25.349;
26/08/26 20:56;0.000;0.000;2.627;0.013;-0.008;1076.410;25.273;70.324;0.000;25.273;263.528;1.481;-0.023;-0.003;1076.410;25.504;70.188;0.000;25.504;
26/08/26 20:57;0.000;0.000;2.896;-0.034;-0.026;1076.410;25.622;70.324;0.000;25.622;263.528;1.988;0.034;0.019;1076.410;25.471;70.188;0.000;25.471;
26/08/26 20:58;0.000;0.000;2.943;0.006;-0.037;1076.410;25.275;70.324;0.000;25.275;263.528;2.137;-0.005;-0.007;1076.410;25.445;70.188;0.000;25.445;
26/08/26 20:59;0.000;0.000;2.858;0.035;0.049;1076.410;25.422;70.324;0.000;25.422;263.528;2.204;0.024;0.026;1076.410;25.095;70.188;0.000;25.095;
26/08/26 21:00;0.000;0.000;2.028;0.02;-0.02;1076.410;25.385;70.324;0.000;25.385;263.528;2.264;0.014;-0.005;1076.410;25.487;70.188;0.000;25.487;
26/08/26 21:01;0.000;0.000;1.192;0.036;-0.025;1076.410;25.224;70.324;0.000;25.224;263.528;3.075;0.044;-0.015;1076.410;25.457;70.188;0.000;25.457;
26/08/26 21:02;0.000;0.000;2.291;0.01;0.028;1076.410;25.496;70.324;0.000;25.496;263.528;2.15;-0.032;-0.048;1076.410;25.479;70.188;0.000;25.479;
26/08/26 21:03;0.000;0.000;1.854;0.036;-0.002;1076.410;25.455;70.324;0.000;25.455;263.528;2.999;0.032;-0.007;1076.410;25.359;70.188;0.000;25.359;
26/08/26 21:04;0.000;0.000;3.062;-0.046;-0.044;1076.410;25.613;70.324;0.000;25.613;263.528;2.634;0.022;-0.009;1076.410;25.224;70.188;0.000;25.224;
26/08/26 21:05;0.000;0.000;2.669;-0.01;0.037;1076.410;25.544;70.324;0.000;25.544;263.528;1.924;-0.01;0.019;1076.410;25.335;70.188;0.000;25.335;
26/08/26 21:06;0.000;0.000;2.638;0.013;-0.009;1076.410;25.513;70.324;0.000;25.513;263.528;2.198;-0.045;-0.01;1076.410;25.311;70.188;0.000;25.311;
26/08/26 21:07;0.000;0.000;1.754;-0.011;-0.006;1076.410;25.375;70.324;0.000;25.375;263.528;1.8;0.017;0.023;1076.410;25.423;70.188;0.000;25.423;
26/08/26 21:08;0.000;0.000;1.821;0.041;-0.013;1076.410;25.411;70.324;0.000;25.411;263.528;2.124;0.005;-0.01;1076.410;25.438;70.188;0.000;25.438;
26/08/26 21:09;0.000;0.000;2.841;0.029;-0.019;1076.410;25.658;70.324;0.000;25.658;263.528;2.725;0.041;0.017;1076.410;25.343;70.188;0.000;25.343;
26/08/26 21:10;0.000;0.000;2.025;0.034;-0.03;1076.410;25.384;70.324;0.000;25.384;263.528;1.814;-0.039;0.031;1076.410;25.4;70.188;0.000;25.4;
26/08/26 21:11;0.000;0.000;1.834;0.022;-0.025;1076.410;25.515;70.324;0.000;25.515;263.528;2.264;0.005;-0.038;1076.410;25.44;70.188;0.000;25.44;
26/08/26 21:12;0.000;0.000;2.972;-0.035;-0.028;1076.410;25.393;70.324;0.000;25.393;263.528;1.507;-0.024;0.046;1076.410;25.274;70.188;0.000;25.274;
26/08/26 21:13;0.000;0.000;2.419;-0.035;-0.025;1076.410;25.619;70.324;0.000;25.619;263.528;1.911;-0.029;0.03;1076.410;25.527;70.188;0.000;25.527;
26/08/26 21:14;0.000;0.000;2.57;0.008;-0.048;1076.410;25.569;70.324;0.000;25.569;263.528;2.866;-0.036;-0.01;1076.410;25.417;70.188;0.000;25.417;
26/08/26 21:15;0.000;0.000;2.562;0.027;0.037;1076.410;25.469;70.324;0.000;25.469;263.528;1.731;-0.039;-0.021;1076.410;25.401;70.188;0.000;25.401;
26/08/26 21:16;0.000;0.000;2.806;0.03;-0.042;1076.410;25.731;70.324;0.000;25.731;263.528;2.498;0.027;-0.02;1076.410;25.5;70.188;0.000;25.5;
26/08/26 21:17;0.000;0.000;2.756;0.013;0.009;1076.410;25.648;70.324;0.000;25.648;263.528;2.574;0.048;0.038;1076.410;25.467;70.188;0.000;25.467;
26/08/26 21:18;0.000;0.000;2.571;0.037;-0.038;1076.410;25.443;70.324;0.000;25.443;263.528;2.86;-0.038;0.046;1076.410;25.46;70.188;0.000;25.46;
26/08/26 21:19;0.000;0.000;2.828;-0.01;-0.013;1076.410;25.345;70.324;0.000;25.345;263.528;2.224;-0.044;0.032;1076.410;25.479;70.188;0.000;25.479;
26/08/26 21:20;0.000;0.000;2.763;0.024;-0.038;1076.410;25.496;70.324;0.000;25.496;263.528;1.669;0.037;-0.039;1076.410;25.572;70.188;0.000;25.572;
26/08/26 21:21;0.000;0.000;2.465;0.014;0.019;1076.410;25.558;70.324;0.000;25.558;263.528;1.715;-0.004;0.001;1076.410;25.386;70.188;0.000;25.386;
26/08/26 21:22;0.000;0.000;2.876;0.048;0.033;1076.410;25.529;70.324;0.000;25.529;263.528;3.083;0.049;-0.008;1076.410;25.493;70.188;0.000;25.493;
26/08/26 21:23;0.000;0.000;3.436;0.046;-0.049;1076.410;25.391;70.324;0.000;25.391;263.528;2.03;-0.034;0.016;1076.410;25.474;70.188;0.000;25.474;
26/08/26 21:24;0.000;0.000;2.664;-0.032;-0.041;1076.410;25.327;70.324;0.000;25.327;263.528;1.987;0.042;-0.049;1076.410;25.559;70.188;0.000;25.559;
26/08/26 21:25;0.000;0.000;1.906;0.041;-0.007;1076.410;25.392;70.324;0.000;25.392;263.528;1.455;-0.028;0.01;1076.410;25.378;70.188;0.000;25.378;
26/08/26 21:26;0.000;0.000;2.106;-0.002;-0.029;1076.410;25.436;70.324;0.000;25.436;263.528;1.458;-0.001;0.025;1076.410;25.374;70.188;0.000;25.374;
26/08/26 21:27;0.000;0.000;2.84;0.047;-0.009;1076.410;25.569;70.324;0.000;25.569;263.528;2.39;-0.041;-0.002;1076.410;25.056;70.188;0.000;25.056;
26/08/26 21:28;0.000;0.000;2.308;-0.041;-0.04;1076.410;25.594;70.324;0.000;25.594;263.528;2.912;0.025;-0.007;1076.410;25.461;70.188;0.000;25.461;
26/08/26 21:29;0.000;0.000;3.158;-0.01;0.029;1076.410;25.693;70.324;0.000;25.693;263.528;2.809;-0.004;0.018;1076.410;25.301;70.188;0.000;25.301;
26/08/26 21:30;0.000;0.000;2.936;0.016;-0.002;1076.410;25.616;70.324;0.000;25.616;263.528;2.075;-0.036;0.045;1076.410;25.269;70.188;0.000;25.269;
26/08/26 21:31;0.000;0.000;2.453;0.024;0.029;1076.410;25.52;70.324;0.000;25.52;263.528;1.567;0.05;0.04;1076.410;25.397;70.188;0.000;25.397;
26/08/26 21:32;0.000;0.000;3.317;0.011;0.008;1076.410;25.246;70.324;0.000;25.246;263.528;2.944;0.048;0.043;1076.410;25.295;70.188;0.000;25.295;
26/08/26 21:33;0.000;0.000;1.819;-0.0;0.021;1076.410;25.576;70.324;0.000;25.576;263.528;1.22;0.016;0.027;1076.410;25.455;70.188;0.000;25.455;
26/08/26 21:34;0.000;0.000;2.862;0.02;0.025;1076.410;25.433;70.324;0.000;25.433;263.528;2.034;-0.001;-0.045;1076.410;25.371;70.188;0.000;25.371;
26/08/26 21:35;0.000;0.000;2.252;0.012;-0.023;1076.410;25.491;70.324;0.000;25.491;263.528;2.814;-0.041;0.038;1076.410;25.381;70.188;0.000;25.381;
26/08/26 21:36;0.000;0.000;3.485;-0.048;-0.013;1076.410;25.52;70.324;0.000;25.52;263.528;1.629;-0.022;0.041;1076.410;25.525;70.188;0.000;25.525;
26/08/26 21:37;0.000;0.000;2.662;0.034;0.03;1076.410;25.571;70.324;0.000;25.571;263.528;2.004;-0.039;0.049;1076.410;25.362;70.188;0.000;25.362;
26/08/26 21:38;0.000;0.000;2.003;0.048;-0.014;1076.410;25.811;70.324;0.000;25.811;263.528;2.855;0.049;0.011;1076.410;25.219;70.188;0.000;25.219;
26/08/26 21:39;0.000;0.000;1.952;-0.038;-0.018;1076.410;25.554;70.324;0.000;25.554;263.528;3.01;-0.024;0.002;1076.410;25.434;70.188;0.000;25.434;
26/08/26 21:40;0.000;0.000;2.936;0.007;0.012;1076.410;25.39;70.324;0.000;25.39;263.528;1.934;0.022;0.008;1076.410;25.306;70.188;0.000;25.306;
26/08/26 21:41;0.000;0.000;2.771;-0.003;-0.025;1076.410;25.361;70.324;0.000;25.361;263.528;1.838;0.007;-0.022;1076.410;25.401;70.188;0.000;25.401;
26/08/26 21:42;0.000;0.000;2.251;-0.023;0.044;1076.410;25.477;70.324;0.000;25.477;263.528;2.476;0.038;-0.02;1076.410;25.446;70.188;0.000;25.446;
26/08/26 21:43;0.000;0.000;2.623;0.004;0.003;1076.410;25.502;70.324;0.000;25.502;263.528;2.103;-0.016;-0.014;1076.410;25.404;70.188;0.000;25.404;
26/08/26 21:44;0.000;0.000;2.038;-0.03;0.041;1076.410;25.498;70.324;0.000;25.498;263.528;2.049;0.043;-0.044;1076.410;25.361;70.188;0.000;25.361;
26/08/26 21:45;0.000;0.000;2.538;0.005;0.047;1076.410;25.538;70.324;0.000;25.538;263.528;2.567;0.015;-0.03;1076.410;25.451;70.188;0.000;25.451;
26/08/26 21:46;0.000;0.000;2.3;-0.017;-0.015;1076.410;25.727;70.324;0.000;25.727;263.528;1.308;-0.046;-0.031;1076.410;25.489;70.188;0.000;25.489;
26/08/26 21:47;0.000;0.000;2.384;-0.008;0.001;1076.410;25.665;70.324;0.000;25.665;263.528;2.389;-0.014;0.044;1076.410;25.281;70.188;0.000;25.281;
26/08/26 21:48;0.000;0.000;2.241;0.03;0.004;1076.410;25.516;70.324;0.000;25.516;263.528;2.99;-0.023;-0.02;1076.410;25.325;70.188;0.000;25.325;
26/08/26 21:49;0.000;0.000;2.305;0.039;-0.01;1076.410;25.447;70.324;0.000;25.447;263.528;3.005;-0.046;0.049;1076.410;25.271;70.188;0.000;25.271;
26/08/26 21:50;0.000;0.000;2.154;0.04;-0.026;1076.410;25.569;70.324;0.000;25.569;263.528;1.462;-0.048;0.036;1076.410;25.358;70.188;0.000;25.358;
26/08/26 21:51;0.000;0.000;2.083;-0.04;-0.018;1076.410;25.499;70.324;0.000;25.499;263.528;2.754;-0.043;0.03;1076.410;25.208;70.188;0.000;25.208;
26/08/26 21:52;0.000;0.000;3.477;0.001;0.009;1076.410;25.474;70.324;0.000;25.474;263.528;3.484;-0.027;0.027;1076.410;25.183;70.188;0.000;25.183;
26/08/26 21:53;0.000;0.000;2.436;-0.004;-0.038;1076.410;25.639;70.324;0.000;25.639;263.528;2.347;0.0;0.024;1076.410;25.397;70.188;0.000;25.397;
26/08/26 21:54;0.000;0.000;2.658;-0.03;-0.006;1076.410;25.533;70.324;0.000;25.533;263.528;2.817;-0.011;0.008;1076.410;25.453;70.188;0.000;25.453;
26/08/26 21:55;0.000;0.000;2.73;-0.049;0.047;1076.410;25.657;70.324;0.000;25.657;263.528;2.733;-0.049;-0.008;1076.410;25.323;70.188;0.000;25.323;
26/08/26 21:56;0.000;0.000;3.099;0.016;-0.034;1076.410;25.533;70.324;0.000;25.533;263.528;2.208;-0.02;-0.044;1076.410;25.497;70.188;0.000;25.497;
26/08/26 21:57;0.000;0.000;1.919;-0.008;-0.006;1076.410;25.635;70.324;0.000;25.635;263.528;2.237;0.013;0.009;1076.410;25.402;70.188;0.000;25.402;
26/08/26 21:58;0.000;0.000;2.034;0.002;0.044;1076.410;25.361;70.324;0.000;25.361;263.528;1.954;-0.01;0.038;1076.410;25.445;70.188;0.000;25.445;
26/08/26 21:59;0.000;0.000;2.517;-0.034;0.003;1076.410;25.376;70.324;0.000;25.376;263.528;1.719;0.004;0.015;1076.410;25.41;70.188;0.000;25.41;
26/08/26 22:00;0.000;0.000;1.823;0.009;0.026;1076.410;25.605;70.324;0.000;25.605;263.528;2.73;0.039;0.021;1076.410;25.263;70.188;0.000;25.263;
26/08/26 22:01;0.000;0.000;3.31;-0.008;-0.047;1076.410;25.468;70.324;0.000;25.468;263.528;1.982;0.042;-0.004;1076.410;25.255;70.188;0.000;25.255;
26/08/26 22:02;0.000;0.000;3.522;-0.022;0.003;1076.410;25.256;70.324;0.000;25.256;263.528;2.611;0.035;-0.018;1076.410;25.252;70.188;0.000;25.252;
26/08/26 22:03;0.000;0.000;2.259;0.045;-0.027;1076.410;25.395;70.324;0.000;25.395;263.528;1.708;-0.008;0.023;1076.410;25.376;70.188;0.000;25.376;
26/08/26 22:04;0.000;0.000;2.751;-0.045;0.03;1076.410;25.595;70.324;0.000;25.595;263.528;1.88;0.046;-0.028;1076.410;25.365;70.188;0.000;25.365;
26/08/26 22:05;0.000;0.000;2.366;-0.003;-0.022;1076.410;25.346;70.324;0.000;25.346;263.528;2.831;0.049;0.008;1076.410;25.383;70.188;0.000;25.383;
26/08/26 22:06;0.000;0.000;1.885;0.023;-0.045;1076.410;25.543;70.324;0.000;25.543;263.528;2.642;0.036;-0.022;1076.410;25.467;70.188;0.000;25.467;
26/08/26 22:07;0.000;0.000;1.833;-0.047;0.007;1076.410;25.634;70.324;0.000;25.634;263.528;1.843;0.012;0.046;1076.410;25.333;70.188;0.000;25.333;
26/08/26 22:08;0.000;0.000;2.114;-0.038;0.043;1076.410;25.506;70.324;0.000;25.506;263.528;2.064;-0.049;-0.022;1076.410;25.53;70.188;0.000;25.53;
26/08/26 22:09;0.000;0.000;3.069;0.038;0.036;1076.410;25.574;70.324;0.000;25.574;263.528;2.9;0.013;-0.036;1076.410;25.48;70.188;0.000;25.48;
26/08/26 22:10;0.000;0.000;2.306;-0.047;0.033;1076.410;25.464;70.324;0.000;25.464;263.528;2.302;-0.015;0.031;1076.410;25.237;70.188;0.000;25.237;
26/08/26 22:11;0.000;0.000;2.481;0.049;0.006;1076.410;25.428;70.324;0.000;25.428;263.528;2.602;0.016;0.009;1076.410;25.405;70.188;0.000;25.405;
26/08/26 22:12;0.000;0.000;3.441;-0.014;-0.048;1076.410;25.464;70.324;0.000;25.464;263.528;2.496;-0.04;0.032;1076.410;25.193;70.188;0.000;25.193;
26/08/26 22:13;0.000;0.000;3.491;-0.037;0.027;1076.410;25.368;70.324;0.000;25.368;263.528;2.183;0.035;0.026;1076.410;25.366;70.188;0.000;25.366;
26/08/26 22:14;0.000;0.000;3.377;-0.014;-0.032;1076.410;25.421;70.324;0.000;25.421;263.528;2.49;0.009;0.002;1076.410;25.391;70.188;0.000;25.391;
26/08/26 22:15;0.000;0.000;3.282;-0.005;-0.0;1076.410;25.407;70.324;0.000;25.407;263.528;3.037;0.01;0.013;1076.410;25.349;70.188;0.000;25.349;
26/08/26 22:16;0.000;0.000;2.544;-0.028;0.045;1076.410;25.47;70.324;0.000;25.47;263.528;2.913;-0.013;0.037;1076.410;25.476;70.188;0.000;25.476;
26/08/26 22:17;0.000;0.000;2.365;-0.022;-0.043;1076.410;25.508;70.324;0.000;25.508;263.528;2.647;-0.026;0.02;1076.410;25.319;70.188;0.000;25.319;
26/08/26 22:18;0.000;0.000;3.654;-0.016;-0.028;1076.410;25.554;70.324;0.000;25.554;263.528;2.602;0.043;-0.025;1076.410;25.291;70.188;0.000;25.291;
26/08/26 22:19;0.000;0.000;2.759;0.005;-0.039;1076.410;25.564;70.324;0.000;25.564;263.528;2.421;-0.005;0.044;1076.410;25.211;70.188;0.000;25.211;
26/08/26 22:20;0.000;0.000;2.142;-0.036;-0.047;1076.410;25.343;70.324;0.000;25.343;263.528;2.0;0.025;0.047;1076.410;25.419;70.188;0.000;25.419;
26/08/26 22:21;0.000;0.000;2.628;0.015;0.043;1076.410;25.489;70.324;0.000;25.489;263.528;2.786;0.036;-0.025;1076.410;25.43;70.188;0.000;25.43;
26/08/26 22:22;0.000;0.000;2.377;0.008;0.013;1076.410;25.505;70.324;0.000;25.505;263.528;2.048;0.023;0.035;1076.410;25.339;70.188;0.000;25.339;
26/08/26 22:23;0.000;0.000;2.85;0.016;0.04;1076.410;25.558;70.324;0.000;25.558;263.528;2.537;-0.019;-0.017;1076.410;25.385;70.188;0.000;25.385;
26/08/26 22:24;0.000;0.000;2.669;-0.035;-0.019;1076.410;25.383;70.324;0.000;25.383;263.528;2.409;0.041;-0.05;1076.410;25.16;70.188;0.000;25.16;
26/08/26 22:25;0.000;0.000;2.246;-0.029;0.035;1076.410;25.49;70.324;0.000;25.49;263.528;3.672;0.046;-0.022;1076.410;25.5;70.188;0.000;25.5;
26/08/26 22:26;0.000;0.000;2.719;-0.007;0.007;1076.410;25.559;70.324;0.000;25.559;263.528;2.692;-0.003;0.017;1076.410;25.528;70.188;0.000;25.528;
26/08/26 22:27;0.000;0.000;1.668;0.025;-0.004;1076.410;25.581;70.324;0.000;25.581;263.528;2.999;-0.014;0.026;1076.410;25.458;70.188;0.000;25.458;
26/08/26 22:28;0.000;0.000;3.229;-0.047;0.009;1076.410;25.487;70.324;0.000;25.487;263.528;2.164;0.028;0.027;1076.410;25.539;70.188;0.000;25.539;
26/08/26 22:29;0.000;0.000;2.116;0.026;-0.023;1076.410;25.573;70.324;0.000;25.573;263.528;3.177;-0.019;0.017;1076.410;25.51;70.188;0.000;25.51;
26/08/26 22:30;0.000;0.000;2.962;0.037;-0.018;1076.410;25.54;70.324;0.000;25.54;263.528;2.539;0.029;0.038;1076.410;25.447;70.188;0.000;25.447;
26/08/26 22:31;0.000;0.000;2.988;0.011;0.042;1076.410;25.414;70.324;0.000;25.414;263.528;1.433;0.029;-0.021;1076.410;25.308;70.188;0.000;25.308;
26/08/26 22:32;0.000;0.000;2.12;-0.015;0.007;1076.410;25.404;70.324;0.000;25.404;263.528;2.624;-0.034;0.042;1076.410;25.563;70.188;0.000;25.563;
26/08/26 22:33;0.000;0.000;3.658;-0.019;0.016;1076.410;25.602;70.324;0.000;25.602;263.528;2.565;0.026;-0.012;1076.410;25.437;70.188;0.000;25.437;
26/08/26 22:34;0.000;0.000;1.992;0.017;0.019;1076.410;25.679;70.324;0.000;25.679;263.528;1.811;-0.049;0.014;1076.410;25.39;70.188;0.000;25.39;
26/08/26 22:35;0.000;0.000;2.451;-0.014;-0.047;1076.410;25.518;70.324;0.000;25.518;263.528;2.267;-0.036;-0.031;1076.410;25.466;70.188;0.000;25.466;
26/08/26 22:36;0.000;0.000;2.035;-0.004;-0.049;1076.410;25.7;70.324;0.000;25.7;263.528;1.341;0.019;0.042;1076.410;25.502;70.188;0.000;25.502;
26/08/26 22:37;0.000;0.000;2.746;-0.045;-0.011;1076.410;25.597;70.324;0.000;25.597;263.528;2.664;0.027;-0.047;1076.410;25.259;70.188;0.000;25.259;
26/08/26 22:38;0.000;0.000;2.405;0.023;-0.006;1076.410;25.343;70.324;0.000;25.343;263.528;2.781;0.036;0.003;1076.410;25.52;70.188;0.000;25.52;
26/08/26 22:39;0.000;0.000;3.153;-0.049;0.023;1076.410;25.55;70.324;0.000;25.55;263.528;1.803;-0.044;0.009;1076.410;25.489;70.188;0.000;25.489;
26/08/26 22:40;0.000;0.000;2.253;-0.023;-0.002;1076.410;25.554;70.324;0.000;25.554;263.528;2.311;-0.035;-0.042;1076.410;25.448;70.188;0.000;25.448;
26/08/26 22:41;0.000;0.000;2.675;-0.009;0.006;1076.410;25.611;70.324;0.000;25.611;263.528;2.197;-0.013;0.002;1076.410;25.304;70.188;0.000;25.304;
26/08/26 22:42;0.000;0.000;1.597;-0.023;0.042;1076.410;25.503;70.324;0.000;25.503;263.528;3.06;0.005;0.002;1076.410;25.323;70.188;0.000;25.323;
26/08/26 22:43;0.000;0.000;3.287;0.005;0.048;1076.410;25.298;70.324;0.000;25.298;263.528;2.773;0.019;0.027;1076.410;25.445;70.188;0.000;25.445;
26/08/26 22:44;0.000;0.000;1.891;-0.018;-0.041;1076.410;25.346;70.324;0.000;25.346;263.528;1.741;0.029;0.004;1076.410;25.313;70.188;0.000;25.313;
26/08/26 22:45;0.000;0.000;2.08;0.031;0.035;1076.410;25.33;70.324;0.000;25.33;263.528;1.845;0.037;0.014;1076.410;25.452;70.188;0.000;25.452;
26/08/26 22:46;0.000;0.000;2.189;-0.016;0.019;1076.410;25.419;70.324;0.000;25.419;263.528;1.569;-0.017;-0.039;1076.410;25.321;70.188;0.000;25.321;
26/08/26 22:47;0.000;0.000;2.43;-0.026;0.004;1076.410;25.478;70.324;0.000;25.478;263.528;2.379;-0.007;0.03;1076.410;25.336;70.188;0.000;25.336;
26/08/26 22:48;0.000;0.000;1.981;-0.013;-0.048;1076.410;25.396;70.324;0.000;25.396;263.528;2.784;-0.031;0.049;1076.410;25.409;70.188;0.000;25.409;
26/08/26 22:49;0.000;0.000;3.484;0.027;-0.05;1076.410;25.615;70.324;0.000;25.615;263.528;2.417;0.028;0.024;1076.410;25.541;70.188;0.000;25.541;
26/08/26 22:50;0.000;0.000;3.317;-0.035;0.048;1076.410;25.678;70.324;0.000;25.678;263.528;2.005;-0.018;0.036;1076.410;25.432;70.188;0.000;25.432;
26/08/26 22:51;0.000;0.000;2.579;-0.049;0.041;1076.410;25.404;70.324;0.000;25.404;263.528;2.811;-0.011;0.044;1076.410;25.483;70.188;0.000;25.483;
26/08/26 22:52;0.000;0.000;2.598;-0.023;-0.025;1076.410;25.492;70.324;0.000;25.492;263.528;1.861;-0.039;-0.009;1076.410;25.439;70.188;0.000;25.439;
26/08/26 22:53;0.000;0.000;2.288;0.003;-0.041;1076.410;25.548;70.324;0.000;25.548;263.528;1.797;0.033;0.042;1076.410;25.474;70.188;0.000;25.474;
26/08/26 22:54;0.000;0.000;2.431;-0.034;0.013;1076.410;25.647;70.324;0.000;25.647;263.528;2.752;0.026;-0.015;1076.410;25.522;70.188;0.000;25.522;
26/08/26 22:55;0.000;0.000;3.004;0.045;0.048;1076.410;25.564;70.324;0.000;25.564;263.528;1.714;-0.019;-0.042;1076.410;25.358;70.188;0.000;25.358;
26/08/26 22:56;0.000;0.000;2.63;0.017;0.016;1076.410;25.534;70.324;0.000;25.534;263.528;1.754;-0.044;0.039;1076.410;25.384;70.188;0.000;25.384;
26/08/26 22:57;0.000;0.000;2.204;0.023;0.011;1076.410;25.624;70.324;0.000;25.624;263.528;2.014;0.007;0.048;1076.410;25.287;70.188;0.000;25.287;
26/08/26 22:58;0.000;0.000;2.508;0.036;-0.028;1076.410;25.596;70.324;0.000;25.596;263.528;2.376;0.008;-0.047;1076.410;25.505;70.188;0.000;25.505;
26/08/26 22:59;0.000;0.000;2.926;0.006;0.039;1076.410;25.572;70.324;0.000;25.572;263.528;2.904;0.009;-0.01;1076.410;25.479;70.188;0.000;25.479;
26/08/26 23:00;0.000;0.000;2.274;-0.025;0.004;1076.410;25.482;70.324;0.000;25.482;263.528;2.519;0.033;-0.035;1076.410;25.412;70.188;0.000;25.412;
26/08/26 23:01;0.000;0.000;2.175;0.028;-0.01;1076.410;25.575;70.324;0.000;25.575;263.528;2.621;0.02;0.034;1076.410;25.355;70.188;0.000;25.355;
26/08/26 23:02;0.000;0.000;2.254;0.04;0.019;1076.410;25.492;70.324;0.000;25.492;263.528;2.388;-0.031;-0.042;1076.410;25.483;70.188;0.000;25.483;
26/08/26 23:03;0.000;0.000;2.968;0.02;0.041;1076.410;25.442;70.324;0.000;25.442;263.528;2.668;0.004;-0.02;1076.410;25.451;70.188;0.000;25.451;
26/08/26 23:04;0.000;0.000;2.819;-0.014;0.004;1076.410;25.388;70.324;0.000;25.388;263.528;3.028;0.022;-0.042;1076.410;25.36;70.188;0.000;25.36;
26/08/26 23:05;0.000;0.000;2.235;0.046;0.046;1076.410;25.683;70.324;0.000;25.683;263.528;1.638;0.049;-0.03;1076.410;25.392;70.188;0.000;25.392;
26/08/26 23:06;0.000;0.000;3.192;0.033;-0.005;1076.410;25.503;70.324;0.000;25.503;263.528;1.505;-0.018;0.006;1076.410;25.294;70.188;0.000;25.294;
26/08/26 23:07;0.000;0.000;2.641;0.048;-0.006;1076.410;25.453;70.324;0.000;25.453;263.528;2.38;0.047;0.039;1076.410;25.336;70.188;0.000;25.336;
26/08/26 23:08;0.000;0.000;2.913;-0.028;-0.047;1076.410;25.451;70.324;0.000;25.451;263.528;2.119;-0.048;0.001;1076.410;25.471;70.188;0.000;25.471;
26/08/26 23:09;0.000;0.000;3.17;-0.027;-0.007;1076.410;25.396;70.324;0.000;25.396;263.528;2.273;0.022;0.021;1076.410;25.528;70.188;0.000;25.528;
26/08/26 23:10;0.000;0.000;1.808;-0.004;0.047;1076.410;25.448;70.324;0.000;25.448;263.528;2.755;0.019;0.032;1076.410;25.397;70.188;0.000;25.397;
26/08/26 23:11;0.000;0.000;2.854;-0.041;-0.022;1076.410;25.568;70.324;0.000;25.568;263.528;1.307;0.048;-0.035;1076.410;25.25;70.188;0.000;25.25;
26/08/26 23:12;0.000;0.000;2.333;-0.047;-0.034;1076.410;25.328;70.324;0.000;25.328;263.528;2.535;-0.039;-0.016;1076.410;25.26;70.188;0.000;25.26;
26/08/26 23:13;0.000;0.000;1.174;0.042;-0.021;1076.410;25.453;70.324;0.000;25.453;263.528;2.026;-0.038;-0.035;1076.410;25.362;70.188;0.000;25.362;
26/08/26 23:14;0.000;0.000;2.064;-0.037;0.011;1076.410;25.641;70.324;0.000;25.641;263.528;1.653;0.043;0.043;1076.410;25.279;70.188;0.000;25.279;
26/08/26 23:15;0.000;0.000;2.076;-0.049;0.034;1076.410;25.514;70.324;0.000;25.514;263.528;1.732;0.004;0.032;1076.410;25.294;70.188;0.000;25.294;
26/08/26 23:16;0.000;0.000;2.763;0.038;0.014;1076.410;25.66;70.324;0.000;25.66;263.528;2.544;-0.003;-0.037;1076.410;25.372;70.188;0.000;25.372;
26/08/26 23:17;0.000;0.000;2.691;0.032;0.05;1076.410;25.625;70.324;0.000;25.625;263.528;3.146;-0.012;0.036;1076.410;25.424;70.188;0.000;25.424;
26/08/26 23:18;0.000;0.000;2.563;-0.008;-0.014;1076.410;25.268;70.324;0.000;25.268;263.528;3.229;-0.042;-0.044;1076.410;25.379;70.188;0.000;25.379;
26/08/26 23:19;0.000;0.000;3.153;0.045;-0.013;1076.410;25.501;70.324;0.000;25.501;263.528;3.358;0.036;0.003;1076.410;25.405;70.188;0.000;25.405;
26/08/26 23:20;0.000;0.000;3.089;-0.04;-0.027;1076.410;25.7;70.324;0.000;25.7;263.528;1.992;0.036;-0.007;1076.410;25.446;70.188;0.000;25.446;
26/08/26 23:21;0.000;0.000;2.586;-0.047;0.05;1076.410;25.564;70.324;0.000;25.564;263.528;1.912;0.033;-0.016;1076.410;25.224;70.188;0.000;25.224;
26/08/26 23:22;0.000;0.000;2.295;-0.016;-0.0;1076.410;25.501;70.324;0.000;25.501;263.528;2.73;0.038;-0.015;1076.410;25.315;70.188;0.000;25.315;
26/08/26 23:23;0.000;0.000;3.285;-0.019;-0.047;1076.410;25.482;70.324;0.000;25.482;263.528;2.556;0.021;0.039;1076.410;25.397;70.188;0.000;25.397;
26/08/26 23:24;0.000;0.000;3.02;0.003;0.027;1076.410;25.494;70.324;0.000;25.494;263.528;2.188;-0.027;0.031;1076.410;25.488;70.188;0.000;25.488;
26/08/26 23:25;0.000;0.000;2.127;0.017;0.029;1076.410;25.346;70.324;0.000;25.346;263.528;2.473;0.016;0.004;1076.410;25.5;70.188;0.000;25.5;
26/08/26 23:26;0.000;0.000;1.87;-0.027;0.039;1076.410;25.689;70.324;0.000;25.689;263.528;2.168;-0.032;0.031;1076.410;25.121;70.188;0.000;25.121;
26/08/26 23:27;0.000;0.000;3.057;-0.029;-0.002;1076.410;25.644;70.324;0.000;25.644;263.528;2.451;0.011;0.038;1076.410;25.421;70.188;0.000;25.421;
26/08/26 23:28;0.000;0.000;2.203;-0.031;-0.014;1076.410;25.632;70.324;0.000;25.632;263.528;2.927;0.01;0.022;1076.410;25.399;70.188;0.000;25.399;
26/08/26 23:29;0.000;0.000;2.274;-0.027;0.034;1076.410;25.642;70.324;0.000;25.642;263.528;2.493;0.029;0.021;1076.410;25.534;70.188;0.000;25.534;
26/08/26 23:30;0.000;0.000;2.315;0.038;-0.01;1076.410;25.539;70.324;0.000;25.539;263.528;1.176;-0.038;0.017;1076.410;25.399;70.188;0.000;25.399;
26/08/26 23:31;0.000;0.000;2.151;-0.047;0.009;1076.410;25.516;70.324;0.000;25.516;263.528;1.599;0.046;0.013;1076.410;25.271;70.188;0.000;25.271;
26/08/26 23:32;0.000;0.000;3.048;0.046;0.001;1076.410;25.463;70.324;0.000;25.463;263.528;2.411;-0.035;-0.017;1076.410;25.45;70.188;0.000;25.45;
26/08/26 23:33;0.000;0.000;2.435;0.005;-0.005;1076.410;25.51;70.324;0.000;25.51;263.528;2.975;0.009;-0.021;1076.410;25.297;70.188;0.000;25.297;
26/08/26 23:34;0.000;0.000;2.802;0.008;-0.035;1076.410;25.548;70.324;0.000;25.548;263.528;2.306;0.009;-0.011;1076.410;25.254;70.188;0.000;25.254;
26/08/26 23:35;0.000;0.000;2.624;0.001;-0.002;1076.410;25.662;70.324;0.000;25.662;263.528;2.582;0.003;0.018;1076.410;25.411;70.188;0.000;25.411;
26/08/26 23:36;0.000;0.000;2.06;-0.016;-0.031;1076.410;25.526;70.324;0.000;25.526;263.528;3.293;0.025;0.009;1076.410;25.227;70.188;0.000;25.227;
26/08/26 23:37;0.000;0.000;2.892;-0.043;-0.019;1076.410;25.571;70.324;0.000;25.571;263.528;2.733;-0.015;-0.046;1076.410;25.339;70.188;0.000;25.339;
26/08/26 23:38;0.000;0.000;1.465;-0.04;0.045;1076.410;25.339;70.324;0.000;25.339;263.528;2.544;-0.043;0.02;1076.410;25.421;70.188;0.000;25.421;
26/08/26 23:39;0.000;0.000;3.272;0.039;-0.01;1076.410;25.588;70.324;0.000;25.588;263.528;2.319;0.032;0.024;1076.410;25.463;70.188;0.000;25.463;
26/08/26 23:40;0.000;0.000;2.744;-0.008;0.041;1076.410;25.477;70.324;0.000;25.477;263.528;1.675;0.012;0.013;1076.410;25.321;70.188;0.000;25.321;
26/08/26 23:41;0.000;0.000;2.13;-0.015;-0.048;1076.410;25.512;70.324;0.000;25.512;263.528;2.108;-0.045;0.027;1076.410;25.506;70.188;0.000;25.506;
26/08/26 23:42;0.000;0.000;2.505;0.002;-0.026;1076.410;25.385;70.324;0.000;25.385;263.528;2.67;0.019;0.028;1076.410;25.336;70.188;0.000;25.336;
26/08/26 23:43;0.000;0.000;2.6;0.016;-0.044;1076.410;25.552;70.324;0.000;25.552;263.528;2.668;0.024;-0.046;1076.410;25.251;70.188;0.000;25.251;
26/08/26 23:44;0.000;0.000;1.797;-0.006;-0.036;1076.410;25.34;70.324;0.000;25.34;263.528;2.757;0.013;-0.04;1076.410;25.235;70.188;0.000;25.235;
26/08/26 23:45;0.000;0.000;2.55;-0.009;0.029;1076.410;25.476;70.324;0.000;25.476;263.528;2.235;0.012;0.05;1076.410;25.282;70.188;0.000;25.282;
26/08/26 23:46;0.000;0.000;2.151;-0.035;0.028;1076.410;25.645;70.324;0.000;25.645;263.528;2.09;-0.021;0.006;1076.410;25.284;70.188;0.000;25.284;
26/08/26 23:47;0.000;0.000;3.24;-0.041;0.018;1076.410;25.547;70.324;0.000;25.547;263.528;2.836;-0.05;-0.04;1076.410;25.558;70.188;0.000;25.558;
26/08/26 23:48;0.000;0.000;2.504;0.042;0.034;1076.410;25.695;70.324;0.000;25.695;263.528;2.586;-0.033;0.001;1076.410;25.387;70.188;0.000;25.387;
26/08/26 23:49;0.000;0.000;2.811;-0.028;0.026;1076.410;25.395;70.324;0.000;25.395;263.528;3.018;-0.017;-0.044;1076.410;25.48;70.188;0.000;25.48;
26/08/26 23:50;0.000;0.000;1.881;0.006;0.039;1076.410;25.46;70.324;0.000;25.46;263.528;2.577;0.034;-0.046;1076.410;25.349;70.188;0.000;25.349;
26/08/26 23:51;0.000;0.000;2.795;0.05;0.04;1076.410;25.509;70.324;0.000;25.509;263.528;2.917;0.041;0.018;1076.410;25.412;70.188;0.000;25.412;
26/08/26 23:52;0.000;0.000;2.459;0.047;0.048;1076.410;25.557;70.324;0.000;25.557;263.528;1.768;0.022;-0.05;1076.410;25.582;70.188;0.000;25.582;
26/08/26 23:53;0.000;0.000;1.795;-0.022;-0.027;1076.410;25.365;70.324;0.000;25.365;263.528;2.477;0.035;0.003;1076.410;25.355;70.188;0.000;25.355;
26/08/26 23:54;0.000;0.000;2.837;0.016;0.044;1076.410;25.669;70.324;0.000;25.669;263.528;2.336;-0.041;-0.006;1076.410;25.393;70.188;0.000;25.393;
26/08/26 23:55;0.000;0.000;2.57;0.026;-0.011;1076.410;25.48;70.324;0.000;25.48;263.528;0.925;0.024;0.015;1076.410;25.548;70.188;0.000;25.548;
26/08/26 23:56;0.000;0.000;2.319;-0.004;0.002;1076.410;25.454;70.324;0.000;25.454;263.528;2.708;0.048;-0.026;1076.410;25.354;70.188;0.000;25.354;
26/08/26 23:57;0.000;0.000;3.744;0.038;-0.039;1076.410;25.547;70.324;0.000;25.547;263.528;3.006;0.022;-0.035;1076.410;25.302;70.188;0.000;25.302;
26/08/26 23:58;0.000;0.000;2.635;0.002;-0.039;1076.410;25.412;70.324;0.000;25.412;263.528;2.488;0.026;0.041;1076.410;25.553;70.188;0.000;25.553;
26/08/26 23:59;0.000;0.000;3.306;0.033;0.03;1076.410;25.468;70.324;0.000;25.468;263.528;2.42;-0.011;0.033;1076.410;25.272;70.188;0.000;25.272;